,Priority,Clone,2012-2019 Total,Process,Status 062722,Year completed,R-mAb gBlocks,GA number,Isotype switch to IgG2b status,BG note
,1,K28/43,2618,Andrews method,At Addgene 6/12/19,NA,NA,139,Priority 1,
,2,N106/36,1352,Genscript,"Passed seq check, transfected, pending validation (no need to pursue as GA132 succeeded)",,Set 3,132,,
,2,N106/36 (VL1),,Neuromabseq inhouse cloning,"TC Supes collected, pending validation (no need to pursue as GA132 succeeded)",,Set 6,132,,
,2,N106/36 (VL2),,Neuromabseq inhouse cloning,"Passed validation IHC 6/26/22, shipped to Addgene 8/11/22",3,Set 6,211,Priority 2,
,3,N241A/34,1329,Neuromabseq inhouse cloning,"Passed validation COS-IF 6/25/21, shipped to Addgene 9/27/21",2,Set 3,133,Priority 3,
,4,N295B/66,775,Andrews method,At Addgene 2/7/20,NA,NA,,Priority 4,
,5,N86/8,637,Neuromabseq inhouse cloning,"Passed validation COS-IF 06/18/21, shipped to Addgene 9/27/21",2,Set 1,1,Priority 5,
,6,L21/32,627,Neuromabseq inhouse cloning,"Passed validation IB 2/26/21, shipped to Addgene 9/27/21",2,Set 1,5,Priority 6,
,7,N86/38,578,Andrews method,At Addgene 7/20/18,NA,NA,,Priority 7,
,8,L6/60,519,Neuromabseq inhouse cloning,"Passed validation IB 3/26/21, shipped to Addgene 9/27/21",2,Set 1,2,Priority 8,
,9,K14/16,481,Andrews method,At Addgene 6/12/19,NA,NA,,,
,10,K89/34,479,Andrews method,At Addgene 6/12/19,NA,NA,,have as IgG2b,
,11,N308/48,465,Neuromabseq inhouse cloning,"Passed validation IB 2/26/21, shipped to Addgene 9/27/21",2,Set 1,6,Priority 9,
,12,N59/20,452,Neuromabseq inhouse cloning,"Passed validation IB 6/4/21, shipped to Addgene 9/27/21, reshipped 6/27/22",2,Set 1,7,Priority 10,
,13,N133/21,449,Andrews method,At Addgene 7/20/18,NA,NA,,Priority 11,
,14,K65/35,442,Neuromabseq inhouse cloning,"Passed validation IB 4/9/21, shipped to Addgene 9/27/21",2,Trial ,Trial 2,Priority 12,
,15,N59/36,436,Andrews method,At Addgene 7/20/18,NA,NA,,mAb is IgG2b,
,16,N112B/14,418,Neuromabseq inhouse cloning,"Passed validation COS-IF 6/19/21, shipped to Addgene 9/27/21",2,Set 2,30,Priority 13,
,17,N68/6,416,Neuromabseq inhouse cloning,"Passed validation HEK-IF 6/23/21, shipped to Addgene 9/27/21",2,Set 1,3,Priority 14,
,18,N28/9,393,Andrews method,At Addgene 6/12/19,NA,NA,,Priority 15,
,19,A12/18,381,Neuromabseq inhouse cloning,"Passed validation, shipped to Addgene 9/27/21",2,Set 1,8,Priority 16,
,20,N355/1,380,Andrews method,At Addgene 7/20/18,NA,NA,,,
,21,K57/1,376,Andrews method,At Addgene 6/12/19,NA,NA,,,
,22,N95/35,347,Neuromabseq inhouse cloning,"Passed validation IB 3/26/21, shipped to Addgene 9/27/21",2,Set 1,15,,
,23,N327/95,331,Neuromabseq inhouse cloning,"Passed validation, shipped to Addgene 9/27/21",2,Trial ,Trial 1,,
,24,N206A/8,330,Neuromabseq inhouse cloning,"Passed validation IB 3/23/21, shipped to Addgene 9/27/21",2,Set 1,10,,
investigate,25,K87A/10,314,Andrews method,"DNA found, passed sequencing check, pending validation",,,in progress as GA225,,
,25,K87A/10,,Neuromabseq inhouse cloning,"TC Supes collected 07-Mar-22, pending validation",,Set 6,225,,
,26,K36/15,297,Andrews method,At Addgene 6/12/19,NA,NA,,,
,27,K74/71,293,Andrews method,At Addgene 6/12/19,NA,NA,,,
,28,N70/28,292,Andrews method,At Addgene 7/20/18,NA,NA,,,
,29,N1/12,247,Neuromabseq inhouse cloning,"Passed validation IB 4/15/21, shipped to Addgene 9/27/21",2,Set 1,21,,
,30,N16B/8,242,Andrews method,At Addgene 7/20/18,NA,NA,,,
investigate,31,N103/39,232,Neuromabseq inhouse cloning,"Passed seq check, transfected, pending validation",,Set 1,28,,
,32,N97A/31,225,Andrews method,At Addgene 7/20/18,NA,NA,,,
investigate,33,K69/3,223,Andrews method,"DNA found, passed sequencing check, pending validation",,,GA224 failed,,
investigate,33,K69/3,,Neuromabseq inhouse cloning,"TC Supes collected 23-Feb-22, pending testing (negative via IB 4/20/22)",,Set 6,224,,
,34,L57/46,222,Neuromabseq inhouse cloning,"Passed validation COS-IF 4/17/21, shipped to Addgene 9/27/21",2,Set 1,23,,
investigate,35,N106/65,218,Andrews method,"DNA found, passed sequencing check, pending validation",,,in progress as GA212,,
investigate,35,N106/65,218,Neuromabseq inhouse cloning,"TC Supes collected 23-Feb-22, pending validation",,Set 6,212,,
,36,N134/12,211,Andrews method,,,,passed as GA226,,
,36,N134/12,211,Neuromabseq inhouse cloning,"Passed validation COS-IF 4/7/22, shipped to Addgene 6/27/22",3,Set 6,226,,
,37,N23B/49,204,Andrews method,At Addgene 6/12/19,NA,NA,,,
investigate,38,N103/31 VL2,,Neuromabseq inhouse cloning,"TC Supes collected, pending validation",,Set 6,210,,
investigate,38,N103/31 VL2,,Neuromabseq inhouse cloning,"TC Supes collected, pending validation",,Set 6,251,,
,39,N114/10,197,Andrews method,At Addgene 7/20/18,NA,NA,,,
,40,8G10,196,Neuromabseq inhouse cloning,"Passed validation COS-IF 6/28/22, shipped to Addgene 8/11/22",3,Set 6,223,,
,41,K75/41,193,Andrews method,At Addgene 6/12/19,NA,NA,,,
,42,K28/86,186,Neuromabseq inhouse cloning,"Passed validation IB 3/26/21, shipped to Addgene 9/27/21",2,Set 1,12,,
,43,K55/7,183,Andrews method,"DNA found, passed sequencing check, pending validation (no need to pursue as GA266 succeeded)",,,passed as GA266,,
,43,K55/7 VL1,,Neuromabseq inhouse cloning,"Passed validation IB 3/18/22, shipped to Addgene 6/27/22",3,Set 6,266,,
,44,N221/17,182,Neuromabseq inhouse cloning,"Passed validation IB 4/9/21, shipped to Addgene 9/27/21",2,Set 1,14,,
,45,N377/20,177,Neuromabseq inhouse cloning,"Passed validation IB 5/28/21, shipped to Addgene 9/27/21",2,Set 1,25,,
,46,K20/78,175,Andrews method,At Addgene 6/12/19,NA,NA,,,
,47,K67/25,175,Neuromabseq inhouse cloning,"Passed validation IB 3/26/21, shipped to Addgene 9/27/21",2,Set 1,11,,
,48,N71/37,172,Neuromabseq inhouse cloning,"Passed validation IB 3/26/21, shipped to Addgene 9/27/21",2,Set 1,9,,
,49,N367/62,169,Neuromabseq inhouse cloning,"Passed validation IB 4/9/21, shipped to Addgene 9/27/21",2,Set 1,20,,
,50,N19/2,167,Neuromabseq inhouse cloning,"Passed validation IB 6/4/21, shipped to Addgene 9/27/21",2,Set 3,134,,
,51,N3/26,157,Andrews method,At Addgene 2/7/20,NA,NA,,,
,52,N170A/1,154,Andrews method,At Addgene 7/20/18,NA,NA,,,
,53,K64/15,153,Andrews method,At Addgene 6/12/19,NA,NA,,,
,54,N29/29,152,Andrews method,At Addgene 7/20/18,NA,NA,,,
,55,N144/14,148,Neuromabseq inhouse cloning,"Passed validation ELISA, shipped to Addgene 9/27/21",2,Set 1,4,,
,56,N87/25,147,Neuromabseq inhouse cloning,"Passed validation IB 3/26/21, shipped to Addgene 9/27/21",2,"Set 1, 2",18,31,
,57,L20/8,146,Andrews method,At Addgene 6/12/19,NA,NA,,,
,58,L23/27,145,Neuromabseq inhouse cloning,"Passed validation IB 6/4/21, shipped to Addgene 9/27/21",2,Set 2,32,,
,59,N74/25,145,Neuromabseq inhouse cloning,"Passed validation COS-IF 6/25/21, shipped to Addgene 9/27/21",2,Set 2,33,,
,60,N138/6,144,Neuromabseq inhouse cloning,"Passed validation IB 11/5/21, shipped to Addgene 1/27/2022",3,Set 2,34,,
,61,N18/30,136,Neuromabseq inhouse cloning,"Passed validation IB 4/27/21, shipped to Addgene 9/27/21",2,Set 2,35,,
,62,K60/73,134,Neuromabseq inhouse cloning,"Passed validation IB 6/25/21, shipped to Addgene 9/27/21",2,Set 2,163,,
,63,N263/31,134,Neuromabseq inhouse cloning,"Passed validation IB 4/15/21, shipped to Addgene 9/27/21",2,Set 1,19,,
,64,K28/74,132,Neuromabseq inhouse cloning,"Passed validation IB 4/9/21, shipped to Addgene 9/27/21",2,Set 1,26,,
,65,N106/20,131,Neuromabseq inhouse cloning,"Passed validation IB 4/9/21, shipped to Addgene 9/27/21",2,Set 1,27,,
,66,N22/21,131,Neuromabseq inhouse cloning,"Passed validation IB 5/11/21, shipped to Addgene 9/27/21",2,Set 2,36,,
,67,N26A/23,126,Neuromabseq inhouse cloning,"Passed validation IB 4/9/21, shipped to Addgene 9/27/21",2,"Set 1, 2",24,,
,68,N67/15,126,Neuromabseq inhouse cloning,"Passed validation IB 11/19/21, shipped to Addgene 01/27/2022",3,Set 2,37,,
,69,K56A/50,110,Neuromabseq inhouse cloning,"Passed validation IB 5/21/21, shipped to Addgene 9/27/21",2,Set 3,135,,
,70,L24/18,110,Neuromabseq inhouse cloning,"Passed validation IB 4/9/21, shipped to Addgene 1/27/22",2,Set 1,29,,
,71,N69/46,110,Andrews method,At Addgene 2/7/20,NA,NA,,,
,72,L11A/41,108,Andrews method,"DNA found, passed validation, pending to Addgene",NA,NA,,,
,73,N23B/6,108,Neuromabseq inhouse cloning,"Passed validation IB 4/9/21, shipped to Addgene 9/27/21",2,Set 1,22,,
,74,N196/16,104,Andrews method,At Addgene 7/20/18,NA,NA,,,
,75,N419/40,104,Andrews method,At Addgene 7/20/18,NA,NA,,,
investigate,76,N231B/34,100,Neuromabseq inhouse cloning,"Passed seq check, transfected, pending validation",,Set 3,136,,
,77,K17/70,99,Andrews method,At Addgene 6/2/19,NA,NA,,,
,78,N393/76,99,Neuromabseq inhouse cloning,"Passed validation IB 4/9/21, shipped to Addgene 9/27/21",2,Set 1,17,,
,79,N105/17,96,Neuromabseq inhouse cloning,"Passed validation IB 5/28/21, shipped to Addgene 9/27/21",2,Set 3,137,,
,80,N159/5,95,Neuromabseq inhouse cloning,"Passed validation COS-IF 6/25/21, shipped to Addgene 9/27/21",2,Set 3,138,,
,81,N38/8,94,Neuromabseq inhouse cloning,"Passed validation IB 5/28/21, shipped to Addgene 9/27/21",2,Set 3,139,,
,82,K13/31,93,Andrews method,At Addgene 6/2/19,NA,NA,,,
,83,N178A/9,91,Andrews method,At Addgene 7/20/18,NA,NA,,,
,84,N202/7,90,Andrews method,"DNA found, passed sequencing check, pending validation",,,passed as GA219,,
investigate,84,N202/7,90,Neuromabseq inhouse cloning,"Passed validation IB 3/15/22, shipped to Addgene 6/27/22",3,Set 6,219,,
,85,K7/45,87,Andrews method,At Addgene,NA,NA,,,
,86,N52A/42,87,Andrews method,At Addgene 7/20/18,NA,NA,,,
,87,N168/6,83,Andrews method,At Addgene 7/20/18,NA,NA,,,
,88,N93A/49,82,Andrews method,At Addgene 7/20/18,NA,NA,,,
,89,N127/31,81,Andrews method,At Addgene 7/20/18,NA,NA,,,
,90,N105/13,80,Neuromabseq inhouse cloning,"Passed validation IB 6/4/21, shipped to Addgene 9/27/21",2,Set 3,140,,
,91,N110/29,80,Andrews method,At Addgene 7/20/18,NA,NA,,,
,92,K39/25,79,Andrews method,At Addgene 6/2/19,NA,NA,,,
,93,L60/4,79,Andrews method,At Addgene 7/20/18,NA,NA,,,
,94,N75/33,79,Neuromabseq inhouse cloning,"Passed validation IB 5/21/21, shipped to Addgene 9/27/21",2,Set 3,141,,
,95,L28/4,78,Andrews method,At Addgene 6/2/19,NA,NA,,,
,96,N149/25,77,Andrews method,At Addgene 7/20/18,NA,NA,,,
,97,N10/7,76,Neuromabseq inhouse cloning,"Passed validation IB 5/28/21, shipped to Addgene 9/27/21",2,Set 3,142,,
,98,N151/3,76,Andrews method,At Addgene 7/20/18,NA,NA,,,
,99,N43/6,76,Neuromabseq inhouse cloning,"Passed validation IB 5/13/21, shipped to Addgene 9/27/21",2,Set 2,38,,
,100,N72/16,75,Neuromabseq inhouse cloning,"Passed validation IB 4/30/21, shipped to Addgene 9/27/21",2,Set 2,39,,
,101,N81/2,75,Neuromabseq inhouse cloning,"Passed validation IB 4/30/21, shipped to Addgene 9/27/21",2,Set 2,40,,
,102,N11/33,74,Andrews method,At Addgene 7/20/18,NA,NA,,,
,103,N56/21,73,Neuromabseq inhouse cloning,"Passed validation CCN CHN-IF 6/25/21, shipped to Addgene 9/27/21",2,Set 1,16,,
,104,N55/10,71,Neuromabseq inhouse cloning,"Passed validation COS-IF 6/25/21, shipped to Addgene 9/27/21",2,Set 2,41,,
,105,K66/38,70,Andrews method,At Addgene 6/2/19,NA,NA,,,
,106,N201/35,70,Andrews method,At Addgene 12/2/20,NA,NA,,,
,107,N212/17,70,Andrews method,At Addgene 7/20/18,NA,NA,,,
investigate,108,N77/15,70,Neuromabseq inhouse cloning,"Passed seq check, transfected, pending validation",,Set 2,42,,
,109,N8B/1,70,Andrews method,At Addgene 4/22/20,NA,NA,,,
,110,1F1,67,Neuromabseq inhouse cloning,"Passed validation IB 6/25/21, shipped to Addgene 9/27/21",2,Set 3,143,,
,111,N1/66,66,Andrews method,"DNA found, passed validation; shipped to Addgene 6/27/22",2,NA,,,
,112,N152B/23,65,Neuromabseq inhouse cloning,"Passed validation COS-IF 6/25/21, shipped to Addgene 9/27/21",2,Set 2,43,,
,113,N147/6,62,Andrews method,At Addgene 7/20/18,NA,NA,,,
,114,N271/44,62,Neuromabseq inhouse cloning,"Passed validation IB 3/26/21, shipped to Addgene 9/27/21",2,Set 1,13,,
,115,N245/1,61,Neuromabseq inhouse cloning,"Passed validation IB 6/4/21, shipped to Addgene 9/27/21",2,Set 3,144,,
,116,N289/16,60,Andrews method,At Addgene 7/20/18,NA,NA,,,
,117,N7/18,60,Andrews method,At Addgene 7/20/18,NA,NA,,,
,118,N332B/15,58,Neuromabseq inhouse cloning,"Passed validation COS-IF 6/25/21, shipped to Addgene 9/27/21",2,Set 3,145,,
,119,N76/8,58,Andrews method,At Addgene 6/12/19,NA,NA,,,
,120,L51/82,57,Andrews method,At Addgene 4/22/20,NA,NA,,,
,121,N375/67,57,Neuromabseq inhouse cloning,"Passed validation IB 5/28/21, shipped to Addgene 9/27/21, reshipped 6/27/22",2,Set 3,146,,
,122,N182/17,55,Andrews method,At Addgene 7/20/18,NA,NA,,,
,123,N244/5,55,Andrews method,At Addgene 7/20/18,NA,NA,,,
,124,N37A/10,55,Neuromabseq inhouse cloning,"Passed validation COS-IF 6/25/21, shipped to Addgene 9/27/21",2,Set 3,147,,
,125,L48A/9,54,Neuromabseq inhouse cloning,"Passed validation IB 5/11/21, shipped to Addgene 9/27/21",2,Set 2,44,,
,126,N207/27,54,Neuromabseq inhouse cloning,"Passed validation IB 4/27/21, shipped to Addgene 9/27/21",2,Set 2,45,,
,127,K73/20,53,Neuromabseq inhouse cloning,"Passed validation COS-IF 6/25/21, shipped to Addgene 9/27/21",2,Set 2,46,,
,128,N141/28,50,Neuromabseq inhouse cloning,"Passed validation IB 5/11/21, shipped to Addgene 9/27/21",2,Set 3,47,,
,129,N186/29,50,Neuromabseq inhouse cloning,"Passed validation IHC 5/26/21, shipped to Addgene 9/27/21",2,Set 3,148,,
,130,N192/12,50,Neuromabseq inhouse cloning,"Passed validation IB 4/15/21, shipped to Addgene 8/11/22",2,Set 3,149,,
,131,N319A/14,50,Neuromabseq inhouse cloning,"Passed validation COS-IF 6/25/21, shipped to Addgene 9/27/21",2,Set 3,150,,
,132,N39B/8,50,Neuromabseq inhouse cloning,"Passed validation IB 5/11/21, shipped to Addgene 9/27/21",2,Set 2,48,,
,133,N125/10,49,Neuromabseq inhouse cloning,"Passed validation IB 5/13/21, shipped to Addgene 9/27/21",2,Set 2,49,,
,134,N398A/34,49,Neuromabseq inhouse cloning,"Passed validation COS-IF 6/25/21, shipped to Addgene 9/27/21",2,Set 2,50,,
,135,N183/15,48,Neuromabseq inhouse cloning,"Passed validation IB 5/11/21, shipped to Addgene 9/27/21",2,Set 2,51,,
,136,N18/28,46,Neuromabseq inhouse cloning,"Passed validation IB 4/30/21, shipped to Addgene 9/27/21",2,Set 2,52,,
,137,N100/13,45,Neuromabseq inhouse cloning,"Passed validation GST Protein ELISA 2/1/22, shipped to Addgene 6/27/22",3,Set 3,151,,
,138,K19/36,44,Andrews method,At Addgene 2/7/20,NA,NA,,,
,139,N245/36,44,Neuromabseq inhouse cloning,"Passed validation COS-IF 6/25/21, shipped to Addgene 9/27/21",2,Set 3,152,,
,140,N111/24,43,Andrews method,At Addgene 2/7/20,NA,NA,,,
,141,N15/4,43,Neuromabseq inhouse cloning,"Passed validation COS-IF 06/19/21, shipped to Addgene 9/27/21",2,Set 3,153,,
,142,N421A/85,43,Neuromabseq inhouse cloning,"Passed validation COS-IF 06/18/21, shipped to Addgene 9/27/21",2,Set 2,53,,
,143,N96/55,43,Andrews method,At Addgene 7/20/18,NA,NA,,,
,144,N34/34,42,Andrews method,At Addgene 7/20/18,NA,NA,,,
,145,N415/24,42,Andrews method,At Addgene 4/22/20,NA,NA,,,
,146,N6/38,42,Neuromabseq inhouse cloning,"Passed validation IHC 11/2/21, shipped to Addgene 01/27/2022",3,Set 2,54,,
,147,N81/37,42,Andrews method,At Addgene 7/20/18,NA,NA,,,
,148,L76/36,41,Neuromabseq inhouse cloning,"Passed validation IB 4/27/21, shipped to Addgene 9/27/21",2,Set 2,55,,
,149,N46/30,41,Neuromabseq inhouse cloning,"Passed validation COS-IF 6/25/21, shipped to Addgene 9/27/21",2,Set 2,56,,
,150,K96/7,40,Neuromabseq inhouse cloning,"Passed validation IB 10/20/21 , shipped to Addgene 01/27/2022, reshipped 6/27/22

",3,Set 2,57,,
,151,L18A/3,40,Andrews method,At Addgene 4/22/20,NA,NA,,,
,152,N195A/16,40,Andrews method,At Addgene 7/20/18,NA,NA,,,
,153,N312/10,40,Neuromabseq inhouse cloning,"Passedvalidation IHC 3/23/22, shipped to Addgene 8/11/22",3,Set 4,169,,
,154,N393/2,40,Neuromabseq inhouse cloning,"Passed validation IB 4/30/21, shipped to Addgene 9/27/21",2,Set 2,58,,
,155,N57/2,40,Neuromabseq inhouse cloning,"Passed validation IB 4/30/21, shipped to Addgene 9/27/21",2,Set 2,59,,
,156,K55/82,39,Neuromabseq inhouse cloning,"Passed validation IB 4/27/21, shipped to Addgene 9/27/21",2,Set 2,60,,
,157,K91/36,39,Andrews method,At Addgene 6/12/19,NA,NA,,,
,158,N205B/22,39,Andrews method,At Addgene 6/12/19,NA,NA,,,
,159,N235/22,39,Andrews method,At Addgene 7/20/18,NA,NA,,,
,160,N75/3,39,Neuromabseq inhouse cloning,"Passed validation IB 10/20/21, shipped to Addgene 01/27/2022, reshipped 6/27/22",3,Set 4,174,,
,161,N294A/10,38,Neuromabseq inhouse cloning,"Passed validation CCN CHN-IF 6/25/21, shipped to Addgene 9/27/21",2,Set 2,165,,
,162,K9/40,37,Andrews method,At Addgene 2/7/20,NA,NA,,,
,163,N185/7,37,Neuromabseq inhouse cloning,"Passed validation IB 4/27/21, shipped to Addgene 9/27/21",2,Set 2,62,,
,164,N399/19,37,Neuromabseq inhouse cloning,"Passed validation IB 5/13/21, shipped to Addgene 9/27/21",2,Set 2,63,,
,165,N414/25,36,Neuromabseq inhouse cloning,"Passed validation IB 4/30/21, shipped to Addgene 9/27/21",2,Set 2,64,,
,166,K37/89,34,Andrews method,"DNA found, passed validation, shipped to Addgene 6/27/22",2,NA,,,
,167,N50/36,34,Neuromabseq inhouse cloning,"Passed validation IB 10/20/21, shipped to Addgene 01/27/2022",3,Set 4,178,,
,168,N126B/31,33,Neuromabseq inhouse cloning,"Passed validation IB 11/19/21, shipped to Addgene 01/27/2022",3,Set 4,176,,
,169,N275/14,33,Neuromabseq inhouse cloning,"Passed validation IB 4/27/21, shipped to Addgene 9/27/21",2,Set 2,65,,
,170,N419/78,33,Andrews method,At Addgene 7/20/18,NA,NA,,,
,171,N91/27,33,Andrews method,At Addgene 7/20/18,NA,NA,61,,
,172,K78/29,32,Neuromabseq inhouse cloning,"Passed validation IB 4/27/21, shipped to Addgene 9/27/21",2,Set 2,66,,
,173,N129/15,32,Neuromabseq inhouse cloning,"Passed validation COS-IF 06/18/21, shipped to Addgene 9/27/21",2,Set 2,67,,
,174,N25/35,32,Neuromabseq inhouse cloning,"Passed validation IB 10/22/21 , shipped to Addgene 01/27/2022",3,Set 4,181,,
,175,N283/7,32,Neuromabseq inhouse cloning,"Passed validation IB 5/13/21, shipped to Addgene 9/27/21",2,Set 2,68,,
,176,N116/14,31,Andrews method,At Addgene 7/20/18,NA,NA,,,
,177,N422/18,31,Neuromabseq inhouse cloning,"Passed validation COS-IF 6/25/21, shipped to Addgene 9/27/21",2,Set 2,69,,
,178,N165/38,30,Neuromabseq inhouse cloning,"Passed validation IB 4/27/21, shipped to Addgene 9/27/21",2,Set 2,70,,
,179,N212/7,30,Neuromabseq inhouse cloning,"Passed validation IB 5/13/21, shipped to Addgene 9/27/21",2,Set 2,71,,
,180,62-3G1,29,Neuromabseq inhouse cloning,"Passed validation IB 3/15/22, shipped to Addgene 8/11/22",3,Set 6,220,,
,181,K47/42,29,Neuromabseq inhouse cloning,"Passed validation IB 6/25/21, shipped to Addgene 9/27/21",2,Set 2,72,,
,182,N154/32,29,Neuromabseq inhouse cloning,"Passed validation COS-IF 2/22/22, shipped to Addgene 6/27/22",3,Set 2,73,,
,183,N106/43,28,Andrews method,At Addgene 6/12/19,NA,NA,,,
,184,N167/7,28,Andrews method,"DNA found, passed validation, shipped to Addgene 6/27/22",2,NA,,,
,185,N212/3,28,Andrews method,At Addgene 7/20/18,NA,NA,,,
,186,N238/31,28,Neuromabseq inhouse cloning,"Passed validation IB 11/5/21, shipped to Addgene 01/27/2022, reshipped 6/27/22",3,Set 4,173,,
gBlock,187,N121A/1,27,,,,next set,,,
,188,N191/7,27,Neuromabseq inhouse cloning,"Passed validation COS-IF 06/18/21, shipped to Addgene 9/27/21",2,Set 2,74,,
,189,N230/21,27,Andrews method,At Addgene 7/20/18,NA,NA,,,
,190,N408/62,27,Andrews method,"DNA found, passed sequencing check, validated IB 4/15/21, shipped to Addgene 9/27/21",2,NA,,,
,191,L43/40,26,Andrews method,At Addgene 6/12/19,NA,NA,,,
,192,L80/21,26,Neuromabseq inhouse cloning,Passed validation COS-IF 02/04/22 shipped to Addgene 6/27/22,3,Set 2,N/A,,
,193,N212A/34,26,Neuromabseq inhouse cloning,"Passed validation IB 10/20/21, shipped to Addgene 01/27/2022",3,Set 4,171,,
,194,N4/15,26,Neuromabseq inhouse cloning,"Passed validation COS-IF 6/25/21, shipped to Addgene 9/27/21",2,Set 2,75,,
,195,N408/79,26,Neuromabseq inhouse cloning,"Passed validation IB 5/13/21, shipped to Addgene 9/27/21",2,Set 2,76,77 v2,
,196,L45/30,25,Neuromabseq inhouse cloning,"Passed validation COS-IF 06/19/21, shipped to Addgene 9/27/21",2,Set 2,78,,
,197,L6/23,25,Andrews method,At Addgene 6/12/19,NA,NA,,,
,198,N363/71,25,Neuromabseq inhouse cloning,"Passed validation COS-IF 6/25/21, shipped to Addgene 9/27/21",2,Set 2,79,,
,199,N53/32,25,Neuromabseq inhouse cloning,"Passed validation IB 4/30/21, shipped to Addgene 9/27/21",2,Set 2,80,,
,200,N124B/38,24,Andrews method,At Addgene 2/7/20,NA,NA,,,
investigate,201,N297/59,24,Andrews method,"DNA found, passed sequencing check, pending validation",,wait,,,
,202,N372B/1,24,Neuromabseq inhouse cloning,"Passed validation IB 11/2/2021, shipped to Addgene 01/27/2022",3,Set 2,81,,
,203,N395/68,24,Neuromabseq inhouse cloning,Passed validation IHC 04/14/22 shipped to Addgene 8/11/22,3,Set 2,82,,
,204,N452/69,24,Neuromabseq inhouse cloning,"Passed validation IB 3/15/22, shipped to Addgene 8/11/22",3,Set 2,83,,
,205,L71/5,23,Neuromabseq inhouse cloning,"Passed validation COS-IF 6/25/21, shipped to Addgene 9/27/21",2,Set 2,84,,
,206,N2/16,23,Andrews method,At Addgene 7/20/18,NA,NA,,,
,207,L42/17,22,Andrews method,At Addgene 6/12/19,NA,NA,,,
,208,N227/21,22,Neuromabseq inhouse cloning,"Passed validation IHC 5/7/21, shipped to Addgene 9/27/21",2,Set 2,85,,
,209,N343/26,22,Neuromabseq inhouse cloning,"Passed validation IB 4/27/21, shipped to Addgene 9/27/21",2,Set 2,86,,
,210,N388A/10,22,Andrews method,At Addgene 7/20/18,NA,NA,,,
,211,N410/17,22,Neuromabseq inhouse cloning,"Passed validation IB 4/30/21, shipped to Addgene 9/27/21",2,Set 2,87,,
,212,L8/15,21,Andrews method,At Addgene 2/7/20,NA,NA,,,
investigate,213,N161/20,21,Neuromabseq inhouse cloning,"Passed seq check, transfected, pending validation",,Set 2,88,,
,214,N164/6,21,Andrews method,At Addgene 7/20/18,NA,NA,,,
,215,N258/5,21,Andrews method,"DNA found, passed validation, shipped to Addgene 8/11/22",NA,NA,,,
,216,N374/48,21,Neuromabseq inhouse cloning,"Passed validation IB 3/15/22, shipped to Addgene 6/27/22",3,Set 6,229,,
,217,N64A/36,21,Neuromabseq inhouse cloning,Passed validation COS-IF 02/04/22 shipped to Addgene 6/27/22,3,Set 2,89,,
,218,L102/45,20,Neuromabseq inhouse cloning,"Passed validation IB 4/27/21, shipped to Addgene 9/27/21",2,Set 2,90,,
,219,N153/5,20,Andrews method,At Addgene 7/20/18,NA,NA,,,
,220,N279B/27,20,Andrews method,At Addgene 4/22/20,NA,NA,,,
,221,N49A/21,20,Neuromabseq inhouse cloning,"Passed validation COS-IF 10/15/21, shipped to Addgene 01/27/2022",3,Set 2,91,,
,222,N84/37,20,Andrews method,At Addgene 7/20/18,NA,NA,,,
,223,L5/1,19,Andrews method,At Addgene 2/7/20,NA,NA,,,
,224,N219/5,19,Neuromabseq inhouse cloning,"Passed validation IB 6/4/21, shipped to Addgene 9/27/21",2,Set 2,92,,
,225,N225A/10,19,Neuromabseq inhouse cloning,Passed validation IB 02/08/22 shipped to Addgene 6/27/22,3,Set 4,182,,
,226,N327A/38,19,Neuromabseq inhouse cloning,"Passed validation IB 4/27/21, shipped to Addgene 9/27/21",2,Set 2,93,,
,227,N423/75,19,Neuromabseq inhouse cloning,"Passed validation IB 3/15/22, shipped to Addgene 6/27/22",3,Set 6,221,,
investigate,228,L86A/37,18,Neuromabseq inhouse cloning,"Passed seq check, transfected, pending validation",,Set 2,94,,
,229,N209C/35,18,Neuromabseq inhouse cloning,"Passed validation IB 11/19/21, shipped to Addgene 01/27/2022",3,Set 4,183,,
,230,N40B/18,18,Andrews method,"DNA found, passed validation IB 4/15/21, shipped to Addgene 9/27/21",NA,NA,,,
gBlock,231,L36/12,17,,,,,,,
,232,N144/32,17,Neuromabseq inhouse cloning,"Passed validation IB 11/19/21, shipped to Addgene 01/27/2022",3,Set 4,172,,
,233,N325B/65,17,Neuromabseq inhouse cloning,Passed validation COS-IF 03/29/22 shipped to Addgene 6/27/22,3,Set 6,230,,
gBlock,234,N336B/83,17,,,,,,,
,235,N76/3,17,Andrews method,At Addgene 7/20/18,NA,NA,,,
,236,L114/3,16,Neuromabseq inhouse cloning,"Passed validation IB 6/4/21, shipped to Addgene 9/27/21",2,Set 3,121,,should be prioritized higher
,237,N286/74,16,Neuromabseq inhouse cloning,"Passed validation IB 2/22/22, shipped to Addgene 6/27/22",3,Set 4,170,,
,238,N321C/49,16,Andrews method,At Addgene 7/20/18,NA,NA,,,
,239,N366/60,16,Neuromabseq inhouse cloning,"Passed validation COS-IF 2/22/22, shipped to Addgene 6/27/22",3,Set 4,175,,
gBlock,240,L106/93,15,,,,wait,,,should be prioritized higher
,241,L109/57,15,Neuromabseq inhouse cloning,"Passed validation IB 5/11/21, shipped to Addgene 9/27/21",2,Set 3,96,,should be prioritized higher
,242,N120A/9,15,Andrews method,At Addgene 7/20/18,NA,NA,,,
,243,N158/28,15,Neuromabseq inhouse cloning,"Passed validation IB 11/19/21, shipped to Addgene 01/27/2022",3,Set 4,177,,
,244,N229A/32,15,Neuromabseq inhouse cloning,"Passed validation IB 11/19/21 , shipped to Addgene 01/27/2022",3,Set 4,179,,
,245,N291C/22,15,Andrews method,At Addgene 7/20/18,NA,NA,,,
,246,N384/63,15,Neuromabseq inhouse cloning,"Passed validation IB 11/5/21, shipped to Addgene 01/27/2022",3,Set 4,180,,
,247,N396/29,15,Neuromabseq inhouse cloning,Passed validation COS-IF 02/04/22 shipped to Addgene 6/27/22,3,Set 4,185,,
,248,N416/40,15,,,,wait,,,
,249,K40/17,14,Neuromabseq inhouse cloning,Passed validation IB 03/18/22 shipped to Addgene 6/27/22,3,Set 5,192,,
,250,L86/36,14,Neuromabseq inhouse cloning,"Passed validation IB 10/22/21, shipped to Addgene 01/27/2022",3,test set,168,,
,251,N165/43,14,Neuromabseq inhouse cloning,Passed validation IB 03/18/22 shipped to Addgene 6/27/22,3,Set 4,184,,
,252,N170A/26,14,Neuromabseq inhouse cloning,"Passed validation COS-IF 2/22/22, shipped to Addgene 6/27/22",3,Set 5,198,,
,253,N174B/27,14,Andrews method,At Addgene,NA,NA,,,
,254,N411/51,14,Neuromabseq inhouse cloning,"Passed validation IHC 04/14/22 shipped to Addgene 6/27/22
",3,Set 5,204,,
,255,N135/37,13,Andrews method,At Addgene,NA,NA,,,
,256,N367/51,13,Neuromabseq inhouse cloning,Passed validation COS-IF 03/16/22 shipped to Addgene 6/27/22,3,Set 5,203,,
,257,N83/48,13,Andrews method,At Addgene 2/7/20,NA,NA,,,
,258,N85/18,13,Andrews method,At Addgene 7/20/18,NA,NA,,,
,259,N94/17,13,Andrews method,At Addgene 7/20/18,NA,NA,,,
,260,K72/8,12,Andrews method,At Addgene 2/7/20,NA,NA,,,
,262,N98/7,12,Andrews method,At Addgene 2/7/20,NA,NA,,,
,263,N221/12,11,Neuromabseq inhouse cloning,Passed validation via IB 03/16/22 shipped to Addgene 6/27/22,3,Set 5,199,,
,264,N276A/15,11,Neuromabseq inhouse cloning,Passed validation COS-IF 03/16/22 shipped to Addgene 6/27/22,3,Set 5,201,,
,265,N278/19,11,Andrews method,At Addgene 7/20/18,NA,NA,,,
,266,N357/6 (VL1),11,Neuromabseq inhouse cloning,"Passed validation via IB 4/20/22, shipped to Addgene 6/27/22",3,Set 6,290,,
,266,N357/6 (VL2),11,Neuromabseq inhouse cloning,Failed sequencing 29-Mar-22; Failed COS-IF 8/1/22 ,4,Set 6,291,,
investigate,267,N65/37,11,Neuromabseq inhouse cloning,"TC Supe collected 26-Jan-22, pending validation",,Set 5,197,,
,268,L118/80,10,Neuromabseq inhouse cloning,"Passed validation IB 6/25/21, shipped to Addgene 9/27/21",2,Set 3,100,,should be prioritized higher
,269,N15/39,10,Neuromabseq inhouse cloning,Passed validation COS-IF 02/04/22 shipped to Addgene 6/27/22,3,Set 5,196,,
gBlock,270,N253/32,10,,,,wait,,,
gBlock,271,N257/25,10,,,,wait,,,
,272,N270/47,10,Neuromabseq inhouse cloning,Passed validation COS-IF 02/04/22 shipped to Addgene 6/27/22,3,Set 5,200,,
,273,N302/10,10,Neuromabseq inhouse cloning,"Passed validation IB 15March2022, shipped to Addgene 6/27/22",3,Set 5,202,,
,274,N51/6,10,Andrews method,At Addgene 7/20/18,NA,NA,,,
,275,1D8,,Neuromabseq inhouse cloning,"Passed validation COS-IF 6/28/22, shipped to Addgene 8/11/22",3,Set 6,222,,
,276,K88/64,,Neuromabseq inhouse cloning,"TC Supes collected 16-May-22, pending validation (negative via IB 5/17/22)",,Set 7,304,,
,277,L106/83,9,Neuromabseq inhouse cloning,"Passed validation IB 10/15/21, shipped to Addgene 01/27/2022",3,Set 3,154,,should be prioritized higher
,278,N148/30,9,Neuromabseq inhouse cloning,"Passed validation COS-IF 6/1/22, shipped to Addgene 8/11/22",3,Set 8,319,,
,279,N294A/6,9,,"Passed validation COS-IF 6/28/22, shipped to Addgene 8/11/22",3,,324,,
,280,N320/48,9,Andrews method,At Addgene 4/22/20,NA,NA,,,
,281,N324/2,9,Neuromabseq inhouse cloning,"Passed validation IB 5/20/22, shipped to Addgene 8/11/22",3,Set 8,328,,
,282,N445/27,9,Neuromabseq inhouse cloning,"Passed validation via COS-IF 4/25/22, shipped to Addgene 6/27/22",3,Set 7,305,,
,283,L106/4,8,Neuromabseq inhouse cloning,"Passed validation IB 4/27/21, shipped to Addgene 9/27/21",2,Set 3,104,,should be prioritized higher
investigate,284,L6/48,8,Neuromabseq inhouse cloning,"TC Supes collected 16-May-22, pending validation",,,,,
investigate,285,N144/17,8,Neuromabseq inhouse cloning,"Passed validation via COS-IF 12/9/22, pending to Addgene",4,Set 7,301,,
,286,N255/38,8,Neuromabseq inhouse cloning,"Passed validation COS-IF 6/28/22, shipped to Addgene 8/11/22",3,,325,,
,287,N268/19,8,Andrews method,At Addgene 7/20/18,NA,NA,,,
,288,N269/73,8,Andrews method,At Addgene 7/20/18,NA,NA,,,
,289,N345/51,8,Neuromabseq inhouse cloning,"Passed validation IB 5/20/22, shipped to Addgene 8/11/22",3,Set 8,331,,
,290,N372B/60,8,Neuromabseq inhouse cloning,"Passed validation via COS-IF 4/25/22, shipped to Addgene 6/27/22",3,Set 7,306,,
gBlock,291,N372C/51,8,,,,,,,
,292,N385/21,8,Neuromabseq inhouse cloning,"Passed validation via IB 4/20/22, shipped to Addgene 8/11/22",3,Set 7,298,,
gBlock,293,N397/19,8,,,,,,,
gBlock,294,N405/74,8,,,,,,,
investigate,295,N479/12,8,Neuromabseq inhouse cloning,"Passed validation COS-IF 8/1/22, pending to Addgene",4,Set 7,312,,
,296,N86/44,8,Neuromabseq inhouse cloning,"Passed validation via COS-IF 4/25/22, shipped to Addgene 6/27/22",3,Set 7,308,,
,297,N98/47,8,Neuromabseq inhouse cloning,"Passed validation IB 04/29/22, shipped to Addgene 6/27/22",3,Set 7,297,,
,298,L114/81,7,Neuromabseq inhouse cloning,"Passed validation IB 6/4/21, shipped to Addgene 9/27/21",2,Set 3,122,,should be prioritized higher
,299,L94/54,7,Andrews method,"Passed validation IHC 4/22/21, shipped to Addgene 8/11/22",2,,,,
gBlock,300,N128A/4,7,,,,,,,
gBlock,301,N228A/16,7,,,,,,,
gBlock,302,N259/48,7,,,,,,,
,303,N304B/115,7,Neuromabseq inhouse cloning,"Passed validation COS-IF 6/28/22, shipped to Addgene 8/11/22",3,,327,,
,304,N346/9,7,Andrews method,At Addgene 7/20/18,NA,NA,,,
,305,N364/10,7,Neuromabseq inhouse cloning,"Passed validation IB 5/20/22, shipped to Addgene 8/11/22",3,Set 8,333,,
,306,N448/88,7,Neuromabseq inhouse cloning,"Passed validation COS-IF 6/28/22, shipped to Addgene 8/11/22",3,,345,,
,307,K51/1,6,Andrews method,At Addgene 6/12/19,NA,NA,,,
,308,L113/130,6,Neuromabseq inhouse cloning,"Passed validation IB 6/4/21, shipped to Addgene 9/27/21",2,Set 3,97,,should be prioritized higher
,309,L124/59,6,Neuromabseq inhouse cloning,"Passed validation IHC 5/26/21, shipped to Addgene 9/27/21",2,Set 3,102,,should be prioritized higher
,310,L62/29,6,Neuromabseq inhouse cloning,"Passed validation IB 5/17/22, shipped to Addgene 8/11/22",3,Set 8,315,,
,311,L86/33,6,Neuromabseq inhouse cloning,"Passed validation COS-IF 6/29/22 (316 positive, 317 negative), shipped to Addgene 8/11/22",,,316,317,
gBlock,312,N119/44,6,,,,,,,
,313,N150/21,6,Andrews method,At Addgene 7/20/18,NA,NA,,,
,314,N166A/26,6,Neuromabseq inhouse cloning,"Passed validation IB 5/17/22, shipped to Addgene 8/11/22",3,Set 8,321,,
gBlock,315,N330A/51,6,,,,,,,
gBlock,316,N330A/80,6,,,,,,,
,317,N353/13R,6,Andrews method,At Addgene 7/20/18,NA,NA,,,
,318,N479/22,6,Neuromabseq inhouse cloning,"Passed validation via IB 4/20/22, shipped to Addgene 6/27/22",3,Set 7,293,,
,319,N86/20,6,Neuromabseq inhouse cloning,"Passed validation via COS-IF 4/25/22, shipped to Addgene 6/27/22",3,Set 7,303,,
,320,UNC 65.56.18.11,6,,restricted,,,,,
gBlock,321,N432/21,5,,,,,,,
,322,L115/13,5,Neuromabseq inhouse cloning,"Passed validation CCN CHN-IF 6/25/21, shipped to Addgene 9/27/21",2,Set 3,98,,should be prioritized higher
,323,L121/42,5,Neuromabseq inhouse cloning,"Passed validation IB 4/27/21, shipped to Addgene 9/27/21",2,Set 3,105,,should be prioritized higher
,324,N121A/31,5,Andrews method,At Addgene 7/20/18,NA,NA,,,
gBlock,325,N232/9,5,,,,,,,
gBlock,326,N262/16,5,,,,,,,
gBlock,327,N310/21,5,,,,,,,
,328,N360A/24,5,Neuromabseq inhouse cloning,"Passed validation IB 5/20/22, shipped to Addgene 8/11/22",3,Set 8,332,,
,329,N377/83,5,Neuromabseq inhouse cloning,"Passed validation IB 5/20/22, shipped to Addgene 8/11/22",3,Set 8,334,,
,330,N382/14,5,Neuromabseq inhouse cloning,"Passed validation IB 5/20/22, shipped to Addgene 8/11/22",3,Set 8,335,,
,331,N389/9,5,Neuromabseq inhouse cloning,"TC Supes collected 16-May-22, pending validation (COS-IF inconslusive 6/1/22)",,Set 8,336,,
,332,N413/67,5,Andrews method,At Addgene 7/20/18,NA,NA,,,
,333,N450/53 (VL1),5,Neuromabseq inhouse cloning,"Passed validation via IB 4/20/22, shipped to Addgene 6/27/22",3,Set 7,295,,
,333,N450/53 (VL2),5,Neuromabseq inhouse cloning,"TC Supes collected 06-Apr-22, pending validation (negative via IB 4/20/22) no need to pursue as GA295 succeeded",,Set 7,296,,
,334,N479/107,5,Neuromabseq inhouse cloning,"Passed validation via COS-IF 4/25/22, shipped to Addgene 6/27/22",3,Set 7,310,,
,335,N52B/27,5,Neuromabseq inhouse cloning,"Passed validation via COS-IF 4/25/22, shipped to Addgene 6/27/22",3,Set 7,311,,
,336,K25/73,4,Andrews method,At Addgene 6/12/19,NA,NA,,,
,337,L117/1,4,Neuromabseq inhouse cloning,"Passed validation IB 4/27/21, shipped to Addgene 9/27/21",2,Set 3,99,,should be prioritized higher
,338,L83/11,4,Neuromabseq inhouse cloning,"Passed validation COS-IF 06/19/21, shipped to Addgene 9/27/21",2,Set 3,158,,
,339,N176A/35,4,Andrews method,At Addgene 7/20/18,NA,NA,,,
gBlock,340,N193A/13,4,,,,,,,
gBlock,341,N233/8,4,,,,,,,
gBlock,342,N341/12,4,,,,,,,
,343,N4/49,4,Neuromabseq inhouse cloning,"Passed validation via COS-IF 12/16/22, pending to Addgene",4,Set 8,338,,
gBlock,344,N424/45,4,,,,,,,
,345,N425/45,4,Neuromabseq inhouse cloning,"Passed validation COS-IF 6/28/22, shipped to Addgene 8/11/22",3,,343,,
,346,N452/30,4,Neuromabseq inhouse cloning,"Passed validation IHC 6/26/22, COS-IF 6/28/22, shipped to Addgene 8/11/22",3,,346,,
gBlock,347,N455/15,4,,,,,,,
,348,N88/12,4,Andrews method,At Addgene 7/20/18,NA,NA,,,
gBlock,349,N90/20,4,,,,,,,
,350,N104/32,3,Andrews method,At Addgene 7/20/18,NA,NA,,,
gBlock,351,N123/19,3,,,,,,,
gBlock,352,N142/28,3,,,,,,,
gBlock,353,N143/36,3,,,,,,,
gBlock,354,N143/38,3,,,,,,,
,355,N160/21,3,Neuromabseq inhouse cloning,"Passed validation COS-IF 6/1/22, shipped to Addgene 8/11/22",3,Set 8,320,,
,356,N171/17,3,Andrews method,At Addgene 7/20/18,NA,NA,,,
gBlock,357,N245/44,3,,,,,,,
gBlock,358,N274/8,3,,,,,,,
,359,N277/7,3,Andrews method,At Addgene 7/20/18,NA,NA,,,
,360,N331/19,3,Andrews method,At Addgene 7/20/18,NA,NA,,,
gBlock,361,N347/42,3,,,,,,,
,362,N348/82,3,Andrews method,At Addgene 7/20/18,NA,NA,,,
,363,N390/43,3,Neuromabseq inhouse cloning,"Passed validation COS-IF 6/1/22, shipped to Addgene 8/11/22",3,Set 8,337,,
,364,N429/19,3,Neuromabseq inhouse cloning,"Passed validation COS-IF 6/28/22, shipped to Addgene 8/11/22",3,,344,,
gBlock,365,N431/64,3,,,,,,,
gBlock,366,N466/14,3,,,,,,,
,367,L113/13,2,Neuromabseq inhouse cloning,"Passed validation IB 5/11/21, shipped to Addgene 9/27/21",2,Set 3,106,,should be prioritized higher
gBlock,368,N104/37,2,,,,,,,
gBlock,369,N123/48,2,,,,,,,
gBlock,370,N128A/2,2,,,,,,,
,371,N133/35,2,Neuromabseq inhouse cloning,"Passed validation COS-IF 6/1/22, shipped to Addgene 8/11/22",3,Set 8,318,,
gBlock,372,N145/20,2,,,,,,,
gBlock,373,N155/9,2,,,,,,,
,374,N206B/9,2,Andrews method,At Addgene 7/20/18,NA,NA,,,
gBlock,375,N210/5,2,,,,,,,
,376,N222/6,2,Andrews method,At Addgene 7/20/18,NA,NA,,,
gBlock,377,N250/21,2,,,,,,,
gBlock,378,N251/14,2,,,,,,,
,379,N290B/25,2,Neuromabseq inhouse cloning,"Passed validation COS-IF 6/28/22, shipped to Addgene 8/11/22",3,Set 8,326,,
gBlock,380,N307/12,2,,,,,,,
,381,N323B/20,2,Andrews method,At Addgene 7/20/18,NA,NA,,,
,382,N328B/37,2,Andrews method,At Addgene 7/20/18,NA,NA,,,
gBlock,383,N358/68,2,,,,,,,
gBlock,384,N380/87,2,,,,,,,
,385,N388A/60,2,Andrews method,At Addgene 6/12/19,NA,NA,,,
,386,N402/13,2,Neuromabseq inhouse cloning,"Passed validation IB 5/20/22, shipped to Addgene 8/11/22",3,Set 8,339,,
,387,N402/46,2,Neuromabseq inhouse cloning,"Passed validation COS-IF 6/1/22, shipped to Addgene 8/11/22",3,Set 8,340,,
,388,N403/63,2,Neuromabseq inhouse cloning,"Passed validation COS-IF 6/1/22, shipped to Addgene 8/11/22",3,Set 8,341,,
,389,N406/47,2,Neuromabseq inhouse cloning,"Passed validation COS-IF 6/1/22, shipped to Addgene 8/11/22",3,Set 8,342,,
gBlock,390,N441/35,2,,,,,,,
gBlock,391,N447/24,2,,,,,,,
gBlock,392,N461/19,2,,,,,,,
,393,N483/126,2,Neuromabseq inhouse cloning,"Passed validation IB 5/11/21, shipped to Addgene 9/27/21",2,Set 3,108,,should be prioritized higher
,394,EA7,1,,restricted,,,,,
,395,L107/39,1,Neuromabseq inhouse cloning,"Passed validation IB 5/11/21, shipped to Addgene 9/27/21",2,Set 3,107,,should be prioritized higher
,396,L108/92,1,Neuromabseq inhouse cloning,"Passed validation COS-IF 06/19/21, shipped to Addgene 9/27/21",2,Set 3,95,,should be prioritized higher
,397,L109/39,1,Neuromabseq inhouse cloning,"Passed validation IB 5/21/21, shipped to Addgene 9/27/21",2,Set 3,123,,should be prioritized higher
,398,L113/27,1,Neuromabseq inhouse cloning,"Passed validation IHC 5/26/21, shipped to Addgene 9/27/21",2,Set 3,124,,should be prioritized higher
,399,L119/106,1,Neuromabseq inhouse cloning,"Passed validation IB 5/11/21, shipped to Addgene 9/27/21",2,Set 3,109,,should be prioritized higher
,400,L120/12,1,Neuromabseq inhouse cloning,"Passed validation IB 5/21/21, shipped to Addgene 9/27/21",2,Set 3,125,,should be prioritized higher
,401,L121/25,1,Neuromabseq inhouse cloning,"Passed validation COS-IF 6/25/21, shipped to Addgene 9/27/21",2,Set 3,101,,should be prioritized higher
,402,L125/121,1,Neuromabseq inhouse cloning,"Passed validation IB 4/27/21, shipped to Addgene 9/27/21",2,Set 3,110,,should be prioritized higher
,403,L126/93,1,Neuromabseq inhouse cloning,"Passed validation IB 5/21/21, shipped to Addgene 9/27/21",2,Set 3,111,,should be prioritized higher
,404,L127/8,1,Neuromabseq inhouse cloning,"Passed validation IB 5/21/21, shipped to Addgene 9/27/21",2,Set 3,112,,should be prioritized higher
,405,N117/9,1,Andrews method,At Addgene 7/20/18,NA,NA,,,
,406,N129A/6,1,Andrews method,At Addgene 2/7/20,NA,NA,,,
gBlock,407,N173B/13,1,,,,,,,
gBlock,408,N194/11,1,,,,,,,
,409,N238/29,1,Neuromabseq inhouse cloning,"Passed validation IB 5/17/22, shipped to Addgene 8/11/22",3,Set 8,322,,
gBlock,410,N323A/31,1,,,,,,,
,411,N326D/29,1,Andrews method,At Addgene 7/20/18,NA,NA,,,
gBlock,412,N356/9,1,,,,,,,
,413,N359/28,1,Andrews method,At Addgene 7/20/18,NA,NA,,,
gBlock,414,N364/42,1,,,,,,,
gBlock,415,N382/69,1,,,,,,,
gBlock,416,N388A/27,1,,,,,,,
gBlock,417,N391/68,1,,,,,,,
gBlock,418,N420/24,1,,,,,,,
gBlock,419,N440/21,1,,,,,,,
gBlock,420,N444/63,1,,,,,,,
gBlock,421,N451/73,1,,,,,,,
gBlock,422,N458/10,1,,,,,,,
gBlock,423,N460/19,1,,,,,,,
gBlock,424,N473/36,1,,,,,,,
gBlock,425,N474/27,1,,,,,,,
gBlock,426,N92/14,1,,,,,,,
gBlock,427,K75/30,0,,,,,,,
,428,L118/66,0,Neuromabseq inhouse cloning,"Passed seq check, transfected, pending validation (failed validation 8/1/22)",,Set 3,126,,should be prioritized higher
,429,L120/30,0,Neuromabseq inhouse cloning,"Passed validation COS-IF 6/25/21, shipped to Addgene 9/27/21",2,Set 3,113,,should be prioritized higher
,430,L122/6,0,Neuromabseq inhouse cloning,"Passed validation COS-IF 6/25/21, shipped to Addgene 9/27/21",2,Set 3,114,,should be prioritized higher
,431,L122/68,0,Neuromabseq inhouse cloning,"Passed validation IB 5/21/21, shipped to Addgene 9/27/21",2,Set 3,127,,should be prioritized higher
gBlock,432,L123/109,0,,,,,,,
,433,L125/129,0,Neuromabseq inhouse cloning,"Passed validation IB 6/4/21, shipped to Addgene 9/27/21",2,Set 3,115,,should be prioritized higher
gBlock,434,N132A/12,0,,,,,,,
gBlock,435,N175/9,0,,,,,,,
,436,N238/30,0,Neuromabseq inhouse cloning,"Passed validation IHC 6/26/22, shipped to Addgene 8/11/22",3,,323,,
gBlock,437,N293/50,0,,,,,,,
gBlock,438,N299/39,0,,,,,,,
gBlock,439,N309A/21,0,,,,,,,
,440,N326D/13,0,Neuromabseq inhouse cloning,"TC Supes collected 16-May-22, failed validation vis IB 5/20/2022",,Set 8,329,,
,441,N326D/2,0,Neuromabseq inhouse cloning,"Passed validation IB 5/20/22, shipped to Addgene 8/11/22",3,Set 8,330,,
gBlock,442,N349/96,0,,,,,,,
,443,N356/23,0,Andrews method,At Addgene 7/20/18,NA,NA,,,
gBlock,444,N400/24,0,,,,,,,
gBlock,445,N424/48,0,,,,,,,
gBlock,446,N428/12,0,,,,,,,
gBlock,447,N432/63,0,,,,,,,
gBlock,448,N440/61,0,,,,,,,
gBlock,449,N442/28,0,,,,,,,
gBlock,450,N446/80,0,,,,,,,
,451,N449/73,0,Neuromabseq inhouse cloning,"Passed validation via COS-IF 4/25/22, shipped to Addgene 8/11/22 ",3,Set 7,299,,
,452,N452/73,0,Neuromabseq inhouse cloning,"Passed validation CCN CHN-IF 6/25/21, shipped to Addgene 9/27/21",2,Set 3,128,,should be prioritized higher
,453,N452/81,0,Neuromabseq inhouse cloning,"Passed validation CCN CHN-IF 6/25/21, shipped to Addgene 9/27/21",2,Set 3,129,,should be prioritized higher
gBlock,454,N454/91,0,,,,,,,
gBlock,455,N456/39,0,,,,,,,
gBlock,456,N459/84,0,,,,,,,
gBlock,457,N463/52,0,,,,,,,
,458,N465/11,0,Neuromabseq inhouse cloning,"Passed validation IHC 6/26/22, shipped to Addgene 8/11/22",3,Set 7,302,,
gBlock,459,N467/1,0,,,,,,,
gBlock,460,N468/37,0,,,,,,,
gBlock,461,N469/28,0,,,,,,,
gBlock,462,N470/22,0,,,,,,,
,463,N471/27,0,Neuromabseq inhouse cloning,"Passed validation via COS-IF 12/9/22, pending to Addgene ",4,Set 7,307,,
gBlock,464,N472/88,0,,,,,,,
gBlock,465,N476/9,0,,,,,,,
,466,N483/26,0,Neuromabseq inhouse cloning,"Passed validation IB 5/21/21, shipped to Addgene 9/27/21",2,Set 3,130,,should be prioritized higher
,467,N483/84,0,Neuromabseq inhouse cloning,"Passed validation IB 5/21/21, shipped to Addgene 9/27/21",2,Set 3,131,,should be prioritized higher
,468,N486/32,0,Neuromabseq inhouse cloning,"Passed validation COS-IF 06/18/21, shipped to Addgene 9/27/21",2,Set 3,116,,should be prioritized higher
gBlock,469,N56/9,0,,,,,,,
,471,D3/71R,,Andrews method,At Addgene 6/12/19,NA,NA,,,
,472,K58/35R,,Andrews method,At Addgene 6/12/19,NA,NA,,,
,473,L61/14R,,Andrews method,At Addgene 2/7/20,NA,NA,,,
,475,N295B/54,,Andrews method,No DNA found,,,,,
,476,N180/41,,Andrews method,"DNA found, failed sequencing check",,,,,
,477,L64/32,,Andrews method,"DNA found, failed sequencing check, no need to pursue as GA309 succeeded",,,,,
,479,N351/23R,,Andrews method,At Addgene 6/12/19,NA,,,,
,480,N341/37R,,Andrews method,At Addgene 7/20/18,NA,,,,
,195a,N408/79v2,26,Neuromabseq inhouse cloning,"Passed validation COS-IF 06/18/21, shipped to Addgene 9/27/21",2,Set 2,77,,
,,D4/11,,Neuromabseq inhouse cloning,"Passed validation IB 3/15/22, shipped to Addgene 6/27/22",3,Set 6,262,,
,,D4/154,,Neuromabseq inhouse cloning,Passed validation COS-IF 04/7/22 shipped to Addgene 6/27/22,3,Set 6,205,,
,,D4/27,,Neuromabseq inhouse cloning,"TC Supes collected, pending validation",,Set 6,206,,
,,D4/40.2,,Neuromabseq inhouse cloning,"Passed validation IB 10/21/21 , shipped to Addgene 01/27/2022, reshipped 6/27/22",3,Set 3,162,,
,,D4/49,,Neuromabseq inhouse cloning,"TC Supes collected 07-Mar-22, pending validation",,Set 6,263,,
,,K14/39,,Neuromabseq inhouse cloning,"Passed validation IB 3/15/22, shipped to Addgene 6/27/22",3,Set 6,264,,
,,K28/25,,Neuromabseq inhouse cloning,"Passed validation IB 2/22/22, shipped to Addgene 6/27/22",3,Set 5,186,,
,,K28/27,,Neuromabseq inhouse cloning,"Passed validation IB 2/22/22, shipped to Addgene 6/27/22",3,Set 5,187,,
,,K28/38,,Neuromabseq inhouse cloning,"Passed validation IB 2/22/22, shipped to Addgene 6/27/22",3,Set 5,188,,
,,K28/42,,Neuromabseq inhouse cloning,"Passed validation IB 2/22/22, shipped to Addgene 6/27/22",3,Set 5,189,,
,,K28/58,,Neuromabseq inhouse cloning,"Passed validation IB 2/22/22, shipped to Addgene 6/27/22",3,Set 5,190,,
,,K28/94,,Neuromabseq inhouse cloning,"Passed validation IB 2/22/22, shipped to Addgene 6/27/22",3,Set 5,191,,
,,K55/29,,Neuromabseq inhouse cloning,"Passed validation IB 5/3/22, shipped to Addgene 8/11/22",3,Set 6,265,,
,,K55/72,,Neuromabseq inhouse cloning,"TC Supes collected 07-Mar-22, pending validation",,Set 6,267,,
,,K56A/57,,Neuromabseq inhouse cloning,Passed validation IB 02/08/22 shipped to Addgene 6/27/22,3,Set 5,193,,
,,K56A/57,,Neuromabseq inhouse cloning,"Passed validation IB 5/17/22, shipped to Addgene 8/11/22",3,Set 6,268,,
,,K56A/95,,Neuromabseq inhouse cloning,"TC Supes collected 28-Mar-22, pending validation ",,Set 6,269,,
,,K57/27,,Neuromabseq inhouse cloning,Passed validation COS-IF 03/29/22 shipped to Addgene 6/27/22,3,Set 6,270,,
,,K57/41,,Neuromabseq inhouse cloning,Passed validation COS-IF 03/29/22 shipped to Addgene 6/27/22,3,Set 6,271,,
,,K60/87 VH1/VL1,,Neuromabseq inhouse cloning,"Passed validation via IB 4/20/22, shipped to Addgene 6/27/22",3,Set 6,272,,
,,K60/87 VH1/VL2,,Neuromabseq inhouse cloning,"TC Supes collected 21-Mar-22, failed validation via IB 4/20/22",,Set 6,273,,
,,K60/87 VH2/VL1,,Neuromabseq inhouse cloning,"TC Supes collected 21-Mar-22, failed validation via IB 4/20/22",,Set 6,274,,
,,K60/87 VH2/VL1,,Neuromabseq inhouse cloning,"TC Supes collected 21-Mar-22, failed validation via IB 4/20/22",,Set 6,275,,
,,K65/36,,Neuromabseq inhouse cloning,"TC Supes collected 16-May-22, failed validation via COS-IF 12/16/22",,Set 6,233,,
,,K66/27,,Neuromabseq inhouse cloning,"Passed validation IHC 6/26/22, shipped to Addgene 8/11/22",3,Set 6,276,,
,,K66/59,,Neuromabseq inhouse cloning,"Passed validation IHC 6/26/22, shipped to Addgene 8/11/22",3,Set 6,277,,
,,K69/33,,Neuromabseq inhouse cloning,"TC Supes collected 16-May-22, pending validation",,Set 6,247,,
,,K74/53,,Neuromabseq inhouse cloning,"Passed validation IHC 04/14/22 shipped to Addgene 6/27/22
",3,Set 6,246,,
,,K75/18,,Neuromabseq inhouse cloning,"Passed validation COS-IF 03/29/22 shipped to Addgene 6/27/22
",3,Set 6,245,,
,,K89/41.2,,Neuromabseq inhouse cloning,"Passed validation IB 5/28/21, shipped to Addgene 9/27/21",2,Set 3,156,,
,,L100/1.2,,Neuromabseq inhouse cloning,"Passed validation COS-IF 10/15/21, shipped to Addgene 01/27/2022",3,Set 3,167,,
,,L106/22,,Neuromabseq inhouse cloning,"Passed validation IB 3/15/22, shipped to Addgene 6/27/22",3,Set 5,194,,
,,L106/22,,Neuromabseq inhouse cloning,"Same as R-194, which passed validation",,Set 6,,,
,,L106/23,,Neuromabseq inhouse cloning,"Passed validation via COS-IF 12/16/22, pending to Addgene",4,Set 6,237,,
,,L106/23,,Neuromabseq inhouse cloning,"TC Supes collected 26-Jan-22, pending validation",,Set 5,195,,
,,L106/94,,Neuromabseq inhouse cloning,"TC Supes collected 26-Jan-22, pending validation",,Set 6,238,,
,,L107/24,,Neuromabseq inhouse cloning,"TC Supes collected 02-Mar-22, failed validation via COS-IF 12/16/22",,Set 6,248,,
,,L107/50,,Neuromabseq inhouse cloning,"TC Supes collected 02-Mar-22, untested",,Set 6,249,,
,,L107/90 VL1,,Neuromabseq inhouse cloning,Passed validation COS-IF 03/16/22 shipped to Addgene 6/27/22,3,Set 6,250,,
,,L107/90 VL2,,Neuromabseq inhouse cloning,L107/90 VL1 passed validation - no need for testing ,,Set 6,,,
,,L107/93,,Neuromabseq inhouse cloning,"TC Supes collected 28-Mar-22, pending validation",,Set 6,253,,
,,L107/95,,Neuromabseq inhouse cloning,Passed validation COS-IF 04/7/22 shipped to Addgene 6/27/22,3,Set 6,254,,
,,L108/17,,Neuromabseq inhouse cloning,"Transfected 11-May-22, pending validation (inconclusive via IB 5/20/2022)",,Set 6,278,,
,,L109/62,,Neuromabseq inhouse cloning,"Passed validation IB 3/15/22, shipped to Addgene 6/27/22",3,Set 6,231,,
,,L111/118,,Neuromabseq inhouse cloning,"Passed seq check, transfected, pending validation (failed validation)",,Set 3,117,,
,,L111/43,,Neuromabseq inhouse cloning,"TC Supes collected 07-Mar-22, pending validation",,Set 6,260,,
,,L113/26,,Neuromabseq inhouse cloning,Passed validation COS-IF 03/16/22 shipped to Addgene 6/27/22,3,Set 6,239,,
,,L113/28,,Neuromabseq inhouse cloning,Passed validation COS-IF 03/16/22 shipped to Addgene 6/27/22,3,Set 6,240,,
,,L113/29,,Neuromabseq inhouse cloning,Passed validation COS-IF 03/16/22 shipped to Addgene 8/11/22,3,Set 6,241,,
,,L113/44,,Neuromabseq inhouse cloning,Passed validation COS-IF 03/16/22 shipped to Addgene 6/27/22,3,Set 6,242,,
,,L113/62,,Neuromabseq inhouse cloning,Passed validation COS-IF 03/16/22 shipped to Addgene 6/27/22,3,Set 6,243,,
,,L114/38,,Neuromabseq inhouse cloning,"Passed validation via COS-IF 4/25/22, shipped to Addgene 6/27/22",3,Set 6,259,,
,,L117/52,,Neuromabseq inhouse cloning,"Passed validation IB 3/15/22, shipped to Addgene 6/27/22
",3,Set 6,244,,
,,L118/103,,Neuromabseq inhouse cloning,"TC Supes collected 02-Mar-22, pending validation",,Set 6,261,,
,,L118/135,,Neuromabseq inhouse cloning,"Passed validation via COS-IF 4/25/22, shipped to Addgene 6/27/22",3,Set 6,279,,
,,L118/14,,Neuromabseq inhouse cloning,"Passed validation via COS-IF 4/25/22, shipped to Addgene 6/27/22",3,Set 6,280,,
,,L119/134 VL1,,Neuromabseq inhouse cloning,"TC Supes collected, pending validation (no need as GA257 passed)",,Set 6,257,,
,,L119/134 VL2,,Neuromabseq inhouse cloning,Passed validation COS-IF 03/29/22 shipped to Addgene 6/27/22,3,Set 6,258,,
,,L120/86,,Neuromabseq inhouse cloning,"TC Supes collected 02-Mar-22,  pending validation",,Set 6,234,,
,,L121/133,,Neuromabseq inhouse cloning,Passed validation COS-IF 04/7/22 shipped to Addgene 6/27/22,3,Set 6,255,,
,,L121/136,,Neuromabseq inhouse cloning,Passed validation COS-IF 03/29/22 shipped to Addgene 8/11/22,3,Set 6,256,,
,,L122/144,,Neuromabseq inhouse cloning,Passed validation COS-IF 03/16/22 shipped to Addgene 6/27/22,3,Set 6,232,,
,,L123/46,,Neuromabseq inhouse cloning,Passed validation COS-IF 03/29/22 shipped to Addgene 6/27/22,3,Set 6,235,,
,,L127/12,,Neuromabseq inhouse cloning,"Passed validation IB 5/28/21, shipped to Addgene 9/27/21",2,Set 3,118,,
,,L128/43,,Neuromabseq inhouse cloning,"Passed seq check, transfected, pending validation",,Set 3,119,,
,,L130/1,,Neuromabseq inhouse cloning,"Passed validation IHC 6/8/21, shipped to Addgene 9/27/21",2,Set 3,120,,
,,L131/17,,Neuromabseq inhouse cloning,"Failed sequencing 02-Mar-22, no need to pursue as GA159 succeeded",,Set 6,,,
,,L131/17,,Neuromabseq inhouse cloning,"Passed validation COS-IF 6/25/21, shipped to Addgene 9/27/21",2,Set 3,159,,
,,L131/20,,Neuromabseq inhouse cloning,"Passed validation IB 5/28/21, shipped to Addgene 9/27/21",2,Set 3,160,,
,,L131/27,,Neuromabseq inhouse cloning,"Passed validation CCN CHN-IF 6/25/21, shipped to Addgene 9/27/21",2,Set 3,161,,
,,L132/18,,Neuromabseq inhouse cloning,"Passed validation IB 3/18/22, shipped to Addgene 6/27/22",3,Set 6,215,,
,,L132/37,,Neuromabseq inhouse cloning,"TC Supes collected 23-Feb-22, pending validation",,Set 6,216,,
,,L24/1,,Neuromabseq inhouse cloning,Passed validation COS-IF 04/7/22 shipped to Addgene 6/27/22,3,Set 6,281,,
,,L24/11,,Neuromabseq inhouse cloning,Passed validation COS-IF 04/7/22 shipped to Addgene 6/27/22,3,Set 6,282,,
,,L24/19,,Neuromabseq inhouse cloning,Passed validation COS-IF 04/7/22 shipped to Addgene 6/27/22,3,Set 6,283,,
,,L24/21,,Neuromabseq inhouse cloning,"Passed validation COS-IF 04/7/22, shipped to Addgene 6/27/22",3,Set 6,284,,
,,L28/36,,Neuromabseq inhouse cloning,Passed validation COS-IF 04/7/22 shipped to Addgene 8/11/22,3,Set 6,285,,
,,L48A/29,,Neuromabseq inhouse cloning,"Transfected 11-May-22, in culture",,Set 6,217,,
,,L48A/31,,Neuromabseq inhouse cloning,"Transfected 11-May-22, in culture",,Set 6,218,,
,,L57/23,,Neuromabseq inhouse cloning,"Passed validation via IB 4/20/22, shipped to Addgene 6/27/22

",3,Set 6,213,,
,,L57/23.1,,Neuromabseq inhouse cloning,"Passed validation IB 5/28/21, shipped to Addgene 9/27/21",2,Set 3,155,,
,,L57/47,,Neuromabseq inhouse cloning,"Passed validation via IB 4/20/22, shipped to Addgene 6/27/22

",3,Set 6,214,,
,,L58A/6,,Neuromabseq inhouse cloning,"Passed validation COS-IF 2/22/22, shipped to Addgene 6/27/22",3,Set 6,207,,
,,L6/48,,Neuromabseq inhouse cloning,"TC Supes collected 06-Apr-22, pending validation ",,Set 7,294,,
,,L61C/30,,Neuromabseq inhouse cloning,"Passed validation IB 3/15/22, shipped to Addgene 6/27/22",3,Set 6,208,,
,,L61C/30.1,,Neuromabseq inhouse cloning,"Passed validation IB 5/28/21, shipped to Addgene 9/27/21",2,Set 3,157,,
,,L61C/7,,Neuromabseq inhouse cloning,"TC Supes collected, pending validation",,Set 6,209,,
,,L64/32,,Neuromabseq inhouse cloning,"Passed validation IHC 6/26/22, shipped to Addgene 8/11/22",3,Set 7,309,,
,,L71/22,,Neuromabseq inhouse cloning,"Passed validation IB 5/3/22, shipped to Addgene 8/11/22",3,Set 6,286,,
,,L83/81,,Neuromabseq inhouse cloning,"Passed validation IHC 6/26/22, shipped to Addgene 8/11/22",3,Set 6,287,,
,,L86/14,,Neuromabseq inhouse cloning,"Passed validation COS-IF 6/29/22, shipped to Addgene 8/11/22",,Set 6,288,,
,,L86/2,,Neuromabseq inhouse cloning,"Passed validation IHC 6/26/22, shipped to Addgene 8/11/22",3,Set 6,289,,
,,N140A/12,,Neuromabseq inhouse cloning,Passed validation COS-IF 03/16/22 shipped to Addgene 6/27/22,3,Set 6,227,,
,,N241A/72,,Neuromabseq inhouse cloning,"Passed validation COS-IF 6/28/22, shipped to Addgene 8/11/22",3,Set 7,313,,
,,N455/27,,Neuromabseq inhouse cloning,Passed sequencing 07-Apr-22,,Set 7,,,
,,N485/22,,Neuromabseq inhouse cloning,"Passed validation via COS-IF 4/25/22, shipped to Addgene 6/27/22",3,Set 7,300,,
,,N486/76.1,,Neuromabseq inhouse cloning,"Passed validation IB 5/11/21, passed COS-IF 06/18/21, shipped to Addgene 9/27/21",2,Set 3,103,,