SampleID	Target_Primer	Primer1ID	Primer1Seq	Primer2ID	Primer2Seq
01-SMARTindex_6-REV-LC	6-REV-LC	01-SMARTindex	CAGCGTCAGTGGTATCAACGCAGAGTACA	6-REV-LC	GGATACAGTTGGTGCAGCATC
02-SMARTindex_6-REV-LC	6-REV-LC	02-SMARTindex	GATCACCAGTGGTATCAACGCAGAGTACA	6-REV-LC	GGATACAGTTGGTGCAGCATC
03-SMARTindex_6-REV-LC	6-REV-LC	03-SMARTindex	ACCAGTCAGTGGTATCAACGCAGAGTACA	6-REV-LC	GGATACAGTTGGTGCAGCATC
04-SMARTindex_6-REV-LC	6-REV-LC	04-SMARTindex	TGCACGCAGTGGTATCAACGCAGAGTACA	6-REV-LC	GGATACAGTTGGTGCAGCATC
05-SMARTindex_6-REV-LC	6-REV-LC	05-SMARTindex	ACATTACAGTGGTATCAACGCAGAGTACA	6-REV-LC	GGATACAGTTGGTGCAGCATC
06-SMARTindex_6-REV-LC	6-REV-LC	06-SMARTindex	GTGTAGCAGTGGTATCAACGCAGAGTACA	6-REV-LC	GGATACAGTTGGTGCAGCATC
07-SMARTindex_6-REV-LC	6-REV-LC	07-SMARTindex	CTAGTCCAGTGGTATCAACGCAGAGTACA	6-REV-LC	GGATACAGTTGGTGCAGCATC
08-SMARTindex_6-REV-LC	6-REV-LC	08-SMARTindex	TGTGCACAGTGGTATCAACGCAGAGTACA	6-REV-LC	GGATACAGTTGGTGCAGCATC
09-SMARTindex_6-REV-LC	6-REV-LC	09-SMARTindex	TCAGGAACAGTGGTATCAACGCAGAGTACA	6-REV-LC	GGATACAGTTGGTGCAGCATC
10-SMARTindex_6-REV-LC	6-REV-LC	10-SMARTindex	CGGTTAACAGTGGTATCAACGCAGAGTACA	6-REV-LC	GGATACAGTTGGTGCAGCATC
11-SMARTindex_6-REV-LC	6-REV-LC	11-SMARTindex	TTAACTACAGTGGTATCAACGCAGAGTACA	6-REV-LC	GGATACAGTTGGTGCAGCATC
12-SMARTindex_6-REV-LC	6-REV-LC	12-SMARTindex	ATGAACACAGTGGTATCAACGCAGAGTACA	6-REV-LC	GGATACAGTTGGTGCAGCATC
13-SMARTindex_6-REV-LC	6-REV-LC	13-SMARTindex	CCTAAGACAGTGGTATCAACGCAGAGTACA	6-REV-LC	GGATACAGTTGGTGCAGCATC
14-SMARTindex_6-REV-LC	6-REV-LC	14-SMARTindex	AATCCGACAGTGGTATCAACGCAGAGTACA	6-REV-LC	GGATACAGTTGGTGCAGCATC
15-SMARTindex_6-REV-LC	6-REV-LC	15-SMARTindex	GGCTGCACAGTGGTATCAACGCAGAGTACA	6-REV-LC	GGATACAGTTGGTGCAGCATC
16-SMARTindex_6-REV-LC	6-REV-LC	16-SMARTindex	TACCTTACAGTGGTATCAACGCAGAGTACA	6-REV-LC	GGATACAGTTGGTGCAGCATC
17-SMARTindex_6-REV-LC	6-REV-LC	17-SMARTindex	TCTTAATCAGTGGTATCAACGCAGAGTACA	6-REV-LC	GGATACAGTTGGTGCAGCATC
18-SMARTindex_6-REV-LC	6-REV-LC	18-SMARTindex	GTCAGGTCAGTGGTATCAACGCAGAGTACA	6-REV-LC	GGATACAGTTGGTGCAGCATC
19-SMARTindex_6-REV-LC	6-REV-LC	19-SMARTindex	ATACTGTCAGTGGTATCAACGCAGAGTACA	6-REV-LC	GGATACAGTTGGTGCAGCATC
20-SMARTindex_6-REV-LC	6-REV-LC	20-SMARTindex	TATGTCTCAGTGGTATCAACGCAGAGTACA	6-REV-LC	GGATACAGTTGGTGCAGCATC
21-SMARTindex_6-REV-LC	6-REV-LC	21-SMARTindex	GAGTCCTCAGTGGTATCAACGCAGAGTACA	6-REV-LC	GGATACAGTTGGTGCAGCATC
22-SMARTindex_6-REV-LC	6-REV-LC	22-SMARTindex	GGAGGTTCAGTGGTATCAACGCAGAGTACA	6-REV-LC	GGATACAGTTGGTGCAGCATC
23-SMARTindex_6-REV-LC	6-REV-LC	23-SMARTindex	CACACTTCAGTGGTATCAACGCAGAGTACA	6-REV-LC	GGATACAGTTGGTGCAGCATC
24-SMARTindex_6-REV-LC	6-REV-LC	24-SMARTindex	CCGCAATCAGTGGTATCAACGCAGAGTACA	6-REV-LC	GGATACAGTTGGTGCAGCATC
25-SMARTindex_6-REV-LC	6-REV-LC	25-SMARTindex	TTTATGCAGTGGTATCAACGCAGAGTACA	6-REV-LC	GGATACAGTTGGTGCAGCATC
26-SMARTindex_6-REV-LC	6-REV-LC	26-SMARTindex	AACGCCCAGTGGTATCAACGCAGAGTACA	6-REV-LC	GGATACAGTTGGTGCAGCATC
27-SMARTindex_6-REV-LC	6-REV-LC	27-SMARTindex	CAAGCACAGTGGTATCAACGCAGAGTACA	6-REV-LC	GGATACAGTTGGTGCAGCATC
28-SMARTindex_6-REV-LC	6-REV-LC	28-SMARTindex	GCTCGACAGTGGTATCAACGCAGAGTACA	6-REV-LC	GGATACAGTTGGTGCAGCATC
29-SMARTindex_6-REV-LC	6-REV-LC	29-SMARTindex	GCGAATCAGTGGTATCAACGCAGAGTACA	6-REV-LC	GGATACAGTTGGTGCAGCATC
30-SMARTindex_6-REV-LC	6-REV-LC	30-SMARTindex	TGGATTCAGTGGTATCAACGCAGAGTACA	6-REV-LC	GGATACAGTTGGTGCAGCATC
31-SMARTindex_6-REV-LC	6-REV-LC	31-SMARTindex	ACCTACCAGTGGTATCAACGCAGAGTACA	6-REV-LC	GGATACAGTTGGTGCAGCATC
32-SMARTindex_6-REV-LC	6-REV-LC	32-SMARTindex	CGAAGGCAGTGGTATCAACGCAGAGTACA	6-REV-LC	GGATACAGTTGGTGCAGCATC
33-SMARTindex_6-REV-LC	6-REV-LC	33-SMARTindex	AGATAGAACAGTGGTATCAACGCAGAGTACA	6-REV-LC	GGATACAGTTGGTGCAGCATC
34-SMARTindex_6-REV-LC	6-REV-LC	34-SMARTindex	TTGGTAAACAGTGGTATCAACGCAGAGTACA	6-REV-LC	GGATACAGTTGGTGCAGCATC
35-SMARTindex_6-REV-LC	6-REV-LC	35-SMARTindex	GTTACCAACAGTGGTATCAACGCAGAGTACA	6-REV-LC	GGATACAGTTGGTGCAGCATC
36-SMARTindex_6-REV-LC	6-REV-LC	36-SMARTindex	CGCAACAACAGTGGTATCAACGCAGAGTACA	6-REV-LC	GGATACAGTTGGTGCAGCATC
37-SMARTindex_6-REV-LC	6-REV-LC	37-SMARTindex	TGGCGAAACAGTGGTATCAACGCAGAGTACA	6-REV-LC	GGATACAGTTGGTGCAGCATC
38-SMARTindex_6-REV-LC	6-REV-LC	38-SMARTindex	ACCGTGAACAGTGGTATCAACGCAGAGTACA	6-REV-LC	GGATACAGTTGGTGCAGCATC
39-SMARTindex_6-REV-LC	6-REV-LC	39-SMARTindex	CAACAGAACAGTGGTATCAACGCAGAGTACA	6-REV-LC	GGATACAGTTGGTGCAGCATC
40-SMARTindex_6-REV-LC	6-REV-LC	40-SMARTindex	GATTGTAACAGTGGTATCAACGCAGAGTACA	6-REV-LC	GGATACAGTTGGTGCAGCATC
41-SMARTindex_6-REV-LC	6-REV-LC	41-SMARTindex	CTCTCGATCAGTGGTATCAACGCAGAGTACA	6-REV-LC	GGATACAGTTGGTGCAGCATC
42-SMARTindex_6-REV-LC	6-REV-LC	42-SMARTindex	TGACACATCAGTGGTATCAACGCAGAGTACA	6-REV-LC	GGATACAGTTGGTGCAGCATC
43-SMARTindex_6-REV-LC	6-REV-LC	43-SMARTindex	AAGACAATCAGTGGTATCAACGCAGAGTACA	6-REV-LC	GGATACAGTTGGTGCAGCATC
44-SMARTindex_6-REV-LC	6-REV-LC	44-SMARTindex	ACAGATATCAGTGGTATCAACGCAGAGTACA	6-REV-LC	GGATACAGTTGGTGCAGCATC
45-SMARTindex_6-REV-LC	6-REV-LC	45-SMARTindex	TAGGCTATCAGTGGTATCAACGCAGAGTACA	6-REV-LC	GGATACAGTTGGTGCAGCATC
46-SMARTindex_6-REV-LC	6-REV-LC	46-SMARTindex	CTCCATATCAGTGGTATCAACGCAGAGTACA	6-REV-LC	GGATACAGTTGGTGCAGCATC
47-SMARTindex_6-REV-LC	6-REV-LC	47-SMARTindex	GCATGGATCAGTGGTATCAACGCAGAGTACA	6-REV-LC	GGATACAGTTGGTGCAGCATC
48-SMARTindex_6-REV-LC	6-REV-LC	48-SMARTindex	AATAGCATCAGTGGTATCAACGCAGAGTACA	6-REV-LC	GGATACAGTTGGTGCAGCATC
49-SMARTindex_6-REV-LC	6-REV-LC	49-SMARTindex	GTGCCATACAGTGGTATCAACGCAGAGTACA	6-REV-LC	GGATACAGTTGGTGCAGCATC
50-SMARTindex_6-REV-LC	6-REV-LC	50-SMARTindex	TCGAGGTACAGTGGTATCAACGCAGAGTACA	6-REV-LC	GGATACAGTTGGTGCAGCATC
51-SMARTindex_6-REV-LC	6-REV-LC	51-SMARTindex	CACTAATACAGTGGTATCAACGCAGAGTACA	6-REV-LC	GGATACAGTTGGTGCAGCATC
52-SMARTindex_6-REV-LC	6-REV-LC	52-SMARTindex	GGTATATACAGTGGTATCAACGCAGAGTACA	6-REV-LC	GGATACAGTTGGTGCAGCATC
53-SMARTindex_6-REV-LC	6-REV-LC	53-SMARTindex	CGCCTGTACAGTGGTATCAACGCAGAGTACA	6-REV-LC	GGATACAGTTGGTGCAGCATC
54-SMARTindex_6-REV-LC	6-REV-LC	54-SMARTindex	AATGAATACAGTGGTATCAACGCAGAGTACA	6-REV-LC	GGATACAGTTGGTGCAGCATC
55-SMARTindex_6-REV-LC	6-REV-LC	55-SMARTindex	ACAACGTACAGTGGTATCAACGCAGAGTACA	6-REV-LC	GGATACAGTTGGTGCAGCATC
56-SMARTindex_6-REV-LC	6-REV-LC	56-SMARTindex	ATATCCTACAGTGGTATCAACGCAGAGTACA	6-REV-LC	GGATACAGTTGGTGCAGCATC
57-SMARTindex_6-REV-LC	6-REV-LC	57-SMARTindex	AGTACTCAGTGGTATCAACGCAGAGTACA	6-REV-LC	GGATACAGTTGGTGCAGCATC
58-SMARTindex_6-REV-LC	6-REV-LC	58-SMARTindex	ATAAGACAGTGGTATCAACGCAGAGTACA	6-REV-LC	GGATACAGTTGGTGCAGCATC
59-SMARTindex_6-REV-LC	6-REV-LC	59-SMARTindex	GGTGAGCAGTGGTATCAACGCAGAGTACA	6-REV-LC	GGATACAGTTGGTGCAGCATC
60-SMARTindex_6-REV-LC	6-REV-LC	60-SMARTindex	TTCCGCCAGTGGTATCAACGCAGAGTACA	6-REV-LC	GGATACAGTTGGTGCAGCATC
61-SMARTindex_6-REV-LC	6-REV-LC	61-SMARTindex	GAAGTGCAGTGGTATCAACGCAGAGTACA	6-REV-LC	GGATACAGTTGGTGCAGCATC
62-SMARTindex_6-REV-LC	6-REV-LC	62-SMARTindex	CAATGCCAGTGGTATCAACGCAGAGTACA	6-REV-LC	GGATACAGTTGGTGCAGCATC
63-SMARTindex_6-REV-LC	6-REV-LC	63-SMARTindex	ACGTCTCAGTGGTATCAACGCAGAGTACA	6-REV-LC	GGATACAGTTGGTGCAGCATC
64-SMARTindex_6-REV-LC	6-REV-LC	64-SMARTindex	CAGGACCAGTGGTATCAACGCAGAGTACA	6-REV-LC	GGATACAGTTGGTGCAGCATC
65-SMARTindex_6-REV-LC	6-REV-LC	65-SMARTindex	AAGCTCCAGTGGTATCAACGCAGAGTACA	6-REV-LC	GGATACAGTTGGTGCAGCATC
66-SMARTindex_6-REV-LC	6-REV-LC	66-SMARTindex	GACGATCAGTGGTATCAACGCAGAGTACA	6-REV-LC	GGATACAGTTGGTGCAGCATC
67-SMARTindex_6-REV-LC	6-REV-LC	67-SMARTindex	TCGTTCCAGTGGTATCAACGCAGAGTACA	6-REV-LC	GGATACAGTTGGTGCAGCATC
68-SMARTindex_6-REV-LC	6-REV-LC	68-SMARTindex	CCAATTCAGTGGTATCAACGCAGAGTACA	6-REV-LC	GGATACAGTTGGTGCAGCATC
69-SMARTindex_6-REV-LC	6-REV-LC	69-SMARTindex	AGTTGACAGTGGTATCAACGCAGAGTACA	6-REV-LC	GGATACAGTTGGTGCAGCATC
70-SMARTindex_6-REV-LC	6-REV-LC	70-SMARTindex	AACCGACAGTGGTATCAACGCAGAGTACA	6-REV-LC	GGATACAGTTGGTGCAGCATC
71-SMARTindex_6-REV-LC	6-REV-LC	71-SMARTindex	CAGATGCAGTGGTATCAACGCAGAGTACA	6-REV-LC	GGATACAGTTGGTGCAGCATC
72-SMARTindex_6-REV-LC	6-REV-LC	72-SMARTindex	GTAGAACAGTGGTATCAACGCAGAGTACA	6-REV-LC	GGATACAGTTGGTGCAGCATC
73-SMARTindex_6-REV-LC	6-REV-LC	73-SMARTindex	GACATCACAGTGGTATCAACGCAGAGTACA	6-REV-LC	GGATACAGTTGGTGCAGCATC
74-SMARTindex_6-REV-LC	6-REV-LC	74-SMARTindex	CGATCTACAGTGGTATCAACGCAGAGTACA	6-REV-LC	GGATACAGTTGGTGCAGCATC
75-SMARTindex_6-REV-LC	6-REV-LC	75-SMARTindex	CGTCGCACAGTGGTATCAACGCAGAGTACA	6-REV-LC	GGATACAGTTGGTGCAGCATC
76-SMARTindex_6-REV-LC	6-REV-LC	76-SMARTindex	ATGGCGACAGTGGTATCAACGCAGAGTACA	6-REV-LC	GGATACAGTTGGTGCAGCATC
77-SMARTindex_6-REV-LC	6-REV-LC	77-SMARTindex	ATTGGTACAGTGGTATCAACGCAGAGTACA	6-REV-LC	GGATACAGTTGGTGCAGCATC
78-SMARTindex_6-REV-LC	6-REV-LC	78-SMARTindex	GCCACAACAGTGGTATCAACGCAGAGTACA	6-REV-LC	GGATACAGTTGGTGCAGCATC
79-SMARTindex_6-REV-LC	6-REV-LC	79-SMARTindex	CATCTAACAGTGGTATCAACGCAGAGTACA	6-REV-LC	GGATACAGTTGGTGCAGCATC
80-SMARTindex_6-REV-LC	6-REV-LC	80-SMARTindex	AACAAGACAGTGGTATCAACGCAGAGTACA	6-REV-LC	GGATACAGTTGGTGCAGCATC
81-SMARTindex_6-REV-LC	6-REV-LC	81-SMARTindex	GCAGCCTCAGTGGTATCAACGCAGAGTACA	6-REV-LC	GGATACAGTTGGTGCAGCATC
82-SMARTindex_6-REV-LC	6-REV-LC	82-SMARTindex	ACTCTTTCAGTGGTATCAACGCAGAGTACA	6-REV-LC	GGATACAGTTGGTGCAGCATC
83-SMARTindex_6-REV-LC	6-REV-LC	83-SMARTindex	TGCTATTCAGTGGTATCAACGCAGAGTACA	6-REV-LC	GGATACAGTTGGTGCAGCATC
84-SMARTindex_6-REV-LC	6-REV-LC	84-SMARTindex	AAGTGGTCAGTGGTATCAACGCAGAGTACA	6-REV-LC	GGATACAGTTGGTGCAGCATC
85-SMARTindex_6-REV-LC	6-REV-LC	85-SMARTindex	CTCATATCAGTGGTATCAACGCAGAGTACA	6-REV-LC	GGATACAGTTGGTGCAGCATC
86-SMARTindex_6-REV-LC	6-REV-LC	86-SMARTindex	CCGACCTCAGTGGTATCAACGCAGAGTACA	6-REV-LC	GGATACAGTTGGTGCAGCATC
87-SMARTindex_6-REV-LC	6-REV-LC	87-SMARTindex	GGCCAATCAGTGGTATCAACGCAGAGTACA	6-REV-LC	GGATACAGTTGGTGCAGCATC
88-SMARTindex_6-REV-LC	6-REV-LC	88-SMARTindex	AGACCATCAGTGGTATCAACGCAGAGTACA	6-REV-LC	GGATACAGTTGGTGCAGCATC
89-SMARTindex_6-REV-LC	6-REV-LC	89-SMARTindex	CGCGGACAGTGGTATCAACGCAGAGTACA	6-REV-LC	GGATACAGTTGGTGCAGCATC
90-SMARTindex_6-REV-LC	6-REV-LC	90-SMARTindex	CCTGCTCAGTGGTATCAACGCAGAGTACA	6-REV-LC	GGATACAGTTGGTGCAGCATC
91-SMARTindex_6-REV-LC	6-REV-LC	91-SMARTindex	GCGCTGCAGTGGTATCAACGCAGAGTACA	6-REV-LC	GGATACAGTTGGTGCAGCATC
92-SMARTindex_6-REV-LC	6-REV-LC	92-SMARTindex	GAACCTCAGTGGTATCAACGCAGAGTACA	6-REV-LC	GGATACAGTTGGTGCAGCATC
93-SMARTindex_6-REV-LC	6-REV-LC	93-SMARTindex	TTCGAGCAGTGGTATCAACGCAGAGTACA	6-REV-LC	GGATACAGTTGGTGCAGCATC
94-SMARTindex_6-REV-LC	6-REV-LC	94-SMARTindex	AGAATCCAGTGGTATCAACGCAGAGTACA	6-REV-LC	GGATACAGTTGGTGCAGCATC
95-SMARTindex_6-REV-LC	6-REV-LC	95-SMARTindex	AGGCATCAGTGGTATCAACGCAGAGTACA	6-REV-LC	GGATACAGTTGGTGCAGCATC
96-SMARTindex_6-REV-LC	6-REV-LC	96-SMARTindex	ACACGCCAGTGGTATCAACGCAGAGTACA	6-REV-LC	GGATACAGTTGGTGCAGCATC
01-SMARTindex_10-REV-HC1	10-REV-HC1	01-SMARTindex	CAGCGTCAGTGGTATCAACGCAGAGTACA	10-REV-HC1	ATAGACAGATGGGGGTGTCGTTTTGGC
02-SMARTindex_10-REV-HC1	10-REV-HC1	02-SMARTindex	GATCACCAGTGGTATCAACGCAGAGTACA	10-REV-HC1	ATAGACAGATGGGGGTGTCGTTTTGGC
03-SMARTindex_10-REV-HC1	10-REV-HC1	03-SMARTindex	ACCAGTCAGTGGTATCAACGCAGAGTACA	10-REV-HC1	ATAGACAGATGGGGGTGTCGTTTTGGC
04-SMARTindex_10-REV-HC1	10-REV-HC1	04-SMARTindex	TGCACGCAGTGGTATCAACGCAGAGTACA	10-REV-HC1	ATAGACAGATGGGGGTGTCGTTTTGGC
05-SMARTindex_10-REV-HC1	10-REV-HC1	05-SMARTindex	ACATTACAGTGGTATCAACGCAGAGTACA	10-REV-HC1	ATAGACAGATGGGGGTGTCGTTTTGGC
06-SMARTindex_10-REV-HC1	10-REV-HC1	06-SMARTindex	GTGTAGCAGTGGTATCAACGCAGAGTACA	10-REV-HC1	ATAGACAGATGGGGGTGTCGTTTTGGC
07-SMARTindex_10-REV-HC1	10-REV-HC1	07-SMARTindex	CTAGTCCAGTGGTATCAACGCAGAGTACA	10-REV-HC1	ATAGACAGATGGGGGTGTCGTTTTGGC
08-SMARTindex_10-REV-HC1	10-REV-HC1	08-SMARTindex	TGTGCACAGTGGTATCAACGCAGAGTACA	10-REV-HC1	ATAGACAGATGGGGGTGTCGTTTTGGC
09-SMARTindex_10-REV-HC1	10-REV-HC1	09-SMARTindex	TCAGGAACAGTGGTATCAACGCAGAGTACA	10-REV-HC1	ATAGACAGATGGGGGTGTCGTTTTGGC
10-SMARTindex_10-REV-HC1	10-REV-HC1	10-SMARTindex	CGGTTAACAGTGGTATCAACGCAGAGTACA	10-REV-HC1	ATAGACAGATGGGGGTGTCGTTTTGGC
11-SMARTindex_10-REV-HC1	10-REV-HC1	11-SMARTindex	TTAACTACAGTGGTATCAACGCAGAGTACA	10-REV-HC1	ATAGACAGATGGGGGTGTCGTTTTGGC
12-SMARTindex_10-REV-HC1	10-REV-HC1	12-SMARTindex	ATGAACACAGTGGTATCAACGCAGAGTACA	10-REV-HC1	ATAGACAGATGGGGGTGTCGTTTTGGC
13-SMARTindex_10-REV-HC1	10-REV-HC1	13-SMARTindex	CCTAAGACAGTGGTATCAACGCAGAGTACA	10-REV-HC1	ATAGACAGATGGGGGTGTCGTTTTGGC
14-SMARTindex_10-REV-HC1	10-REV-HC1	14-SMARTindex	AATCCGACAGTGGTATCAACGCAGAGTACA	10-REV-HC1	ATAGACAGATGGGGGTGTCGTTTTGGC
15-SMARTindex_10-REV-HC1	10-REV-HC1	15-SMARTindex	GGCTGCACAGTGGTATCAACGCAGAGTACA	10-REV-HC1	ATAGACAGATGGGGGTGTCGTTTTGGC
16-SMARTindex_10-REV-HC1	10-REV-HC1	16-SMARTindex	TACCTTACAGTGGTATCAACGCAGAGTACA	10-REV-HC1	ATAGACAGATGGGGGTGTCGTTTTGGC
17-SMARTindex_10-REV-HC1	10-REV-HC1	17-SMARTindex	TCTTAATCAGTGGTATCAACGCAGAGTACA	10-REV-HC1	ATAGACAGATGGGGGTGTCGTTTTGGC
18-SMARTindex_10-REV-HC1	10-REV-HC1	18-SMARTindex	GTCAGGTCAGTGGTATCAACGCAGAGTACA	10-REV-HC1	ATAGACAGATGGGGGTGTCGTTTTGGC
19-SMARTindex_10-REV-HC1	10-REV-HC1	19-SMARTindex	ATACTGTCAGTGGTATCAACGCAGAGTACA	10-REV-HC1	ATAGACAGATGGGGGTGTCGTTTTGGC
20-SMARTindex_10-REV-HC1	10-REV-HC1	20-SMARTindex	TATGTCTCAGTGGTATCAACGCAGAGTACA	10-REV-HC1	ATAGACAGATGGGGGTGTCGTTTTGGC
21-SMARTindex_10-REV-HC1	10-REV-HC1	21-SMARTindex	GAGTCCTCAGTGGTATCAACGCAGAGTACA	10-REV-HC1	ATAGACAGATGGGGGTGTCGTTTTGGC
22-SMARTindex_10-REV-HC1	10-REV-HC1	22-SMARTindex	GGAGGTTCAGTGGTATCAACGCAGAGTACA	10-REV-HC1	ATAGACAGATGGGGGTGTCGTTTTGGC
23-SMARTindex_10-REV-HC1	10-REV-HC1	23-SMARTindex	CACACTTCAGTGGTATCAACGCAGAGTACA	10-REV-HC1	ATAGACAGATGGGGGTGTCGTTTTGGC
24-SMARTindex_10-REV-HC1	10-REV-HC1	24-SMARTindex	CCGCAATCAGTGGTATCAACGCAGAGTACA	10-REV-HC1	ATAGACAGATGGGGGTGTCGTTTTGGC
25-SMARTindex_10-REV-HC1	10-REV-HC1	25-SMARTindex	TTTATGCAGTGGTATCAACGCAGAGTACA	10-REV-HC1	ATAGACAGATGGGGGTGTCGTTTTGGC
26-SMARTindex_10-REV-HC1	10-REV-HC1	26-SMARTindex	AACGCCCAGTGGTATCAACGCAGAGTACA	10-REV-HC1	ATAGACAGATGGGGGTGTCGTTTTGGC
27-SMARTindex_10-REV-HC1	10-REV-HC1	27-SMARTindex	CAAGCACAGTGGTATCAACGCAGAGTACA	10-REV-HC1	ATAGACAGATGGGGGTGTCGTTTTGGC
28-SMARTindex_10-REV-HC1	10-REV-HC1	28-SMARTindex	GCTCGACAGTGGTATCAACGCAGAGTACA	10-REV-HC1	ATAGACAGATGGGGGTGTCGTTTTGGC
29-SMARTindex_10-REV-HC1	10-REV-HC1	29-SMARTindex	GCGAATCAGTGGTATCAACGCAGAGTACA	10-REV-HC1	ATAGACAGATGGGGGTGTCGTTTTGGC
30-SMARTindex_10-REV-HC1	10-REV-HC1	30-SMARTindex	TGGATTCAGTGGTATCAACGCAGAGTACA	10-REV-HC1	ATAGACAGATGGGGGTGTCGTTTTGGC
31-SMARTindex_10-REV-HC1	10-REV-HC1	31-SMARTindex	ACCTACCAGTGGTATCAACGCAGAGTACA	10-REV-HC1	ATAGACAGATGGGGGTGTCGTTTTGGC
32-SMARTindex_10-REV-HC1	10-REV-HC1	32-SMARTindex	CGAAGGCAGTGGTATCAACGCAGAGTACA	10-REV-HC1	ATAGACAGATGGGGGTGTCGTTTTGGC
33-SMARTindex_10-REV-HC1	10-REV-HC1	33-SMARTindex	AGATAGAACAGTGGTATCAACGCAGAGTACA	10-REV-HC1	ATAGACAGATGGGGGTGTCGTTTTGGC
34-SMARTindex_10-REV-HC1	10-REV-HC1	34-SMARTindex	TTGGTAAACAGTGGTATCAACGCAGAGTACA	10-REV-HC1	ATAGACAGATGGGGGTGTCGTTTTGGC
35-SMARTindex_10-REV-HC1	10-REV-HC1	35-SMARTindex	GTTACCAACAGTGGTATCAACGCAGAGTACA	10-REV-HC1	ATAGACAGATGGGGGTGTCGTTTTGGC
36-SMARTindex_10-REV-HC1	10-REV-HC1	36-SMARTindex	CGCAACAACAGTGGTATCAACGCAGAGTACA	10-REV-HC1	ATAGACAGATGGGGGTGTCGTTTTGGC
37-SMARTindex_10-REV-HC1	10-REV-HC1	37-SMARTindex	TGGCGAAACAGTGGTATCAACGCAGAGTACA	10-REV-HC1	ATAGACAGATGGGGGTGTCGTTTTGGC
38-SMARTindex_10-REV-HC1	10-REV-HC1	38-SMARTindex	ACCGTGAACAGTGGTATCAACGCAGAGTACA	10-REV-HC1	ATAGACAGATGGGGGTGTCGTTTTGGC
39-SMARTindex_10-REV-HC1	10-REV-HC1	39-SMARTindex	CAACAGAACAGTGGTATCAACGCAGAGTACA	10-REV-HC1	ATAGACAGATGGGGGTGTCGTTTTGGC
40-SMARTindex_10-REV-HC1	10-REV-HC1	40-SMARTindex	GATTGTAACAGTGGTATCAACGCAGAGTACA	10-REV-HC1	ATAGACAGATGGGGGTGTCGTTTTGGC
41-SMARTindex_10-REV-HC1	10-REV-HC1	41-SMARTindex	CTCTCGATCAGTGGTATCAACGCAGAGTACA	10-REV-HC1	ATAGACAGATGGGGGTGTCGTTTTGGC
42-SMARTindex_10-REV-HC1	10-REV-HC1	42-SMARTindex	TGACACATCAGTGGTATCAACGCAGAGTACA	10-REV-HC1	ATAGACAGATGGGGGTGTCGTTTTGGC
43-SMARTindex_10-REV-HC1	10-REV-HC1	43-SMARTindex	AAGACAATCAGTGGTATCAACGCAGAGTACA	10-REV-HC1	ATAGACAGATGGGGGTGTCGTTTTGGC
44-SMARTindex_10-REV-HC1	10-REV-HC1	44-SMARTindex	ACAGATATCAGTGGTATCAACGCAGAGTACA	10-REV-HC1	ATAGACAGATGGGGGTGTCGTTTTGGC
45-SMARTindex_10-REV-HC1	10-REV-HC1	45-SMARTindex	TAGGCTATCAGTGGTATCAACGCAGAGTACA	10-REV-HC1	ATAGACAGATGGGGGTGTCGTTTTGGC
46-SMARTindex_10-REV-HC1	10-REV-HC1	46-SMARTindex	CTCCATATCAGTGGTATCAACGCAGAGTACA	10-REV-HC1	ATAGACAGATGGGGGTGTCGTTTTGGC
47-SMARTindex_10-REV-HC1	10-REV-HC1	47-SMARTindex	GCATGGATCAGTGGTATCAACGCAGAGTACA	10-REV-HC1	ATAGACAGATGGGGGTGTCGTTTTGGC
48-SMARTindex_10-REV-HC1	10-REV-HC1	48-SMARTindex	AATAGCATCAGTGGTATCAACGCAGAGTACA	10-REV-HC1	ATAGACAGATGGGGGTGTCGTTTTGGC
49-SMARTindex_10-REV-HC1	10-REV-HC1	49-SMARTindex	GTGCCATACAGTGGTATCAACGCAGAGTACA	10-REV-HC1	ATAGACAGATGGGGGTGTCGTTTTGGC
50-SMARTindex_10-REV-HC1	10-REV-HC1	50-SMARTindex	TCGAGGTACAGTGGTATCAACGCAGAGTACA	10-REV-HC1	ATAGACAGATGGGGGTGTCGTTTTGGC
51-SMARTindex_10-REV-HC1	10-REV-HC1	51-SMARTindex	CACTAATACAGTGGTATCAACGCAGAGTACA	10-REV-HC1	ATAGACAGATGGGGGTGTCGTTTTGGC
52-SMARTindex_10-REV-HC1	10-REV-HC1	52-SMARTindex	GGTATATACAGTGGTATCAACGCAGAGTACA	10-REV-HC1	ATAGACAGATGGGGGTGTCGTTTTGGC
53-SMARTindex_10-REV-HC1	10-REV-HC1	53-SMARTindex	CGCCTGTACAGTGGTATCAACGCAGAGTACA	10-REV-HC1	ATAGACAGATGGGGGTGTCGTTTTGGC
54-SMARTindex_10-REV-HC1	10-REV-HC1	54-SMARTindex	AATGAATACAGTGGTATCAACGCAGAGTACA	10-REV-HC1	ATAGACAGATGGGGGTGTCGTTTTGGC
55-SMARTindex_10-REV-HC1	10-REV-HC1	55-SMARTindex	ACAACGTACAGTGGTATCAACGCAGAGTACA	10-REV-HC1	ATAGACAGATGGGGGTGTCGTTTTGGC
56-SMARTindex_10-REV-HC1	10-REV-HC1	56-SMARTindex	ATATCCTACAGTGGTATCAACGCAGAGTACA	10-REV-HC1	ATAGACAGATGGGGGTGTCGTTTTGGC
57-SMARTindex_10-REV-HC1	10-REV-HC1	57-SMARTindex	AGTACTCAGTGGTATCAACGCAGAGTACA	10-REV-HC1	ATAGACAGATGGGGGTGTCGTTTTGGC
58-SMARTindex_10-REV-HC1	10-REV-HC1	58-SMARTindex	ATAAGACAGTGGTATCAACGCAGAGTACA	10-REV-HC1	ATAGACAGATGGGGGTGTCGTTTTGGC
59-SMARTindex_10-REV-HC1	10-REV-HC1	59-SMARTindex	GGTGAGCAGTGGTATCAACGCAGAGTACA	10-REV-HC1	ATAGACAGATGGGGGTGTCGTTTTGGC
60-SMARTindex_10-REV-HC1	10-REV-HC1	60-SMARTindex	TTCCGCCAGTGGTATCAACGCAGAGTACA	10-REV-HC1	ATAGACAGATGGGGGTGTCGTTTTGGC
61-SMARTindex_10-REV-HC1	10-REV-HC1	61-SMARTindex	GAAGTGCAGTGGTATCAACGCAGAGTACA	10-REV-HC1	ATAGACAGATGGGGGTGTCGTTTTGGC
62-SMARTindex_10-REV-HC1	10-REV-HC1	62-SMARTindex	CAATGCCAGTGGTATCAACGCAGAGTACA	10-REV-HC1	ATAGACAGATGGGGGTGTCGTTTTGGC
63-SMARTindex_10-REV-HC1	10-REV-HC1	63-SMARTindex	ACGTCTCAGTGGTATCAACGCAGAGTACA	10-REV-HC1	ATAGACAGATGGGGGTGTCGTTTTGGC
64-SMARTindex_10-REV-HC1	10-REV-HC1	64-SMARTindex	CAGGACCAGTGGTATCAACGCAGAGTACA	10-REV-HC1	ATAGACAGATGGGGGTGTCGTTTTGGC
65-SMARTindex_10-REV-HC1	10-REV-HC1	65-SMARTindex	AAGCTCCAGTGGTATCAACGCAGAGTACA	10-REV-HC1	ATAGACAGATGGGGGTGTCGTTTTGGC
66-SMARTindex_10-REV-HC1	10-REV-HC1	66-SMARTindex	GACGATCAGTGGTATCAACGCAGAGTACA	10-REV-HC1	ATAGACAGATGGGGGTGTCGTTTTGGC
67-SMARTindex_10-REV-HC1	10-REV-HC1	67-SMARTindex	TCGTTCCAGTGGTATCAACGCAGAGTACA	10-REV-HC1	ATAGACAGATGGGGGTGTCGTTTTGGC
68-SMARTindex_10-REV-HC1	10-REV-HC1	68-SMARTindex	CCAATTCAGTGGTATCAACGCAGAGTACA	10-REV-HC1	ATAGACAGATGGGGGTGTCGTTTTGGC
69-SMARTindex_10-REV-HC1	10-REV-HC1	69-SMARTindex	AGTTGACAGTGGTATCAACGCAGAGTACA	10-REV-HC1	ATAGACAGATGGGGGTGTCGTTTTGGC
70-SMARTindex_10-REV-HC1	10-REV-HC1	70-SMARTindex	AACCGACAGTGGTATCAACGCAGAGTACA	10-REV-HC1	ATAGACAGATGGGGGTGTCGTTTTGGC
71-SMARTindex_10-REV-HC1	10-REV-HC1	71-SMARTindex	CAGATGCAGTGGTATCAACGCAGAGTACA	10-REV-HC1	ATAGACAGATGGGGGTGTCGTTTTGGC
72-SMARTindex_10-REV-HC1	10-REV-HC1	72-SMARTindex	GTAGAACAGTGGTATCAACGCAGAGTACA	10-REV-HC1	ATAGACAGATGGGGGTGTCGTTTTGGC
73-SMARTindex_10-REV-HC1	10-REV-HC1	73-SMARTindex	GACATCACAGTGGTATCAACGCAGAGTACA	10-REV-HC1	ATAGACAGATGGGGGTGTCGTTTTGGC
74-SMARTindex_10-REV-HC1	10-REV-HC1	74-SMARTindex	CGATCTACAGTGGTATCAACGCAGAGTACA	10-REV-HC1	ATAGACAGATGGGGGTGTCGTTTTGGC
75-SMARTindex_10-REV-HC1	10-REV-HC1	75-SMARTindex	CGTCGCACAGTGGTATCAACGCAGAGTACA	10-REV-HC1	ATAGACAGATGGGGGTGTCGTTTTGGC
76-SMARTindex_10-REV-HC1	10-REV-HC1	76-SMARTindex	ATGGCGACAGTGGTATCAACGCAGAGTACA	10-REV-HC1	ATAGACAGATGGGGGTGTCGTTTTGGC
77-SMARTindex_10-REV-HC1	10-REV-HC1	77-SMARTindex	ATTGGTACAGTGGTATCAACGCAGAGTACA	10-REV-HC1	ATAGACAGATGGGGGTGTCGTTTTGGC
78-SMARTindex_10-REV-HC1	10-REV-HC1	78-SMARTindex	GCCACAACAGTGGTATCAACGCAGAGTACA	10-REV-HC1	ATAGACAGATGGGGGTGTCGTTTTGGC
79-SMARTindex_10-REV-HC1	10-REV-HC1	79-SMARTindex	CATCTAACAGTGGTATCAACGCAGAGTACA	10-REV-HC1	ATAGACAGATGGGGGTGTCGTTTTGGC
80-SMARTindex_10-REV-HC1	10-REV-HC1	80-SMARTindex	AACAAGACAGTGGTATCAACGCAGAGTACA	10-REV-HC1	ATAGACAGATGGGGGTGTCGTTTTGGC
81-SMARTindex_10-REV-HC1	10-REV-HC1	81-SMARTindex	GCAGCCTCAGTGGTATCAACGCAGAGTACA	10-REV-HC1	ATAGACAGATGGGGGTGTCGTTTTGGC
82-SMARTindex_10-REV-HC1	10-REV-HC1	82-SMARTindex	ACTCTTTCAGTGGTATCAACGCAGAGTACA	10-REV-HC1	ATAGACAGATGGGGGTGTCGTTTTGGC
83-SMARTindex_10-REV-HC1	10-REV-HC1	83-SMARTindex	TGCTATTCAGTGGTATCAACGCAGAGTACA	10-REV-HC1	ATAGACAGATGGGGGTGTCGTTTTGGC
84-SMARTindex_10-REV-HC1	10-REV-HC1	84-SMARTindex	AAGTGGTCAGTGGTATCAACGCAGAGTACA	10-REV-HC1	ATAGACAGATGGGGGTGTCGTTTTGGC
85-SMARTindex_10-REV-HC1	10-REV-HC1	85-SMARTindex	CTCATATCAGTGGTATCAACGCAGAGTACA	10-REV-HC1	ATAGACAGATGGGGGTGTCGTTTTGGC
86-SMARTindex_10-REV-HC1	10-REV-HC1	86-SMARTindex	CCGACCTCAGTGGTATCAACGCAGAGTACA	10-REV-HC1	ATAGACAGATGGGGGTGTCGTTTTGGC
87-SMARTindex_10-REV-HC1	10-REV-HC1	87-SMARTindex	GGCCAATCAGTGGTATCAACGCAGAGTACA	10-REV-HC1	ATAGACAGATGGGGGTGTCGTTTTGGC
88-SMARTindex_10-REV-HC1	10-REV-HC1	88-SMARTindex	AGACCATCAGTGGTATCAACGCAGAGTACA	10-REV-HC1	ATAGACAGATGGGGGTGTCGTTTTGGC
89-SMARTindex_10-REV-HC1	10-REV-HC1	89-SMARTindex	CGCGGACAGTGGTATCAACGCAGAGTACA	10-REV-HC1	ATAGACAGATGGGGGTGTCGTTTTGGC
90-SMARTindex_10-REV-HC1	10-REV-HC1	90-SMARTindex	CCTGCTCAGTGGTATCAACGCAGAGTACA	10-REV-HC1	ATAGACAGATGGGGGTGTCGTTTTGGC
91-SMARTindex_10-REV-HC1	10-REV-HC1	91-SMARTindex	GCGCTGCAGTGGTATCAACGCAGAGTACA	10-REV-HC1	ATAGACAGATGGGGGTGTCGTTTTGGC
92-SMARTindex_10-REV-HC1	10-REV-HC1	92-SMARTindex	GAACCTCAGTGGTATCAACGCAGAGTACA	10-REV-HC1	ATAGACAGATGGGGGTGTCGTTTTGGC
93-SMARTindex_10-REV-HC1	10-REV-HC1	93-SMARTindex	TTCGAGCAGTGGTATCAACGCAGAGTACA	10-REV-HC1	ATAGACAGATGGGGGTGTCGTTTTGGC
94-SMARTindex_10-REV-HC1	10-REV-HC1	94-SMARTindex	AGAATCCAGTGGTATCAACGCAGAGTACA	10-REV-HC1	ATAGACAGATGGGGGTGTCGTTTTGGC
95-SMARTindex_10-REV-HC1	10-REV-HC1	95-SMARTindex	AGGCATCAGTGGTATCAACGCAGAGTACA	10-REV-HC1	ATAGACAGATGGGGGTGTCGTTTTGGC
96-SMARTindex_10-REV-HC1	10-REV-HC1	96-SMARTindex	ACACGCCAGTGGTATCAACGCAGAGTACA	10-REV-HC1	ATAGACAGATGGGGGTGTCGTTTTGGC
