sample_name	plate_location	trimmer_id	volume	concentration	comments	amplicon_concentration	failure	inline_index_name	inline_index	LCs.Reported	HCs.Reported
P10_A1	A1	positivecontrol1_ N52A/42.1	15	20		3.08	NA	01-SMARTindex	CAGCGTCAGTGGTATCAACGCAGAGTACA	1	1
P10_B1	B1	N279B/57.1	43.1	20		3.36	NA	02-SMARTindex	GATCACCAGTGGTATCAACGCAGAGTACA	1	NA
P10_C1	C1	L106/94.1.2.3	61.7	20		4.33	NA	03-SMARTindex	ACCAGTCAGTGGTATCAACGCAGAGTACA	1	NA
P10_D1	D1	N279/58.4	15	10.2	RNA concentration may be too low	3.73	NA	04-SMARTindex	TGCACGCAGTGGTATCAACGCAGAGTACA	NA	NA
P10_E1	E1	N279A/29.8	16.1	20		6.33	NA	05-SMARTindex	ACATTACAGTGGTATCAACGCAGAGTACA	NA	1
P10_F1	F1	N279A/36.4	17.8	20		6.52	NA	06-SMARTindex	GTGTAGCAGTGGTATCAACGCAGAGTACA	1	1
P10_G1	G1	N327/77.4	41.1	20		5.24	NA	07-SMARTindex	CTAGTCCAGTGGTATCAACGCAGAGTACA	1	NA
P10_H1	H1	L106/93.3	42.3	20		5.2	NA	08-SMARTindex	TGTGCACAGTGGTATCAACGCAGAGTACA	1	1
P10_A2	A2	L106/4.2	45	20		3.07	NA	09-SMARTindex	TCAGGAACAGTGGTATCAACGCAGAGTACA	1	2
P10_B2	B2	N279B/57.2	14.3	20		2.78	NA	10-SMARTindex	CGGTTAACAGTGGTATCAACGCAGAGTACA	1	1
P10_C2	C2	L106/94.1.2.4	77.2	20		3.61	NA	11-SMARTindex	TTAACTACAGTGGTATCAACGCAGAGTACA	1	NA
P10_D2	D2	N279/16.1	15	14	RNA concentration lower than 20ng/Âµl	1.66	NA	12-SMARTindex	ATGAACACAGTGGTATCAACGCAGAGTACA	NA	NA
P10_E2	E2	N279A/42.1	15	14	RNA concentration lower than 20ng/Âµl	2.84	NA	13-SMARTindex	CCTAAGACAGTGGTATCAACGCAGAGTACA	1	1
P10_F2	F2	N279A/36.5	15	17.9	RNA concentration lower than 20ng/Âµl	4.04	NA	14-SMARTindex	AATCCGACAGTGGTATCAACGCAGAGTACA	1	1
P10_G2	G2	L106/94.5	19.4	20		3.14	NA	15-SMARTindex	GGCTGCACAGTGGTATCAACGCAGAGTACA	1	NA
P10_H2	H2	L106/93.4	30.1	20		3.45	NA	16-SMARTindex	TACCTTACAGTGGTATCAACGCAGAGTACA	1	1
P10_A3	A3	L106/4.2.1	34.5	20		6.63	NA	17-SMARTindex	TCTTAATCAGTGGTATCAACGCAGAGTACA	1	1
P10_B3	B3	N279B/86.1	23.5	20		1.64	NA	18-SMARTindex	GTCAGGTCAGTGGTATCAACGCAGAGTACA	1	1
P10_C3	C3	L106/94.1.2.5	76.6	20		3.18	NA	19-SMARTindex	ATACTGTCAGTGGTATCAACGCAGAGTACA	1	NA
P10_D3	D3	N279/16.3	34.6	20		2.45	NA	20-SMARTindex	TATGTCTCAGTGGTATCAACGCAGAGTACA	NA	NA
P10_E3	E3	N279A/42.2	31.8	20		3.92	NA	21-SMARTindex	GAGTCCTCAGTGGTATCAACGCAGAGTACA	1	1
P10_F3	F3	N279A/29.1	38.6	20		2.97	NA	22-SMARTindex	GGAGGTTCAGTGGTATCAACGCAGAGTACA	NA	NA
P10_G3	G3	L106/94.6	20.5	20		3.38	NA	23-SMARTindex	CACACTTCAGTGGTATCAACGCAGAGTACA	1	1
P10_H3	H3	L106/4.3	71.2	20		2.54	NA	24-SMARTindex	CCGCAATCAGTGGTATCAACGCAGAGTACA	2	1
P10_A4	A4	L106/4.2.7	16.9	20		3.08	NA	25-SMARTindex	TTTATGCAGTGGTATCAACGCAGAGTACA	2	1
P10_B4	B4	N279B/86.2	34.8	20		2.4	NA	26-SMARTindex	AACGCCCAGTGGTATCAACGCAGAGTACA	1	1
P10_C4	C4	L106/94.1.2.6	88.2	20		7.36	NA	27-SMARTindex	CAAGCACAGTGGTATCAACGCAGAGTACA	1	1
P10_D4	D4	N279/16.5	47.1	20		1.96	NA	28-SMARTindex	GCTCGACAGTGGTATCAACGCAGAGTACA	NA	NA
P10_E4	E4	N279A/42.3	15	15.6	RNA concentration below 20ng/Âµl	3.1	NA	29-SMARTindex	GCGAATCAGTGGTATCAACGCAGAGTACA	1	1
P10_F4	F4	N279A/29.2	15	12.2	RNA concentration may be too low	2.16	NA	30-SMARTindex	TGGATTCAGTGGTATCAACGCAGAGTACA	NA	NA
P10_G4	G4	L106/83.2	25.7	20		2.71	NA	31-SMARTindex	ACCTACCAGTGGTATCAACGCAGAGTACA	1	NA
P10_H4	H4	L106/4.4	94.9	20		3.84	NA	32-SMARTindex	CGAAGGCAGTGGTATCAACGCAGAGTACA	1	NA
P10_A5	A5	N279A/49.2	17.5	20		2.62	NA	33-SMARTindex	AGATAGAACAGTGGTATCAACGCAGAGTACA	1	NA
P10_B5	B5	N279B/86.3	21.6	20		4.46	NA	34-SMARTindex	TTGGTAAACAGTGGTATCAACGCAGAGTACA	1	2
P10_C5	C5	N279/5.6	26	20		3.94	NA	35-SMARTindex	GTTACCAACAGTGGTATCAACGCAGAGTACA	NA	NA
P10_D5	D5	N279A/42.9.3	20.1	20		3.61	NA	36-SMARTindex	CGCAACAACAGTGGTATCAACGCAGAGTACA	NA	NA
P10_E5	E5	N279A/42.4	18.4	20		5.42	NA	37-SMARTindex	TGGCGAAACAGTGGTATCAACGCAGAGTACA	1	1
P10_F5	F5	N279A/29.3	15	10.6	RNA concentration may be too low	1.92	NA	38-SMARTindex	ACCGTGAACAGTGGTATCAACGCAGAGTACA	1	1
P10_G5	G5	L106/83.3	31.8	20		5.37	NA	39-SMARTindex	CAACAGAACAGTGGTATCAACGCAGAGTACA	1	NA
P10_H5	H5	L106/73.1	41.9	20		5.88	NA	40-SMARTindex	GATTGTAACAGTGGTATCAACGCAGAGTACA	1	NA
P10_A6	A6	L106/94.1.2.1	17.1	20		1.38	NA	41-SMARTindex	CTCTCGATCAGTGGTATCAACGCAGAGTACA	1	1
P10_B6	B6	N279B/108.1	25	20		3.01	NA	42-SMARTindex	TGACACATCAGTGGTATCAACGCAGAGTACA	1	1
P10_C6	C6	N279/17.1	28.5	20		6.66	NA	43-SMARTindex	AAGACAATCAGTGGTATCAACGCAGAGTACA	1	NA
P10_D6	D6	N279A/42.9.4	23	20		3.05	NA	44-SMARTindex	ACAGATATCAGTGGTATCAACGCAGAGTACA	NA	NA
P10_E6	E6	N279A/42.5	15	10.2	RNA concentration may be too low	1.76	NA	45-SMARTindex	TAGGCTATCAGTGGTATCAACGCAGAGTACA	1	1
P10_F6	F6	N279A/42.9.2	15	12.5	RNA concentration below 20ng/Âµl	1.95	NA	46-SMARTindex	CTCCATATCAGTGGTATCAACGCAGAGTACA	1	1
P10_G6	G6	L106/83.4	26	20		4.38	NA	47-SMARTindex	GCATGGATCAGTGGTATCAACGCAGAGTACA	1	NA
P10_H6	H6	L106/73.2	87.1	20		3.56	NA	48-SMARTindex	AATAGCATCAGTGGTATCAACGCAGAGTACA	2	NA
P10_A7	A7	L106/94.1.2.7	15	15.3	RNA concentration below 20ng/Âµl	1.58	NA	49-SMARTindex	GTGCCATACAGTGGTATCAACGCAGAGTACA	1	NA
P10_B7	B7	N279B/108.2	16.3	20		2.74	NA	50-SMARTindex	TCGAGGTACAGTGGTATCAACGCAGAGTACA	1	1
P10_C7	C7	N279/17.6	26.8	20		2.1	NA	51-SMARTindex	CACTAATACAGTGGTATCAACGCAGAGTACA	1	NA
P10_D7	D7	N279A/42.9.5	16.2	20		3.04	NA	52-SMARTindex	GGTATATACAGTGGTATCAACGCAGAGTACA	NA	1
P10_E7	E7	N279A/42.6	29.1	20		4.13	NA	53-SMARTindex	CGCCTGTACAGTGGTATCAACGCAGAGTACA	1	1
P10_F7	F7	N279A/42.9.1.1	15	17.1	RNA concentration below 20ng/Âµl	5.42	NA	54-SMARTindex	AATGAATACAGTGGTATCAACGCAGAGTACA	1	1
P10_G7	G7	L106/83.5	22.2	20		3.03	NA	55-SMARTindex	ACAACGTACAGTGGTATCAACGCAGAGTACA	1	1
P10_H7	H7	L106/73.3	84.5	20		4.74	NA	56-SMARTindex	ATATCCTACAGTGGTATCAACGCAGAGTACA	2	NA
P10_A8	A8	N279B/27.1	29.5	20		6.81	NA	57-SMARTindex	AGTACTCAGTGGTATCAACGCAGAGTACA	1	1
P10_B8	B8	N279B/108.4	29.8	20		2.39	NA	58-SMARTindex	ATAAGACAGTGGTATCAACGCAGAGTACA	1	1
P10_C8	C8	N279/58.5	22.5	20		2.13	NA	59-SMARTindex	GGTGAGCAGTGGTATCAACGCAGAGTACA	NA	NA
P10_D8	D8	N279A/42.9.6	33.5	20		1.86	NA	60-SMARTindex	TTCCGCCAGTGGTATCAACGCAGAGTACA	1	NA
P10_E8	E8	N279A/42.7	15	12.3	RNA concentration may be too low	3.32	NA	61-SMARTindex	GAAGTGCAGTGGTATCAACGCAGAGTACA	1	1
P10_F8	F8	L106/94.1.2	75.2	20		4.09	NA	62-SMARTindex	CAATGCCAGTGGTATCAACGCAGAGTACA	1	1
P10_G8	G8	L106/83.6	21.8	20		3.57	NA	63-SMARTindex	ACGTCTCAGTGGTATCAACGCAGAGTACA	1	NA
P10_H8	H8	L106/73.4	79.6	20		1.7	NA	64-SMARTindex	CAGGACCAGTGGTATCAACGCAGAGTACA	1	NA
P10_A9	A9	N279B/27.2	54.8	20		6.28	NA	65-SMARTindex	AAGCTCCAGTGGTATCAACGCAGAGTACA	1	1
P10_B9	B9	N279B/108.5	15	9.6	RNA concentration may be too low	0.02	NA	66-SMARTindex	GACGATCAGTGGTATCAACGCAGAGTACA	NA	NA
P10_C9	C9	N279/16.2	15	11.4	RNA concentration may be too low	1.27	NA	67-SMARTindex	TCGTTCCAGTGGTATCAACGCAGAGTACA	NA	NA
P10_D9	D9	N279A/29.4	22.1	20		1.45	NA	68-SMARTindex	CCAATTCAGTGGTATCAACGCAGAGTACA	NA	NA
P10_E9	E9	N279A/42.8	27.2	20		6.41	NA	69-SMARTindex	AGTTGACAGTGGTATCAACGCAGAGTACA	1	1
P10_F9	F9	L106/94.1.3	81.8	20		4.05	NA	70-SMARTindex	AACCGACAGTGGTATCAACGCAGAGTACA	1	NA
P10_G9	G9	L106/94.1	20.1	20		5.34	NA	71-SMARTindex	CAGATGCAGTGGTATCAACGCAGAGTACA	1	NA
P10_H9	H9	N466/14	50.8	20		8.09	NA	72-SMARTindex	GTAGAACAGTGGTATCAACGCAGAGTACA	1	1
P10_A10	A10	N279B/27.3	32.6	20		5.37	NA	73-SMARTindex	GACATCACAGTGGTATCAACGCAGAGTACA	1	1
P10_B10	B10	positivecontrol2	15	9.5	RNA concentration too low	0.93	NA	74-SMARTindex	CGATCTACAGTGGTATCAACGCAGAGTACA	NA	NA
P10_C10	C10	N279/16.4	15	18.3	RNA concentration below 20ng/Âµl	1.44	NA	75-SMARTindex	CGTCGCACAGTGGTATCAACGCAGAGTACA	NA	NA
P10_D10	D10	N279A/29.5	27.7	20		2.46	NA	76-SMARTindex	ATGGCGACAGTGGTATCAACGCAGAGTACA	NA	NA
P10_E10	E10	N279A/36.1	15	18.3	RNA concentration below 20ng/Âµl	3.68	NA	77-SMARTindex	ATTGGTACAGTGGTATCAACGCAGAGTACA	1	1
P10_F10	F10	N327/77.1	43.2	20		4.61	NA	78-SMARTindex	GCCACAACAGTGGTATCAACGCAGAGTACA	1	1
P10_G10	G10	L106/94.2	25.4	20		4.41	NA	79-SMARTindex	CATCTAACAGTGGTATCAACGCAGAGTACA	1	NA
P10_H10	H10	A12/18.1	58.9	20		5.75	NA	80-SMARTindex	AACAAGACAGTGGTATCAACGCAGAGTACA	1	1
P10_A11	A11	N279B/27.4	27	20		4.98	NA	81-SMARTindex	GCAGCCTCAGTGGTATCAACGCAGAGTACA	1	1
P10_B11	B11	N279B/64.1	13.7	18.3		4.09	NA	82-SMARTindex	ACTCTTTCAGTGGTATCAACGCAGAGTACA	1	1
P10_C11	C11	N279/5.5	19.7	20		3.14	NA	83-SMARTindex	TGCTATTCAGTGGTATCAACGCAGAGTACA	NA	NA
P10_D11	D11	N279A/29.6	15	20	RNA concentration may be too low	1.91	NA	84-SMARTindex	AAGTGGTCAGTGGTATCAACGCAGAGTACA	NA	NA
P10_E11	E11	N279A/36.2	15	15.9	RNA concentration below 20ng/Âµl	4.56	NA	85-SMARTindex	CTCATATCAGTGGTATCAACGCAGAGTACA	1	1
P10_F11	F11	N327/77.2	41.7	20		3.97	NA	86-SMARTindex	CCGACCTCAGTGGTATCAACGCAGAGTACA	1	1
P10_G11	G11	L106/94.3	16.8	20		3.12	NA	87-SMARTindex	GGCCAATCAGTGGTATCAACGCAGAGTACA	1	NA
P10_H11	H11	negativecontrol1	15	9.5	RNA concentration too low	1	NA	88-SMARTindex	AGACCATCAGTGGTATCAACGCAGAGTACA	NA	NA
P10_A12	A12	N279B/27.5	37.6	20		2.49	NA	89-SMARTindex	CGCGGACAGTGGTATCAACGCAGAGTACA	1	1
P10_B12	B12	L106/94.1.2.2	80	20		3.68	NA	90-SMARTindex	CCTGCTCAGTGGTATCAACGCAGAGTACA	1	NA
P10_C12	C12	N279/17.5	16.6	20		4.36	NA	91-SMARTindex	GCGCTGCAGTGGTATCAACGCAGAGTACA	NA	NA
P10_D12	D12	N279A/29.7	15	9.8	RNA concentration may be too low	2.22	NA	92-SMARTindex	GAACCTCAGTGGTATCAACGCAGAGTACA	1	1
P10_E12	E12	N279A/36.3	16.3	20		11.25	NA	93-SMARTindex	TTCGAGCAGTGGTATCAACGCAGAGTACA	1	1
P10_F12	F12	N327/77.3	36.9	20		9.09	NA	94-SMARTindex	AGAATCCAGTGGTATCAACGCAGAGTACA	1	1
P10_G12	G12	L106/94.4	26.1	20		0.03	NA	95-SMARTindex	AGGCATCAGTGGTATCAACGCAGAGTACA	1	NA
P10_H12	H12	negativecontrol2	7.3	9.7	RNA concentration too low	0.01	NA	96-SMARTindex	ACACGCCAGTGGTATCAACGCAGAGTACA	NA	NA
