TargetType,Target,AccessionNum,Clone,HumanGeneName,DataSheetFileName,IsoType,ValidationT,ValidationBrIB,ValidationBrIHC,ValidationKO,TCSupe RRID:AB_,Pure RRID:AB_
Epigenetics,5-formylcytidine,,N358/68,----,N358_68.pdf,IgG1,ND,ND,ND,ND,2315792,2315793
Epigenetics,5-hydroxymethylcytidine,,N297/59,----,N297_59.pdf,IgG2a,ND,ND,ND,ND,11000723,11001670
Tag,6xHis,,N144/14,----,N144_14.pdf,IgG1,Pass,NA,NA,NA,10671171,10673446
Receptors,ADAM11,Q9R1V4,N441/35,ADAM11,N441_35.pdf,IgG2b,Pass,Pass,Pass,ND,2532073,2636850
Receptors,ADAM22 (cytoplasmic),Q9R1V6,N46/30,ADAM22,N46_30.pdf,IgG2b,Pass,Pass,Pass,Pass,10673957,10675128
Receptors,ADAM22 (extracellular),Q9R1V6,N57/2,ADAM22,N57_2.pdf,IgG1,Pass,Pass,Pass,Pass,10671172,2223817
Rare Disease,AGPS neo-epitope,O00116,N444/63,AGPS,N444_63.pdf,IgG1,ND,Pass,Pass,ND,2532090,2629423
Other,Aldh1L1 (blotting),P28037,N103/39,ALDH1L1,N103_39.pdf,IgG1,Pass,Pass,ND,ND,10673447,10673448
Other,Aldh1L1 (staining),P28037,N103/31,ALDH1L1,N103_31.pdf,IgG1,Pass,Fail,Pass,ND,10673958,10671695
Rare Disease,Alg13,Q9D8C3-2,N442/28,ALG13,N442_28.pdf,IgG2b,Pass,Pass,Pass,ND,2566821,2632413
Receptors,Alpha-2C adrenergic receptor,P18825,N330A/80,ADRA2C,N330A_80.pdf,IgG1,Pass,Pass,ND,Pass,2315796,2315797
Receptors,Alpha-2C adrenergic receptor,P18825,N330A/51,ADRA2C,N330A_51.pdf,IgG2a,Pass,Pass,ND,Pass,2315794,2315795
Other,AMIGO-1,Q80ZD8,L86/33,AMIGO1,L86_33.pdf,IgG2a,Pass,Pass,Pass,Pass,2315798,2315765
Other,AMIGO-1,Q80ZD8,L86/36,AMIGO1,L86_36.pdf,IgG1,Pass,Pass,Pass,Pass,2315799,2315800
Other,AMIGO-1,Q80ZD8,L86A/37,AMIGO1,L86A_37.pdf,IgG2b,Pass,Pass,Pass,Pass,2315801,2315802
Scaffolds,Ankyrin-B,Q01484,N105/13,ANK2,N105_13.pdf,IgG1,Pass,Pass,Pass,ND,10675129,10673094
Scaffolds,Ankyrin-B,Q01484,N105/17,ANK2,N105_17.pdf,IgG2a,Pass,Pass,Pass,ND,10674432,2057705
Scaffolds,Ankyrin-G (blotting),E9PE32,N106/20,ANK3,N106_20.pdf,IgG1,Pass,Pass,Fail,ND,10674433,2057718
Scaffolds,Ankyrin-G (staining),E9PE32,N106/36,ANK3,N106_36.pdf,IgG2a,Pass,Fail,Pass,ND,10697718,10673030
Scaffolds,Ankyrin-G (staining),E9PE32,N106/65,ANK3,N106_65.pdf,IgG2b,Pass,Fail,Pass,ND,10673449,10675130
Scaffolds,Ankyrin-G (staining),E9PE32,N106/43,ANK3,N106_43.pdf,IgG1,Pass,ND,Pass,ND,2315803,
Scaffolds,Ankyrin-R,P16157,N388A/10,ANK1,N388A_10.pdf,IgG2b,Pass,Pass,Pass,Pass,2336901,2491109
Scaffolds,Ankyrin-R/G,,N388A/27,----,N388A_27.pdf,IgG2b,Pass,Pass,Pass,NA,2491183,2493098
Ion channels,ANO3/TMEM16C,A2AHL1,N454/91,ANO3,N454_91.pdf,IgG2b,Pass,Pass,ND,ND,2650449,
Ion channels,ANO5/TMEM16E,Q75V66,N421A/85,ANO5,N421A_85.pdf,IgG1,Pass,NA,NA,NA,2491107,2531893
Ion channels,ANO6/TMEM16F,Q4KMQ2,N429/19,ANO6,N429_19.pdf,IgG2b,Pass,Pass,Pass,Pass,2491186,
Other,ARHGAP4,Q8VHL8,N290B/25,ARHGAP4,N290B_25.pdf,IgG1,Pass,Pass,Pass,ND,2315804,2315805
Rare Disease,Arl13b,Q640N2,N295B/66,ARL13B,N295B_66.pdf,IgG2a,Pass,Pass,Pass,Pass,11000053,11001586
Other,Arx,O35085,N411/51,ARX,N411_51.pdf,IgG1,Pass,Pass,Pass,Pass,2491076,2491188
Ion channels,ASIC1,Q6NXK8,N271/44,ASIC1,N271_44.pdf,IgG1,Pass,Pass,Pass,Pass,11000719,11030370
Rare Disease,ATAT1,Q5SQI0,N347/42,ATAT1,N347_42.pdf,IgG1,Pass,Pass,Fail,Pass,2531888,2637013
Rare Disease,"Ataxin-1, 11NQ",P54254,N76/8,ATXN1,N76_8.pdf,IgG2b,Pass,Pass,Pass,Pass,10671173,10673960
Rare Disease,"Ataxin-1, 11NQ",P54254,N76/3,ATXN1,N76_3.pdf,IgG1,Pass,Pass,Pass,Pass,10671696,2061163
Rare Disease,"Ataxin-1, WT",P54254,N65/37,ATXN1,N65_37.pdf,IgG1,Pass,ND,ND,ND,10675131,10675132
Other,ATF4,P18848,N360A/24,ATF4,N360A_24.pdf,IgG2a,Pass,Pass,Pass,ND,2315806,2315807
Other,BAF53a,O96019,N336B/83,ACTL6A,N336B_83.pdf,IgG2b,Pass,ND,ND,ND,2315808,2315809
Other,BAF53b,O94805,N332B/15,ACTL6B,N332B_15.pdf,IgG1,Pass,Pass,Pass,Pass,2315810,2315811
Other,Bassoon,O88778,L124/59,BSN,L124_59.pdf,IgG2b,Pass,Pass,Pass,ND,2716712,2744564
Rare Disease,BBS3/Arl6,Q9H0F7,N302/10,ARL6,N302_10.pdf,IgG1,Pass,Pass,Pass,ND,10999750,11000170
Rare Disease,BBS5,Q8N3I7,N304B/115,BBS5,N304B_115.pdf,IgG2a,Pass,Pass,ND,ND,2315812,2315813
Other,BDNF,P21237,N450/53,BDNF,N450_53.pdf,IgG2b,Fail,Pass,Pass,ND,2637015,2722670
Scaffolds,Beta1-spectrin,P11277,N385/21,SPTBN1,N385_21.pdf,IgG2b,Pass,Pass,Pass,ND,2315814,2315815
Scaffolds,Beta4-spectrin,Q9H254,N393/2,SPTBN4,N393_2.pdf,IgG1,Pass,Pass,Pass,ND,2315816,
Scaffolds,Beta4-spectrin,Q9H254,N393/76,SPTBN4,N393_76.pdf,IgG2b,Pass,Pass,Pass,ND,2315817,2315818
K+ channels,BKbeta2 K+ channel,Q9CZM9,N53/32,KCNMB2,N53_32.pdf,IgG2a,Pass,Pass,ND,ND,10674434,2131396
K+ channels,BKbeta3a K+ channel,XP_989315,N40B/18,KCNMB3,N40B_18.pdf,IgG1,Pass,Pass,Pass,ND,10673961,10672110
K+ channels,BKbeta4 K+ channel,NP_067427,L18A/3,KCNMB4,L18A_3.pdf,IgG2a,Pass,ND,ND,ND,10675133,2131507
Other,Botch,XM_342497,N116/14,CHAC1,N116_14.pdf,IgG1,Pass,Fail,Pass,ND,10671697,2079324
Scaffolds,Bral1,Q9ESM3,N364/10,HAPLN2,N364_10.pdf,IgG2b,Pass,Pass,Pass,Pass,2315819,2315820
Scaffolds,Bral1,Q9ESM3,N364/42,HAPLN2,N364_42.pdf,IgG2a,Pass,Pass,Pass,Pass,2315821,
Scaffolds,Brevican,P55068,N294A/6,BCAN,N294A_6.pdf,IgG2b,Pass,Pass,Pass,Pass,11001257,2315822
Scaffolds,Brevican,P55068,N294A/10,BCAN,N294A_10.pdf,IgG2a,Pass,Fail,Pass,Pass,2315823,2315824
Other,Calbindin,P05937,L109/39,CALB1,L109_39.pdf,IgG2b,Pass,Pass,Pass,ND,2629417,
Other,Calbindin,P05937,L109/57,CALB1,L109_57.pdf,IgG1,Pass,Pass,Pass,ND,2619740,2686913
Other,Calretinin,P22676,L122/6,CALB2,L122_6.pdf,IgG2b,Pass,Pass,Pass,ND,2716256,
Other,Calretinin,P22676,L122/68,CALB2,L122_68.pdf,IgG2a,Pass,Pass,Pass,ND,2716257,
Scaffolds,CASK,O14936,K56A/50,CASK,K56A_50.pdf,IgG1,Pass,Pass,Pass,Pass,10671954,2068730
CAMs,CASPR/Neurexin IV,P97846,K65/35,CNTNAP1,K65_35.pdf,IgG1,Pass,Pass,Pass,Pass,10671175,2083496
CAMs,CASPR2,NP_054860,K67/25,CNTNAP2,K67_25.pdf,IgG2a,Pass,Pass,Pass,Pass,10673031,2245198
Ca2+ channels,Cav1.2 Ca2+ channel,P22002,N263/31,CACNA1C,N263_31.pdf,IgG2b,Pass,Pass,ND,ND,11001554,11000167
Ca2+ channels,Cav1.2/1.3 Ca2+ channel,,L57/46,,L57_46.pdf,IgG2b,Pass,Pass,Pass,ND,10672290,10673150
Ca2+ channels,Cav1.3 Ca2+ channel,P27732,L48A/9,CACNA1D,L48A_9.pdf,IgG2a,Pass,Pass,Pass,ND,10672112,2069388
Ca2+ channels,Cav1.3 Ca2+ channel,P27732,N38/8,CACNA1D,N38_8.pdf,IgG1,Pass,Pass,Pass,ND,10672111,10673964
Ca2+ channels,Cav3.1 Ca2+ channel,Q9WUT2,N178A/9,CACNA1G,N178A_9.pdf,IgG1,Pass,Pass,Pass,Pass,10673097,2069421
Ca2+ channels,Cav3.2 Ca2+ channel,O95180,N55/10,CACNA1H,N55_10.pdf,IgG1,Pass,Fail,Pass,Pass,2315825,2315827
Ca2+ channels,Cavbeta1 Ca2+ channel,Q02641,N7/18,CACNB1,N7_18.pdf,IgG2a,Pass,Pass,Pass,ND,10673098,2243972
Ca2+ channels,Cavbeta2 Ca2+ channel,NP_446303,N8B/1,CACNB2,N8B_1.pdf,IgG1,Pass,Pass,Pass,ND,10675135,2069734
Ca2+ channels,Cavbeta3 Ca2+ channel,P54284,N473/36,CACNB3,N473_36.pdf,IgG2b,Pass,Pass,Fail,ND,2637017,
Ca2+ channels,Cavbeta4 Ca2+ channel,XP_215742,N10/7,CACNB4,N10_7.pdf,IgG1,Pass,Pass,Pass,ND,10671176,2069776
Other,Cdkl5,O76039,EA7,CDKL5,EA7.pdf,IgG2b,ND,Pass,Pass,Pass,2493091,
Epigenetics,CDY1/2,,N143/38,----,N143_38.pdf,IgG1,Pass,ND,ND,ND,10673152,10673274
Epigenetics,CDY1/2/L1/L2,,N143/36,----,N143_36.pdf,IgG1,Pass,ND,ND,ND,10673099,2244651
Other,CELF4/BRUNOL4,Q9BZC1,N446/80,CELF4,N446_80.pdf,IgG2a,Pass,Pass,Pass,ND,2560961,2714204
Other,c-Fos,P01100,N486/32,FOS,N486_32.pdf,IgG2a,Pass,Pass,Pass,ND,,
Other,c-Fos,P01100,N486/76,FOS,N486_76.pdf,IgG1,Pass,Pass,Pass,ND,,
Ion channels,Clcn3,P51790,N258/5,CLCN3,N258_5.pdf,IgG1,ND,Pass,Pass,Pass,10673153,10671699
Ion channels,Clcn4,P51793,N222/6,CLCN4,N222_6.pdf,IgG1,Pass,Pass,Pass,ND,11001829,10999754
Ion channels,Clcn5,P51796,N406/47,CLCN5,N406_47.pdf,IgG1,Pass,Fail,Pass,ND,2341103,2491083
Other,CLN3,Q13286,N380/87,CLN3,N380_87.pdf,IgG1,Pass,Fail,Fail,Fail,2336902,
Other,CLN6,Q9NWW5,N400/24,CLN6,N400_24.pdf,IgG2b,Pass,NA,NA,ND,2336903,
Ion channels,CNGA1 and CNGA3,AAO16601,L36/12,----,L36_12.pdf,IgG1,Pass,Fail,Fail,ND,10672374,10672375
Other,Collybistin,Q9QX73,L120/12,ARHGEF9,L120_12.pdf,IgG1,Pass,Pass,Fail,ND,2650452,2728741
Other,Collybistin,Q9QX73,L120/30,ARHGEF9,L120_30.pdf,IgG1,Pass,Fail,Pass,ND,2629422,2722672
CAMs,Contactin/F3,Q63198,K73/20,CNTN1,K73_20.pdf,IgG1,Pass,Pass,Pass,ND,10697723,10673154
Transporters,Copper ATPase 1 (Menke's disease protein),Q04656,L60/4,ATP7A,L60_4.pdf,IgG2b,Pass,Pass,Pass,Pass,10672736,2062824
Transporters,Copper ATPase 2 (Wilson's disease protein),P35670,L62/29,ATP7B,L62_29.pdf,IgG1,Pass,Pass,ND,ND,10672737,2290260
Other,Co-Rest/RCOR1,NP_055971,K72/8,RCOR1,K72_8.pdf,IgG1,Pass,ND,ND,ND,10673564,2301051
Other,DEPDC5,O75140,N463/52,DEPDC5,N463_52.pdf,IgG2b,Pass,Pass,Pass,ND,2619639,
Epigenetics,Dicer,Q8R418,N167/7,DICER1,N167_7.pdf,IgG1,ND,Pass,ND,Pass,10673275,2093085
Other,DLX1,P56177,L43/40,DLX1,L43_40.pdf,IgG2a,Pass,ND,Pass,Pass,10671701,2093122
Validation in progress,DNAH1,Q9P2D7,N251/14,DNAH1,N251_14.pdf,IgG1,ND,Fail,Fail,ND,11001849,
Validation in progress,DNAH7,Q8WXX0,N250/21,DNAH7,N250_21.pdf,IgG1,ND,Fail,Fail,ND,11000171,
Rare Disease,DNAIC1,Q9UI46,UNC 65.56.18.11,DNAI1,UNC65561811.pdf,IgG1,Pass,Fail,ND,Pass,2315828,2341107
Epigenetics,DNMT3L,BAA95556,N117/9,DNMT3L,N117_9.pdf,IgG1,Pass,ND,ND,ND,10673155,2094287
Other,Doc2b,P70610,N150/21,DOC2B,N150_21.pdf,IgG1,Pass,Pass,Pass,ND,2277497,2315830
Receptors,Dopamine D2 receptor,P61169,N186/29,DRD2,N186_29.pdf,IgG1,ND,Fail,Pass,ND,2094978,11000721
Validation in progress,Dopamine D3 receptor,P35462,N331/19,DRD3,N331_19.pdf,IgG2a,Pass,ND,ND,ND,2315831,
Transporters,EAAC1,P51907,N420/24,SLC1A1,N420_24.pdf,IgG2b,Pass,Pass,Pass,ND,2532046,
Other,FGF11/FHF3,Q92914,N92/14,FGF11,N92_14.pdf,IgG2b,Pass,Fail,Fail,ND,10671702,2103926
Other,FGF12/FHF1,NP_066360,N94/17,FGF12,N94_17.pdf,IgG1,Pass,Fail,Fail,ND,10675137,2278408
Other,FGF13/FHF2,Q92913,N91/27,FGF13,N91_27.pdf,IgG1,Pass,Fail,Fail,ND,10675138,2104047
Other,"FGF13/FHF2, B isoform",Q92913-2,N225A/10,FGF13,N225A_10.pdf,IgG2a,Pass,Pass,ND,ND,11000840,11001555
Other,FGF14/FHF4,O89096,N56/21,FGF14,N56_21.pdf,IgG1,Pass,Fail,Pass,Pass,10671703,2104060
Rare Disease,Fig4/Sac3,Q91WF7,N202/7,FIG4,N202_7.pdf,IgG1,Pass,Pass,Pass,Pass,10674573,2104526
Other,Flrt3,Q8BGT1,N353/13,FLRT3,N353_13.pdf,IgG1,Pass,Fail,Fail,ND,2315832,2315833
Other,Foxi2,A2RTG9,N349/96,FOXI2,N349_96.pdf,IgG2a,Pass,ND,ND,ND,2315834,2315835
Other,Foxi3,E0CZH3,N359/28,FOXI3,N359_28.pdf,IgG1,Pass,ND,ND,ND,2315836,
Rare Disease,Frataxin,Q16595,N191/7,FXN,N191_7.pdf,IgG2b,Pass,ND,ND,ND,2247592,11001258
Receptors,"GABA(A)R, Alpha1",P14867,N95/35,GABRA1,N95_35.pdf,IgG2a,Pass,Pass,Pass,Pass,10697873,2108811
Receptors,"GABA(A)R, Alpha2",P23576,N399/19,GABRA2,N399_19.pdf,IgG1,Pass,Pass,Pass,Pass,2336904,2686910
Receptors,"GABA(A)R, Alpha4",P28471,N398A/34,GABRA4,N398A_34.pdf,IgG1,Pass,Pass,Pass,ND,2336905,2341108
Receptors,"GABA(A)R, Alpha5",P31644,N415/24,GABRA5,N415_24.pdf,IgG1,Pass,Pass,Pass,Pass,2491075,2491187
Receptors,"GABA(A)R, Alpha6",P16305,N229A/32,GABRA6,N229A_32.pdf,IgG1,Pass,Fail,Pass,ND,2336906,2491091
Receptors,"GABA(A)R, Beta1",P50571,N96/55,GABRB1,N96_55.pdf,IgG1,Pass,Pass,Pass,ND,10673157,2109406
Receptors,"GABA(A)R, Beta2/3",,62-3G1,----,62-3G1.pdf,IgG1,Pass,Pass,Pass,NA,2315837,2315838
Receptors,"GABA(A)R, Beta3",P63080,N87/25,GABRB3,N87_25.pdf,IgG1,Pass,Pass,Pass,ND,10673389,2109585
Receptors,"GABA(A)R, Delta",P18506,N151/3,GABRD,N151_3.pdf,IgG2a,Pass,Pass,Pass,ND,10672295,2107254
Receptors,"GABA(A)R, Epsilon",P78334,N413/67,GABRE,N413_67.pdf,IgG2a,Pass,Pass,Pass,ND,2341105,2493101
Receptors,"GABA(A)R, Gamma2L",P18507-2,N452/69,GABRG2,N452_69.pdf,IgG2a,Pass,Pass,Pass,ND,2566822,2617122
Receptors,"GABA(A)R, Gamma2L/S",P18507-2,N452/73,GABRG2,N452_73.pdf,IgG1,Pass,Fail,Pass,ND,2714202,2725815
Receptors,"GABA(A)R, Gamma2L/S",P18507-2,N452/30,GABRG2,N452_30.pdf,IgG2b,Pass,Pass,Pass,ND,2714201,2725814
Receptors,"GABA(A)R, Pi",O00591,N431/64,GABRP,N431_64.pdf,IgG2a,Pass,NA,NA,ND,2493092,2532051
Receptors,"GABA(A)R, Theta",Q9UN88,L123/109,GABRQ,L123_109.pdf,IgG1,Pass,Fail,Pass,ND,2725816,
Receptors,GABA(B)R1,Q9Z0U4,N93A/49,GABBR1,N93A_49.pdf,IgG1,Pass,Pass,Pass,Pass,10672843,2108180
Receptors,GABA(B)R2,O75899,N81/2,GABBR2,N81_2.pdf,IgG1,Pass,Pass,Pass,Pass,10671704,10672845
Receptors,GABA(B)R2,O75899,N81/37,GABBR2,N81_37.pdf,IgG1,Pass,Pass,Pass,Pass,10672297,2278802
Other,GAD65/67,,L127/12,,L127_12.pdf,IgG2a,Pass,Pass,Pass,ND,AB_2756510,
Other,GAD67,Q99259,L127/8,GAD1,L127_8.pdf,IgG2b,Pass,Pass,Pass,ND,AB_2756509,
CAMs,Gamma-protocadherin-A3,Q91XY5,N144/17,PCDHGA3,N144_17.pdf,IgG1,Pass,Pass,ND,Pass,10697874,10671815
CAMs,Gamma-protocadherin-B2,Q91XX7,N148/30,PCDHGB2,N148_30.pdf,IgG1,Pass,Pass,ND,Pass,10672846,10675142
CAMs,Gamma-protocadherin-C3,Q91XX1,N174B/27,PCDHGC3,N174B_27.pdf,IgG1,Pass,ND,ND,ND,10675141,10672245
CAMs,Gamma-protocadherin-C4,Q91XX0,N193A/13,PCDHGC4,N193A_13.pdf,IgG1,Pass,Fail,ND,ND,10671301,2159730
Other,Gephyrin,Q9NQX3,L106/83,GPHN,L106_83.pdf,IgG2b,Pass,Pass,Pass,ND,2617120,2636851
Other,Gephyrin,Q9NQX3,L106/93,GPHN,L106_93.pdf,IgG2a,Pass,Pass,Pass,ND,2617121,2636852
Other,Gephyrin,Q9NQX3,L106/4,GPHN,L106_4.pdf,IgG1,Fail,Pass,Pass,ND,2632414,2716264
Other,GFAP,P14136,N206A/8,GFAP,N206A_8.pdf,IgG1,Pass,Pass,Pass,Pass,10672298,10672299
Rare Disease,GFAP R416WT,P14136,N206B/9,GFAP,N206B_9.pdf,IgG1,Pass,Pass,Pass,Pass,11000181,11000169
Tag,GFP,P42212,N86/8,----,N86_8.pdf,IgG2a,Pass,NA,NA,NA,10671444,10671445
Tag,GFP,P42212,N86/38,----,N86_38.pdf,IgG2a,Pass,NA,NA,NA,10671955,10672529
Tag,GFP,P42212,N86/20,----,N86_20.pdf,IgG1,Pass,NA,NA,NA,2491181,
Tag,GFP,P42212,N86/44,----,N86_44.pdf,IgG2b,Pass,NA,NA,NA,2491182,2532048
Scaffolds,GIT1,Q9Z272,N39B/8,GIT1,N39B_8.pdf,IgG1,Pass,Pass,Pass,Pass,10672300,2109991
Scaffolds,GIT2,Q14161,N83/48,GIT2,N83_48.pdf,IgG1,Pass,ND,Pass,ND,10672302,2110013
Receptors,GluA1/GluR1 glutamate receptor,P19490,N355/1,GRIA1,N355_1.pdf,IgG1,Pass,Pass,Pass,ND,2315839,2315840
Receptors,GluA2/GluR2 glutamate receptor,P19491,L21/32,GRIA2,L21_32.pdf,IgG1,Pass,Pass,Pass,Pass,10674575,2232661
Receptors,GluK5/Grik5/KA2 kainate receptor,Q63273,N279B/27,GRIK5,N279B_27.pdf,IgG2a,Pass,Pass,Pass,Pass,2315855,2315855
Receptors,GluN1/NR1 glutamate receptor,P35439-2,N308/48,GRIN1,N308_48.pdf,IgG1,Pass,Pass,Pass,ND,11001716,11000180
Receptors,GluN2A/NR2A glutamate receptor,Q00959,N327A/38,GRIN2A,N327A_38.pdf,IgG2b,Pass,Pass,Pass,ND,2315843,2315844
Receptors,GluN2A/NR2A glutamate receptor,Q00959,N327/95,GRIN2A,N327_95.pdf,IgG2a,Pass,Pass,Pass,ND,2315841,2315842
Receptors,GluN2B/NR2B glutamate receptor,Q00960,N59/20,GRIN2B,N59_20.pdf,IgG2a,Pass,Pass,Pass,Pass,10671944,10673405
Receptors,GluN2B/NR2B glutamate receptor,Q00960,N59/36,GRIN2B,N59_36.pdf,IgG2b,Pass,Pass,Pass,Pass,10672980,2232584
Receptors,GluN2C/NR2C glutamate receptor,Q00961,N422/18,GRIN2C,N422_18.pdf,IgG1,Pass,Pass,Pass,Pass,2491108,2531892
Receptors,GluN3A/NR3A glutamate receptor,A2AIR5,N416/40,GRIN3A,N416_40.pdf,IgG2a,Pass,Pass,Pass,ND,2491184,2532049
Receptors,Glycine receptor Alpha3,O75311,N424/45,GLRA3,N424_45.pdf,IgG2a,Pass,Pass,ND,ND,2491185,2532050
Receptors,Glycine receptor Alpha3L,O75311,N424/48,GLRA3,N424_48.pdf,IgG1,Pass,NA,NA,ND,2531889,2716261
Other,GRK6A/B,O70293,N142/28,GRK6,N142_28.pdf,IgG1,Pass,ND,ND,ND,10673967,2115469
Other,"Gs protein, alpha subunit",P04896-2,N192/12,GNAS,N192_12.pdf,IgG1,Pass,Pass,ND,ND,2315845,2315846
Tag,GST,P08515,N100/13,----,N100_13.pdf,IgG1,NA,NA,NA,NA,10671817,10671818
Epigenetics,Haspin/GSG2,Q8TF76,N128A/2,GSG2,N128A_2.pdf,IgG1,Pass,ND,ND,ND,10672303,2114890
Ion channels,HCN1,Q9JKB0,N70/28,HCN1,N70_28.pdf,IgG1,Pass,Pass,Pass,Pass,10672848,2115181
Ion channels,HCN2,Q9JKA9,N71/37,HCN2,N71_37.pdf,IgG1,Pass,Pass,Pass,ND,10672304,2279449
Ion channels,HCN3,O88705,N141/28,HCN3,N141_28.pdf,IgG1,Pass,Pass,Pass,Pass,10672247,2120025
Ion channels,HCN4,Q9Y3Q4,N114/10,HCN4,N114_10.pdf,IgG1,Pass,Pass,Pass,ND,10673158,2248534
Epigenetics,Histone H2A.Z/V,P0C0S5,N310/21,H2AFZ,N310_21.pdf,IgG1,ND,ND,ND,ND,11001672,11000054
Epigenetics,Histone H2A.Z-acetyl-Lys4/7/11,P0C0S5,N299/39,H2AFZ,N299_39.pdf,IgG1,ND,ND,ND,ND,2315847,2315848
Epigenetics,Histone H3.3,P84245,N158/28,H3F3A,N158_28.pdf,IgG1,ND,ND,Pass,ND,10672849,2315849
Epigenetics,Histone H3-acetyl-Lys56,P68431,N307/12,HISTIH3J,N307_12.pdf,IgG1,ND,ND,ND,ND,11000168,2315850
Epigenetics,Histone H3-dimethyl-Arg8,P68431,N293/50,HISTIH3J,N293_50.pdf,IgG1,ND,ND,ND,ND,2315851,
Epigenetics,Histone H3-pThr11,Q6LED0,N123/19,HISTIH3J,N123_19.pdf,IgG1,ND,ND,ND,ND,10673569,10671820
Epigenetics,Histone H3-pThr11,Q6LED0,N123/48,HISTIH3J,N123_48.pdf,IgG1,ND,ND,ND,ND,10673391,2264065
Epigenetics,Histone H4-dimethyl-Arg3,P62805,N309A/21,HIST4H4,N309A_21.pdf,IgG2b,ND,ND,ND,ND,2315852,2315853
Scaffolds,Homer1L,Q9Z2Y3,L113/27,HOMER1,L113_27.pdf,IgG2b,Pass,Fail,Pass,ND,2629418,2651166
Scaffolds,Homer1L,Q9Z2Y3,L113/13,HOMER1,L113_13.pdf,IgG1,Pass,Pass,Pass,ND,2721065,
Scaffolds,Homer1L/S,Q9Z2Y3,L113/130,HOMER1,L113_130.pdf,IgG1,Pass,Pass,Pass,ND,2629419,2686914
Rare Disease,ICK,Q9JKV2,N451/73,ICK,N451_73.pdf,IgG1,Pass,Pass,Pass,ND,2560960,2576198
Other,Iduna/RNF146,Q9CZW6,N201/35,RNF146,N201_35.pdf,IgG1,Pass,Pass,ND,ND,10675284,10672248
Other,INPP4b,O15327,N171/17,INPP4B,N171_17.pdf,IgG1,Pass,Pass,Fail,ND,2296057,11001557
Ion channels,"IP3 receptor, type 1",P29994,L24/18,ITPR1,L24_18.pdf,IgG1,Pass,Pass,Pass,ND,10672249,10000362
Other,IRSp53/BAIAP2,Q9UQB8,L117/1,BAIAP2,L117_1.pdf,IgG1,Pass,Pass,Pass,ND,2619741,2651164
Other,JIP-2/IB-2,Q9ERE9,N135/37,MAPK8IP2,N135_37.pdf,IgG1,Pass,Pass,Pass,Pass,10672307,2140888
Epigenetics,JMJD2A,O75164,N154/32,KDM4A,N154_32.pdf,IgG1,Pass,ND,ND,ND,10671822,10671303
Transporters,KCC2,NP_599190,N1/66,SLC12A5,N1_66.pdf,IgG1,Pass,Pass,Pass,ND,10675285,2188800
Transporters,KCC2,NP_599190,N1/12,SLC12A5,N1_12.pdf,IgG2a,Pass,Pass,Pass,ND,10697875,10672851
K+ channels,KChIP1 K+ channel,Q8R426,K55/7,KCNIP1,K55_7.pdf,IgG1,Pass,Pass,Pass,ND,10697876,10673162
K+ channels,KChIP2b K+ channel,AAF81756,K60/73,KCNIP2,K60_73.pdf,IgG1,Pass,Pass,Pass,ND,10671304,2280942
K+ channels,KChIP3 K+ channel,Q9JM47,K66/38,KCNIP3,K66_38.pdf,IgG2a,Pass,Pass,Pass,Pass,10697878,2130257
K+ channels,KChIP4 K+ channel,Q3YAB7,N423/75,KCNIP4,N423_75.pdf,IgG2a,Pass,Pass,Pass,Pass,2491080,2493100
K+ channels,KCNT1/Slo2.2/Slack K+ channel,Q9Z258,N3/26,KCNT1,N3_26.pdf,IgG1,Pass,Pass,Pass,Pass,10698032,2131855
K+ channels,KCNT2/Slo2.1/Slick K+ channel,D3Z649,N11/33,KCNT2,N11_33.pdf,IgG1,Pass,Pass,Pass,Pass,10675450,2296599
K+ channels,KCNU1/Slo3 maxi-K+ channel,O54982,N2/16,KCNU1,N2_16.pdf,IgG1,Pass,NA,NA,Pass,10698181,2131864
Tag,Keyhole limpet hemocyanin (KLH),P81732,N132A/12,----,N132A_12.pdf,IgG1,NA,NA,NA,NA,10673573,10671823
K+ channels,Kir2.1 K+ channel,P35561,N112B/14,KCNJ2,N112B_14.pdf,IgG1,Pass,ND,Pass,ND,11001668,11000720
K+ channels,Kir2.2 K+ channel,P52188,N124B/38,KCNJ12,N124B_38.pdf,IgG1,Pass,ND,ND,ND,10697879,2130486
K+ channels,Kir2.3 K+ channel,P48050,N25/35,KCNJ4,N25_35.pdf,IgG1,Pass,Pass,Pass,ND,10673968,2130742
K+ channels,Kir2.4 K+ channel,Q8JZN3,N465/11,KCNJ14,N465_11.pdf,IgG1,Pass,Fail,Pass,ND,2637016,2722671
K+ channels,Kir3.3 K+ channel,P48543,N455/15,KCNJ9,N455_15.pdf,IgG2a,Pass,Pass,Pass,Pass,2619638,2686912
K+ channels,Kir6.1 K+ channel,Q63664,N366/60,KCNJ8,N366_60.pdf,IgG2a,Pass,Pass,Pass,ND,2336907,2491087
K+ channels,Kir6.2 K+ channel,P70673,N363/71,KCNJ11,N363_71.pdf,IgG1,Pass,Fail,Pass,ND,2336908,2491088
CAMs,"Kirrel3, short and long",Q09GS6,N321C/49,KIRREL3,N321C_49.pdf,IgG2b,Pass,Pass,ND,ND,2315856,2315857
CAMs,"Kirrel3, short isoform 3",Q8BR86-3,N320/48,KIRREL3,N320_48.pdf,IgG2a,Pass,Fail,Pass,ND,11030249,2341106
K+ channels,Kv1.1 K+ channel,P10499,K20/78,KCNA1,K20_78.pdf,IgG1,Pass,Pass,Pass,Pass,10672854,10673165
K+ channels,Kv1.1 K+ channel (external),P10499,K36/15,KCNA1,K36_15.pdf,IgG2b,Pass,Pass,Pass,Pass,10673166,2128566
K+ channels,Kv1.2 K+ channel,P16389,K14/16,KCNA2,K14_16.pdf,IgG2b,Pass,Pass,Pass,Pass,10674277,2296313
K+ channels,Kv1.2 K+ channel,P16389,L76/36,KCNA2,L76_36.pdf,IgG2a,Pass,Pass,Pass,Pass,2315858,2315859
K+ channels,Kv1.3 K+ channel,P15384,L23/27,KCNA3,L23_27.pdf,IgG1,Pass,Pass,Pass,ND,10673575,2133637
K+ channels,Kv1.4 K+ channel,P15385,K13/31,KCNA4,K13_31.pdf,IgG1,Pass,Pass,Pass,ND,10673576,2249726
K+ channels,Kv1.4 K+ channel (extracellular),P15385,L71/5,KCNA4,L71_5.pdf,IgG1,Pass,Fail,Fail,ND,2315860,2315861
K+ channels,Kv1.5 K+ channel,P19024,K7/45,KCNA5,K7_45.pdf,IgG1,Pass,Fail,Fail,ND,10675288,2131324
K+ channels,Kv1.6 K+ channel,P17659,K19/36,KCNA6,K19_36.pdf,IgG3,Pass,Fail,Pass,ND,10671825,2234243
K+ channels,Kv1.7 K+ channel,Q17ST2,N471/27,KCNA7,N471_27.pdf,IgG1,Pass,NA,NA,ND,2650549,2725812
K+ channels,Kv11.3 K+ channel,O54852,N447/24,KCNH7,N447_24.pdf,IgG2b,Pass,Pass,Pass,ND,2560963,2576199
K+ channels,Kv2.1 K+ channel,P15387,L83/11,KCNB1,L83_11.pdf,IgG2a,Pass,Fail,Fail,Fail,2315864,
K+ channels,Kv2.1 K+ channel,P15387,K89/34,KCNB1,K89_34.pdf,IgG1,Pass,Pass,Pass,Pass,10672253,10673392
K+ channels,Kv2.1 K+ channel,P15387,L80/21,KCNB1,L80_21.pdf,IgG3,Pass,Pass,Pass,Pass,2315862,2315863
K+ channels,Kv2.1 K+ channel (external),Q14721,K39/25,KCNB1,K39_25.pdf,IgG2a,Pass,Pass,ND,ND,10674578,2131649
K+ channels,Kv2.2 K+ channel,Q92953,K37/89,KCNB2,K37_89.pdf,IgG2a,Pass,Pass,Pass,Pass,10673393,2131665
K+ channels,Kv2.2 K+ channel,NP_446452.2,N372C/51,KCNB2,N372C_51.pdf,IgG1,Pass,Pass,Pass,Pass,2315865,2315866
K+ channels,Kv2.2 K+ channel,NP_446452.2,N372B/60,KCNB2,N372B_60.pdf,IgG2b,Pass,Pass,Pass,Pass,2315867,2315868
K+ channels,Kv2.2 K+ channel,NP_446452.2,N372B/1,KCNB2,N372B_1.pdf,IgG1,Pass,Pass,Pass,Pass,2315869,2315870
K+ channels,Kv3.1b K+ channel,NP_036988,N16B/8,KCNC1,N16B_8.pdf,IgG1,Pass,Pass,Pass,ND,10672409,2131480
K+ channels,Kv3.2 K+ channel,P22462-3,N410/17,KCNC2,N410_17.pdf,IgG1,Pass,Pass,Pass,Pass,2341104,2491084
K+ channels,Kv3.3 K+ channel,Q63959,N375/67,KCNC3,N375_67.pdf,IgG1,Pass,Pass,Pass,ND,2315871,2315872
K+ channels,Kv3.4 K+ channel,Q63734,N72/16,KCNC4,N72_16.pdf,IgG1,Pass,Pass,Pass,ND,10673969,10673277
K+ channels,Kv4.2 K+ channel,Q63881,L28/4,KCND2,L28_4.pdf,IgG1,Pass,Pass,Pass,Pass,2315873,2315874
K+ channels,Kv4.2 K+ channel (external),Q9NZV8,K57/1,KCND2,K57_1.pdf,IgG1,Pass,Pass,Pass,Pass,10672254,2131945
K+ channels,Kv4.3 K+ channel,Q62897,K75/41,KCND3,K75_41.pdf,IgG1,Pass,Pass,Pass,Pass,10672856,2131966
K+ channels,Kv4.3 K+ channel,Q62897,K75/30,KCND3,K75_30.pdf,IgG2a,Pass,Pass,Pass,ND,,
K+ channels,Kv6.1 K+ channel,A2BDX4,N474/27,KCNG1,N474_27.pdf,IgG1,Pass,NA,NA,ND,2716258,2744563
K+ channels,Kv6.4 K+ channel,Q80XM3,N458/10,KCNG4,N458_10.pdf,IgG2a,Pass,NA,NA,ND,2630320,2716262
K+ channels,Kv7.1/KCNQ1 K+ channel,P51787,N37A/10,KCNQ1,N37A_10.pdf,IgG1,Pass,Fail,Fail,ND,10675286,2131682
K+ channels,Kv7.2/KCNQ2 K+ channel,O43526,N26A/23,KCNQ2,N26A_23.pdf,IgG1,Pass,Fail,Pass,ND,10673164,2131704
K+ channels,Kv7.4/KCNQ4 K+ channel,P56696,N43/6,KCNQ4,N43_6.pdf,IgG1,Pass,Pass,ND,ND,10672853,2131828
K+ channels,Kv8.2 K+ channel,Q8CFS6,N448/88,KCNV2,N448_88.pdf,IgG2b,Pass,Pass,Fail,ND,2532091,2651161
K+ channels,Kv9.1 K+ channel,O35173,N461/19,KCNS1,N461_19.pdf,IgG2b,Pass,Pass,Fail,ND,2629415,2637014
K+ channels,Kv9.2 K+ channel,O35174,N460/19,KCNS2,N460_19.pdf,IgG1,Pass,Pass,Fail,ND,2630321,2714205
K+ channels,Kvbeta1.1/KCNAB1 K+ channel,P63143,K9/40,KCNAB1,K9_40.pdf,IgG2b,Pass,Fail,Pass,Pass,10672857,10675290
K+ channels,Kvbeta1.2/KCNAB1 K+ channel,Q14722-3,K47/42,KCNAB1,K47_42.pdf,IgG1,Pass,Pass,Pass,Pass,10671827,10674579
K+ channels,Kvbeta2/KCNAB2 K+ channel,P62482,K17/70,KCNAB2,K17_70.pdf,IgG1,Pass,Pass,Pass,Pass,10673520,2131373
Rare Disease,Laforin,O95278,N84/37,EPM2A,N84_37.pdf,IgG1,Pass,Pass,ND,ND,10673395,11001826
CAMs,LAR/PTPRF,P10586,N165/38,PTPRF,N165_38.pdf,IgG2a,Pass,Pass,ND,ND,10673278,10675291
Other,Lgi1,Q9JIA1,N283/7,LGI1,N283_7.pdf,IgG2a,Pass,Pass,Pass,Pass,2315875,2315876
Other,Lhx6.1,Q9R1R0,N228A/16,LHX6,N228A_16.pdf,IgG1,Pass,ND,ND,ND,10697881,10672858
Receptors,LRP4 (cytoplasmic),Q8VI56,N164/6,LRP4,N164_6.pdf,IgG1,Pass,Pass,ND,ND,10672256,2139028
Receptors,LRP4 (extracellular),Q8VI56,N207/27,LRP4,N207_27.pdf,IgG2a,Pass,Pass,ND,ND,10672257,2139030
Other,LRRK1,Q38SD2,N341/37,LRRK1,N341_37.pdf,IgG2a,Pass,Pass,Fail,Pass,2315877,2315878
Other,LRRK1,Q38SD2,N341/12,LRRK1,N341_12.pdf,IgG1,Pass,Pass,Fail,Pass,2315879,2315880
Other,"LRRK2/Dardarin, C-terminus",Q5S007,N241A/34,LRRK2,N241A_34.pdf,IgG2a,Pass,Pass,Pass,Pass,10671178,10675136
Other,"LRRK2/Dardarin, N3 (non-mouse-reactive)",Q5S007,N231B/34,LRRK2,N231B_34.pdf,IgG2a,Pass,Pass,Pass,Pass,11001669,11000724
Other,"LRRK2/Dardarin, N-terminus",Q5S007,8G10,LRRK2,8G10.pdf,IgG1,Pass,Pass,Pass,Pass,2315881,2315882
Other,"LRRK2/Dardarin, N-terminus",Q5S007,N138/6,LRRK2,N138_6.pdf,IgG1,Pass,Pass,ND,Pass,10697869,2234791
Other,LRRK2/Dardarin-pSer910,Q5S007,1D8,LRRK2,1D8.pdf,IgG2a,ND,ND,ND,ND,2315883,2315884
CAMs,LRRTM2,O43300,N209C/35,LRRTM2,N209C_35.pdf,IgG1,Pass,Pass,ND,Pass,2315885,2315886
CAMs,LRRTM4,Q86VH4,N205B/22,LRRTM4,N205B_22.pdf,IgG1,Pass,Pass,ND,ND,10674105,10674580
Other,Mad3,Q9BW11,N129A/6,MXD3,N129A_6.pdf,IgG2b,Pass,ND,ND,ND,10674581,2147865
Other,Mad3 (human),Q9BW11,N129/15,MXD3,N129_15.pdf,IgG2b,Pass,ND,ND,ND,11030250,11001559
Rare Disease,Malin,Q6VVB1,N85/18,NHLRC1,N85_18.pdf,IgG1,Pass,Fail,ND,ND,10673396,2153100
Tag,Maltose binding protein (MBP),P0AEX9,N128A/4,----,N128A_4.pdf,IgG2a,NA,NA,NA,NA,10672259,10673279
Other,MAP3K12,Q60700,N377/20,MAP3K12,N377_20.pdf,IgG2a,Pass,Pass,Pass,Pass,2315887,2315888
Other,MAP3K12,Q60700,N377/83,MAP3K12,N377_83.pdf,IgG1,Pass,Pass,Pass,Pass,2315889,
Rare Disease,MECP2,P51608,N227/21,MECP2,N227_21.pdf,IgG1,ND,Fail,Pass,ND,11001717,11001583
Other,MESD,Q9ERE7,N88/12,MESDC2,N88_12.pdf,IgG2b,Pass,Pass,ND,ND,10673280,2143727
Other,MFF,Q9GZY8,N382/14,MFF,N382_14.pdf,IgG1,Pass,Pass,Pass,Pass,2315890,2315891
Other,MFF (exon 1),Q9GZY8,N382/69,MFF,N382_69.pdf,IgG1,Pass,Pass,Pass,Pass,2315892,
Other,MGL,Q8R431,N90/20,MGLL,N90_20.pdf,IgG2b,ND,ND,ND,ND,2143198,
Receptors,mGluR1/5 (Group I) glutamate receptor,P31424,N75/3,GRM5,N75_3.pdf,IgG2a,Pass,Pass,Pass,ND,10674107,10672260
Receptors,mGluR1/5 (Group I) glutamate receptor,P31424,N75/33,GRM5,N75_33.pdf,IgG1,Pass,Pass,Pass,ND,10674582,2232873
Other,Miro2,Q8IXI1,N384/63,RHOT2,N384_63.pdf,IgG1,Pass,Pass,Pass,ND,2315893,2315894
K+ channels,MiRP4 K+ channel,Q9UJ90,N472/88,KCNE5,N472_88.pdf,IgG2a,Pass,NA,NA,ND,2636854,2722669
Other,Mitofusin-1,Q811U4,N111/24,MFN1,N111_24.pdf,IgG1,Pass,Pass,ND,Pass,10675293,2266317
Other,Mitofusin-2,Q80U63,N153/5,MFN2,N153_5.pdf,IgG2a,Pass,Pass,ND,Pass,10672973,2297598
Rare Disease,MMACHC,Q9Y4U1,N230/21,MMACHC,N230_21.pdf,IgG1,Pass,Fail,Fail,ND,10673282,10673577
Other,MMP9,NP_112317,L51/82,MMP9,L51_82.pdf,IgG2a,Pass,Pass,ND,ND,10672974,2297774
Other,MOG,Q6MFX9,L94/54,MOG,L94_54.pdf,IgG2b,Pass,Fail,Pass,ND,2491180,2619641
Other,Mortalin/GRP75,P38647,N52A/42,HSPA9,N52A_42.pdf,IgG1,Pass,Pass,Pass,ND,10674108,2120479
Epigenetics,MPP8,NP_059990,N119/44,MPHOSPH8,N119_44.pdf,IgG2b,Pass,ND,ND,ND,10673400,2146181
Ion channels,NALCN,Q6Q760,N185/7,NALCN,N185_7.pdf,IgG1,Pass,Pass,Fail,ND,10672975,2149984
Na+ channels,Nav1.1 Na+ channel,P04774,K74/71,SCN1A,K74_71.pdf,IgG1,Pass,Pass,Pass,ND,10671830,2238842
Na+ channels,Nav1.2 Na+ channel,P04775,K69/3,SCN2A,K69_3.pdf,IgG2a,Pass,Pass,Pass,ND,10673401,2184030
Na+ channels,Nav1.4 Na+ channel,P15390,N255/38,SCN4A,N255_38.pdf,IgG2a,Pass,Fail,Pass,ND,2531890,2716260
Na+ channels,Nav1.5 Na+ channel,Q14524,N397/19,SCN5A,N397_19.pdf,IgG1,Pass,NA,NA,NA,2336909,
Na+ channels,Nav1.6 Na+ channel,NP_062139,K87A/10,SCN8A,K87A_10.pdf,IgG1,Pass,Fail,Pass,Pass,10673284,2184197
Na+ channels,Nav1.7 Na+ channel,Q15858,N68/6,SCN9A,N68_6.pdf,IgG1,Pass,NA,NA,ND,10672976,2184355
Na+ channels,Nav1.8 Na+ channel,Q62968,N134/12,SCN10A,N134_12.pdf,IgG2a,Pass,Fail,Fail,Pass,10672261,2183861
Na+ channels,Navbeta1 Na+ channel,Q00954,N405/74,SCN1B,N405_74.pdf,IgG2a,Pass,Fail,Pass,ND,2531891,2637012
Na+ channels,Navbeta2 Na+ channel,Q56A07,N395/68,SCN2B,N395_68.pdf,IgG2b,Pass,Pass,Pass,Pass,2315895,2315896
Na+ channels,Navbeta3 Na+ channel,Q9JK00,N396/29,SCN3B,N396_29.pdf,IgG2b,Pass,Pass,Fail,ND,2336910,2491090
Na+ channels,Navbeta4 Na+ channel,Q7M730,N168/6,SCN4B,N168_6.pdf,IgG1,Pass,Fail,Pass,ND,10673578,2301402
Transporters,NCKX4,Q8NFF2-3,N414/25,SLC24A4,N414_25.pdf,IgG2b,Pass,Pass,Pass,Pass,2491078,2491110
Other,Neurabin-1/Ppp1r9a,Q7TN74,L129/93,PPP1R9A,,IgG1,Pass,Pass,Pass,ND,,
Other,Neurabin-1/Ppp1r9a,Q7TN74,L129/96,PPP1R9A,,IgG2b,Pass,Fail,Pass,ND,,
Other,"Neuregulin-CRD (Cysteine-rich domain, Type III)",Q96IB3,N126B/31,NRG1,N126B_31.pdf,IgG2b,Pass,ND,ND,ND,10672412,10672367
Other,"Neuregulin-HBD (Heparin binding domain, Type I/II)",Q02297,N120A/9,NRG1,N120A_9.pdf,IgG2a,Pass,ND,ND,ND,2154679,10672368
CAMs,Neurexin-1-Beta,P58400,N170A/1,NRXN1,N170A_1.pdf,IgG1,Pass,Fail,Fail,ND,10672978,2155531
CAMs,Neurexin-1-Beta,P58400,N170A/26,NRXN1,N170A_26.pdf,IgG1,Pass,Fail,Fail,ND,10674585,
CAMs,Neuroligin-1,Q62765,N97A/31,NLGN1,N97A_31.pdf,IgG1,Pass,Pass,Pass,Pass,10671307,2235964
CAMs,Neuroligin-2,Q69ZK9,L107/39,NLGN2,L107_39.pdf,IgG1,Pass,Pass,Pass,ND,2629416,2651165
CAMs,Neuroligin-3,AAA97871,N110/29,NLGN3,N110_29.pdf,IgG1,Pass,Pass,Pass,Pass,10673403,2151818
CAMs,Neuroligin-4*,ABS19580,N98/47,NLGN4X,N98_47.pdf,IgG1,Pass,Pass,ND,ND,2151948,11030369
CAMs,Neuroligin-4*,ABS19580,N98/7,NLGN4X,N98_7.pdf,IgG1,Pass,Pass,ND,ND,10671308,10674109
CAMs,NGL-1/LRRC4C,Q9HCJ2,N49A/21,LRRC4C,N49A_21.pdf,IgG1,Pass,Fail,ND,ND,10671309,2137628
CAMs,NGL-2/LRRC4,Q99PH1,N50/36,LRRC4,N50_36.pdf,IgG1,Pass,Pass,ND,Pass,10672415,2137614
CAMs,NGL-3/LRRC4B,P0CC10,N51/6,LRRC4B,N51_6.pdf,IgG1,Pass,Fail,ND,ND,10697883,2137617
Transporters,NKCC1,P55011,N161/20,SLC12A2,N161_20.pdf,IgG1,Fail,Fail,Fail,ND,10675296,2285991
Other,nNOS/NOS1,P29475,L121/25,NOS1,L121_25.pdf,IgG2b,Pass,Pass,Fail,ND,2651159,2725813
Other,nNOS/NOS1,P29475,L121/42,NOS1,L121_42.pdf,IgG2b,Pass,Pass,Pass,ND,2651160,2744559
Receptors,Notch1,Q01705,N253/32,NOTCH1,N253_32.pdf,IgG1,Pass,Pass,ND,ND,2315897,2315898
Other,Npas4,Q8CJH6,N408/62,NPAS4,N408_62.pdf,IgG2b,Pass,Pass,Pass,ND,2336911,2491086
Other,Npas4,Q8CJH6,N408/79,NPAS4,N408_79.pdf,IgG1,Pass,Pass,Pass,ND,2336912,2491085
Other,NPY/Neuropeptide Y,P01303,L115/13,NPY,L115_13.pdf,IgG2a,Pass,Fail,Pass,ND,2629421,2651168
Receptors,NPY2R/Neuropeptide Y receptor type 2,P49146,L119/106,NPY2R,L119_106.pdf,IgG2a,Pass,Pass,Pass,ND,2631240,2721066
CAMs,NrCAM,Q810U4,N343/26,NRCAM,N343_26.pdf,IgG2a,Pass,Pass,Fail,ND,2315899,2315900
Epigenetics,NSD1,Q96L73,N312/10,NSD1,N312_10.pdf,IgG2b,Pass,ND,ND,ND,11030251,11001827
Epigenetics,NSD3,Q9BZ95,N348/82,WHSC1L1,N348_82.pdf,IgG1,Pass,Pass,Pass,ND,2315901,2315902
Other,OCRL/INPP5b,,N166A/26,----,N166A_26.pdf,IgG1,Pass,Pass,ND,ND,10673580,2156491
Other,Olig1,Q9JKN5,N149/25,OLIG1,N149_25.pdf,IgG1,Pass,ND,Pass,ND,10674111,2157532
Scaffolds,Pan-Ankyrin,,N388A/60,----,N388A_60.pdf,IgG1,Pass,Pass,Pass,NA,2336913,
Other,Pancortin,Q99784,K96/7,OLFM1,K96_7.pdf,IgG1,Pass,Pass,Pass,Pass,10674112,2267633
Other,Pan-FHF-A,,N235/22,----,N235_22.pdf,IgG2b,Pass,Pass,Pass,ND,10672416,10697884
CAMs,Pan-Gamma-protocadherin-A,,N144/32,----,N144_32.pdf,IgG2b,Pass,Pass,ND,Pass,10672982,2159447
CAMs,Pan-Gamma-protocadherin-Constant,,N159/5,----,N159_5.pdf,IgG1,Pass,Pass,Pass,Pass,10676098,2159449
Other,Pan-GRK,,N145/20,----,N145_20.pdf,IgG1,Pass,Pass,ND,ND,10671656,2232788
K+ channels,Pan-KChIP K+ channel,,K55/82,----,K55_82.pdf,IgG2a,Pass,Pass,Pass,ND,2132595,10673406
K+ channels,Pan-Kvbeta K+ channel,,K40/17,----,K40_17.pdf,IgG2a,Pass,Pass,Pass,ND,10672417,2131361
K+ channels,Pan-Kvbeta K+ channel,,K25/73,----,K25_73.pdf,IgG1,Pass,Pass,Pass,NA,2336914,2491089
Scaffolds,Pan-MAGUK,,K28/86,----,K28_86.pdf,IgG1,Pass,Pass,Pass,ND,10698179,10673115
Na+ channels,Pan-Nav1 Na+ channel,,N419/40,----,N419_40.pdf,IgG2a,Pass,Pass,Pass,NA,2491079,2491098
Na+ channels,Pan-Nav1 Na+ channel,,N419/78,----,N419_78.pdf,IgG1,Pass,Pass,Pass,NA,2491081,2493099
CAMs,Pan-Neurofascin,,L11A/41,----,L11A_41.pdf,IgG1,Pass,Pass,Pass,ND,10672369,10672370
CAMs,Pan-Neurofascin (extracellular),,A12/18,----,A12_18.pdf,IgG2a,Pass,Pass,Pass,ND,10671311,2282826
Other,Pannexin-2,P60571,N121A/1,PANX2,N121A_1.pdf,IgG2a,Pass,ND,Pass,ND,10671946,10673510
Other,Pannexin-2,P60571,N121A/31,PANX2,N121A_31.pdf,IgG1,Pass,ND,Pass,ND,10673509,2283425
CAMs,Pan-PTPR,,N165/43,----,N165_43.pdf,IgG2a,Pass,Pass,ND,ND,10675298,2174700
Other,Pan-QKI,,N147/6,----,N147_6.pdf,IgG2b,Pass,Pass,Pass,ND,10671658,2173149
Scaffolds,Pan-SAPAP,,N127/31,----,N127_31.pdf,IgG2b,Pass,Pass,Pass,ND,10697886,10671947
Scaffolds,Pan-Shank,,N23B/49,----,N23B_49.pdf,IgG1,Pass,Pass,Pass,ND,10674115,10672418
Other,Pan-Synapsin,,L125/129,,L125_129.pdf,IgG2b,Pass,Pass,Pass,NA,2728740,
Receptors,Pan-Thyroid hormone receptor,,N403/63,----,N403_63.pdf,IgG2b,Pass,Pass,Pass,NA,2336915,
Other,PARIS/ZNF746,Q6NUN9,N196/16,ZNF746,N196_16.pdf,IgG1,Pass,Pass,Pass,ND,10675299,10674714
Other,Parvalbumin,P02625,L114/3,PVALB,L114_3.pdf,IgG2a,Pass,Pass,Pass,ND,2629420,2651167
Other,Parvalbumin,P02625,L114/81,PVALB,L114_81.pdf,IgG1,Pass,Pass,Pass,ND,2651158,2728742
Rare Disease,PEX6,Q13608,N233/8,PEX6,N233_8.pdf,IgG1,Pass,Pass,ND,ND,11001584,2315903
Rare Disease,PEX7,O00628,N232/9,PEX7,N232_9.pdf,IgG2b,Pass,Fail,ND,ND,10674116,10672985
CounterACT,Phosphoserine-2-OEt,,N257/25,----,N257_25.pdf,IgG1,NA,NA,NA,NA,11000052,
CounterACT,Phosphoserine-2-OH,,N259/48,----,N259_48.pdf,IgG1,NA,NA,NA,NA,11000839,
CounterACT,Phosphoserine-2-OMe,,N262/16,----,N262_16.pdf,IgG1,NA,NA,NA,NA,11001553,
Rare Disease,PhyH/PAHX,O14832,N210/5,PHYH,N210_5.pdf,IgG1,Pass,Pass,ND,ND,10999752,11000718
Scaffolds,PICK1,Q9NRD5,L20/8,PICK1,L20_8.pdf,IgG2a,Pass,Pass,Pass,Pass,10672986,2164544
Other,PINK1,Q9BXM7,N4/15,PINK1,N4_15.pdf,IgG1,Pass,Pass,Pass,ND,10675457,10676107
Validation in progress,PINK1,Q9BXM7,N4/49,PINK1,N4_49.pdf,IgG1,Pass,Pass,Pass,ND,10674715,2268255
Other,PINK1,Q9BXM7,N4/19,PINK1,N4_19.pdf,IgG2b,Pass,Pass,Pass,ND,2315904,2315905
Other,PINK1,Q9BXM7,N357/6,PINK1,N357_6.pdf,IgG2a,Pass,Pass,ND,ND,2315906,2315907
Rare Disease,Proser1,Q5PRE5,N456/39,PROSER1,N456_39.pdf,IgG1,Pass,Pass,ND,ND,2650450,2725811
CAMs,Prrt2,E9PUL5,N485/22,PRRT2,N485_22.pdf,IgG1,Pass,Pass,Pass,Pass,,
Scaffolds,PSD-93/Chapsyn-110,Q63622,N18/30,DLG2,N18_30.pdf,IgG1,Pass,Pass,Pass,Pass,10673100,2277296
Scaffolds,PSD-93/Chapsyn-110,Q63622,N18/28,DLG2,N18_28.pdf,IgG2a,Pass,Pass,Pass,Pass,11000722,11001825
Scaffolds,PSD-95,P78352,K28/43,DLG4,K28_43.pdf,IgG2a,Pass,Pass,Pass,Pass,10698024,2292909
Scaffolds,PSD-95,P78352,K28/74,DLG4,K28_74.pdf,IgG1,Pass,Pass,ND,Pass,2315908,2315909
Other,QKI-5,Q96PU8,N195A/16,QKI,N195A_16.pdf,IgG1,Pass,Pass,ND,ND,10676099,10674117
Other,QKI-6,Q96PU8-2,N182/17,QKI,N182_17.pdf,IgG1,Pass,Pass,Pass,ND,10673511,10673512
Other,QKI-7,Q96PU8-5,N183/15,QKI,N183_15.pdf,IgG1,Pass,Pass,Pass,ND,10675300,2173148
Other,QKI-7b,Q96PU8-8,N194/11,QKI,N194_11.pdf,IgG1,Pass,Fail,Pass,ND,11001848,
Other,RBM17/SPF45,Q96I25,N219/5,RBM17,N219_5.pdf,IgG1,Pass,Pass,Pass,ND,10672987,10675301
Other,REEP,,N326D/13,----,N326D_13.pdf,IgG1,Pass,Pass,Pass,NA,2315910,2315911
Other,REEP1,Q8BGH4,N345/51,REEP1,N345_51.pdf,IgG2b,Pass,Pass,Pass,ND,2315912,2315913
Other,REEP1/2,,N326D/29,----,N326D_29.pdf,IgG1,Pass,Pass,Pass,NA,2315914,
Other,REEP2,Q8VCD6,N326D/2,REEP2,N326D_2.pdf,IgG2a,Pass,Pass,Pass,NA,2315915,
Other,Rem2,Q9WTY2,N324/2,REM2,N324_2.pdf,IgG1,Pass,Pass,Pass,ND,11000051,11001585
Other,RGS14,O08773,N133/21,RGS14,N133_21.pdf,IgG2a,Pass,Pass,Pass,Pass,10698026,2179931
Other,RGS14,O08773,N133/35,RGS14,N133_35.pdf,IgG1,Pass,Pass,Pass,ND,2493093,2716259
Other,Rufy3,Q9D394,N483/84,RUFY3,N483_84.pdf,IgG2b,Pass,Pass,Pass,ND,2744556,
Other,Rufy3,Q9D394,N483/126,RUFY3,N483_126.pdf,IgG1,Pass,Pass,Pass,ND,2744557,
Other,Rufy3,Q9D394,N483/26,RUFY3,N483_26.pdf,IgG2a,Pass,Pass,Pass,ND,,
Other,S100A5,P63083,N176A/35,S100A5,N176A_35.pdf,IgG1,Pass,ND,ND,Pass,2183799,2315917
CAMs,SALM2/LRFN1,Q460M4,N52B/27,LRFN1,N52B_27.pdf,IgG1,Pass,Pass,Pass,ND,10674118,2138710
CAMs,SALM5/LRFN5,Q8BXA0,N140A/12,LRFN5,N140A_12.pdf,IgG1,Pass,ND,Pass,ND,10672419,10698028
Scaffolds,SAP102,Q62936,N19/2,DLG3,N19_2.pdf,IgG1,Pass,Pass,Pass,Pass,10671660,2261666
Scaffolds,SAP97,Q62696,K64/15,DLG1,K64_15.pdf,IgG1,Pass,Pass,Pass,Pass,10672989,2091921
Scaffolds,SAPAP1,P97836,N238/29,DLGAP1,N238_29.pdf,IgG1,Pass,Pass,Fail,ND,2632415,2651162
Scaffolds,SAPAP1,P97836,N238/30,DLGAP1,N238_30.pdf,IgG1,Pass,Fail,Pass,ND,2636853,2722668
Scaffolds,SAPAP1/2,,N238/31,----,N238_31.pdf,IgG1,Pass,Pass,Fail,NA,10671661,2230571
Scaffolds,SAPAP2,P97837,N459/84,DLGAP2,N459_84.pdf,IgG1,Pass,Pass,Pass,ND,2632416,
Scaffolds,SAPAP3,Q6PFD5,L126/93,DLGAP3,L126_93.pdf,IgG2b,Pass,Pass,Pass,ND,,
Other,SCG10/Stathmin-2,P21818,L5/1,STMN2,L5_1.pdf,IgG2b,Pass,Fail,Pass,ND,10671663,2302747
Other,SH3GL1/Endophilin A2,O35964,K51/1,SH3GL1,K51_1.pdf,IgG1,Pass,Pass,Pass,ND,10698030,2189399
Scaffolds,Shank1,Q9WV48,N22/21,SHANK1,N22_21.pdf,IgG1,Pass,Pass,Pass,ND,10673108,2270283
Scaffolds,Shank1 and Shank3,,N367/51,----,N367_51.pdf,IgG2a,Pass,Pass,Pass,ND,2315918,2315919
Scaffolds,Shank2,Q9QX74,N23B/6,SHANK2,N23B_6.pdf,IgG1,Pass,Pass,Pass,ND,10674119,2254586
Scaffolds,Shank3,Q9JLU4,N69/46,SHANK3,N69_46.pdf,IgG2b,Pass,Pass,ND,ND,10698031,2187730
Scaffolds,Shank3,Q9JLU4,N367/62,SHANK3,N367_62.pdf,IgG2a,Pass,Pass,Pass,Pass,2315920,2315921
K+ channels,SK2 K+ channel,P70604,K78/29,KCNN2,K78_29.pdf,IgG1,Pass,Pass,Pass,ND,2491077,2491099
K+ channels,Slo1/BKAlpha maxi-K+ channel,Q08460-2,L6/23,KCNMA1,L6_23.pdf,IgG1,Pass,Pass,Pass,Pass,2493094,2491105
K+ channels,Slo1/BKAlpha maxi-K+ channel,Q08460-2,L6/48,KCNMA1,L6_48.pdf,IgG1,Pass,Pass,Pass,Pass,2493095,2493097
K+ channels,Slo1/BKAlpha maxi-K+ channel,Q08460-2,L6/60,KCNMA1,L6_60.pdf,IgG2a,Pass,Pass,Pass,Pass,10698180,2249538
Other,Snapin/SNAPAP,O95295,L8/15,SNAPIN,L8_15.pdf,IgG1,Pass,Fail,Pass,ND,10675326,2255078
Transporters,SNAT1,Q9JM15,N104/37,SLC38A1,N104_37.pdf,IgG1,Pass,Pass,ND,ND,10671664,2254872
Transporters,SNAT1,Q9JM15,N104/32,SLC38A1,N104_32.pdf,IgG1,Pass,Pass,Pass,ND,10674120,10674121
Other,SST/Somatostatin,P61278,L111/118,SST,L111_118.pdf,IgG1,NA,NA,Pass,ND,,
Tag,S-tag,P61823,N56/9,----,N56_9.pdf,IgG1,NA,NA,NA,NA,2315922,
Other,Stonin-2,Q8WXE9,N346/9,STON2,N346_9.pdf,IgG2b,Pass,Pass,Pass,Pass,2315923,2315924
Receptors,SUR1,Q09429,N289/16,ABCC8,N289_16.pdf,IgG1,Pass,Pass,Pass,Pass,11001671,11001558
Receptors,SUR1 and SUR2B,,N323A/31,----,N323A_31.pdf,IgG1,Pass,Pass,Pass,ND,2315925,2315926
Receptors,SUR2A,P70170,N319A/14,ABCC9,N319A_14.pdf,IgG2a,Pass,Pass,Pass,Pass,2315927,2315928
Receptors,SUR2B,Q63563-2,N323B/20,ABCC9,N323B_20.pdf,IgG2b,Pass,Pass,Pass,ND,2341102,
Other,SVOP,Q9Z2I7,N356/9,SVOP,N356_9.pdf,IgG2b,Pass,Pass,Pass,Pass,2315931,2315932
Other,SVOP,Q9Z2I7,N356/23,SVOP,N356_23.pdf,IgG1,Pass,Pass,ND,Pass,2315933,2315934
Other,Synapsin-3,O14994,L125/121,SYN3,L125_121.pdf,IgG1,Pass,Pass,Pass,ND,2725817,
Other,Synaptotagmin-10,Q9R0N4,N269/73,SYT10,N269_73.pdf,IgG1,Pass,Pass,ND,ND,10672424,10671950
Other,Synaptotagmin-12,Q920N7,N277/7,SYT12,N277_7.pdf,IgG1,Pass,Pass,ND,ND,2315939,2315940
Other,Synaptotagmin-3,O35681,N278/19,SYT3,N278_19.pdf,IgG1,Pass,Pass,Pass,ND,11001828,11001556
Other,Synaptotagmin-5,Q9R0N9,N274/8,SYT5,N274_8.pdf,IgG1,Pass,Fail,ND,ND,2315935,2315936
Other,Synaptotagmin-6,Q9R0N8,N270/47,SYT6,N270_47.pdf,IgG1,Pass,Pass,ND,ND,11000182,11001830
Other,Synaptotagmin-7,Q9R0N7,N275/14,SYT7,N275_14.pdf,IgG2b,Pass,Pass,Pass,ND,11000165,11030371
Other,Synaptotagmin-9,Q9R0N5,N276A/15,SYT9,N276A_15.pdf,IgG1,Pass,Pass,ND,ND,2315937,2315938
CAMs,SynCAM1,Q8R5M8,L45/30,CADM1,L45_30.pdf,IgG1,Pass,Pass,Pass,ND,10671665,2068036
CAMs,SynCAM4,Q8R464,N244/5,CADM4,N244_5.pdf,IgG1,Pass,Pass,Pass,Pass,10673109,10676101
CAMs,SynDIG1/Tmem90b,A2ANU3,L42/17,SYNDIG1,L42_17.pdf,IgG2a,Pass,Pass,Pass,ND,11000166,10999753
CAMs,SynDIG3/Tmem91,Q8C581,N160/21,TMEM91,N160_21.pdf,IgG2b,Pass,Fail,Pass,ND,10676102,2240734
CAMs,SynDIG4/Prrt1,Q6MG82,L102/45,PRRT1,L102_45.pdf,IgG2a,Pass,Pass,Pass,ND,2491106,2531894
Rare Disease,Tafazzin,Q16635-3,N173B/13,TAZ,N173B_13.pdf,IgG2b,Pass,Fail,Fail,ND,2199083,10675327
K+ channels,TALK1 potassium channel,G5E845,N466/14,KCNK16,N466_14.pdf,IgG2a,Pass,Fail,Pass,ND,2631241,2716263
Receptors,TARPGamma2/4/8,,N245/36,----,N245_36.pdf,IgG2a,Pass,Pass,ND,ND,10672525,10676103
Receptors,TARPGamma2/Stargazin,Q71RJ2,N245/1,CACNG2,N245_1.pdf,IgG2a,Pass,Pass,ND,Pass,10675452,11001587
K+ channels,TASK1 K+ channel,O54912,N374/48,KCNK3,N374_48.pdf,IgG2b,Pass,Pass,Pass,Pass,2315941,2315942
Other,Tauro-GM2,,N175/9,----,N175_9.pdf,IgM,ND,ND,ND,ND,10672373,11001847
Rare Disease,THAP1,Q9NVV9,N325B/65,THAP1,N325B_65.pdf,IgG3,Pass,ND,ND,ND,2315943,2315944
K+ channels,THIK-2 potassium channel,Q76M80,N468/37,KCNK12,N468_37.pdf,IgG1,Pass,Fail,Pass,ND,2631242,2651170
Tag,Thioredoxin,P0AA25,N245/44,----,N245_44.pdf,IgG1,NA,NA,NA,NA,10698033,10676104
Other,Thorase/Atad1,Q9D5T0,N125/10,ATAD1,N125_10.pdf,IgG1,Pass,Pass,Pass,Pass,10673514,2290002
Receptors,Thyroid hormone receptor beta1,P10828,N402/13,THRB,N402_13.pdf,IgG2b,Pass,Pass,Pass,ND,2336916,
Receptors,Thyroid hormone receptor beta1,P10828,N402/46,THRB,N402_46.pdf,IgG1,Pass,Pass,Pass,ND,2336917,2491092
Other,Tiam1,Q60610,L130/1,TIAM1,,IgG2b,Pass,Pass,Pass,ND,,
Other,Tmem119,Q8R138,L128/43,TM119,,IgG1,Pass,Fail,Pass,ND,,
K+ channels,TRAAK K+ channel,O88454,N445/27,KCNK4,N445_27.pdf,IgG2a,Pass,Fail,Pass,ND,2532074,2629424
Other,TRAK1,Q9UPV9,N389/9,TRAK1,N389_9.pdf,IgG2b,Pass,Fail,Pass,ND,2315945,2315946
Other,TRAK2,O60296,N390/43,TRAK2,N390_43.pdf,IgG2a,Pass,Pass,Pass,ND,2315947,2315948
K+ channels,TRESK potassium channel,Q6VV64,N467/1,KCNK18,N467_1.pdf,IgG2b,Pass,Pass,Fail,ND,2650451,2744558
Ion channels,TRIP8b (constant),Q925N3,N212/7,PEX5L,N212_7.pdf,IgG2b,Pass,Pass,Pass,Pass,10698034,10675329
Ion channels,TRIP8b (constant),Q925N3,N212/17,PEX5L,N212_17.pdf,IgG2a,Pass,Pass,Pass,Pass,10675453,10698035
Ion channels,TRIP8b (exon 1a/5),Q8C437,N291C/22,PEX5L,N291C_22.pdf,IgG1,Pass,Pass,Fail,Pass,2315949,2315950
Ion channels,TRIP8b (exon 1b),Q8C437-3,N212A/34,PEX5L,N212A_34.pdf,IgG1,Pass,Pass,Pass,Pass,10675330,10673515
Ion channels,TRIP8b (exon 4),Q925N3,N212/3,PEX5L,N212_3.pdf,IgG1,Pass,Pass,Pass,Pass,2162409,10671951
Trp channels,TrpC1,P48995,1F1,TRPC1,1F1.pdf,IgG1,Pass,Pass,ND,Pass,10999751,2315951
Trp channels,TrpC4,O35119,N77/15,TRPC4,N77_15.pdf,IgG2b,Pass,Pass,Pass,ND,10698036,2256454
Trp channels,TrpC5,Q9UL62,N67/15,TRPC5,N67_15.pdf,IgG2b,Pass,Pass,Pass,Pass,10671667,2240979
Trp channels,TrpC6,Q9Y210,N490/24,TRPC6,,IgG2b,Pass,Fail,Pass,ND,,
Trp channels,TrpC7,Q9HCX4,N64A/36,TRPC7,N64A_36.pdf,IgG1,Pass,Pass,Pass,ND,10672526,2208358
Trp channels,TrpM4,Q8TD43,L88/86,TRPM4,L88_86.pdf,IgM,Pass,Fail,Pass,ND,2716758,
Trp channels,TrpM6,Q9BX84,N470/22,TRPM6,N470_22.pdf,IgG2a,Pass,NA,NA,ND,2631244,2714206
Trp channels,TrpM7,Q923J1,N74/25,TRPM7,N74_25.pdf,IgG1,Pass,Fail,Pass,ND,10671668,2287844
Trp channels,TRPML3/Mucolipin-3,Q8TDD5,N268/19,MCOLN3,N268_19.pdf,IgG2a,Pass,Fail,Fail,ND,11000172,11000726
Trp channels,TrpV1,O35433,N221/17,TRPV1,N221_17.pdf,IgG1,Pass,Pass,Pass,Pass,10676106,11000725
Trp channels,TrpV1,O35433,N221/12,TRPV1,N221_12.pdf,IgG1,Pass,Fail,ND,Pass,10673516,
Trp channels,TrpV3,NP_0010209,N15/4,TRPV3,N15_4.pdf,IgG2a,Pass,Fail,Fail,ND,10675455,10671952
Trp channels,TrpV3,NP_0010209,N15/39,TRPV3,N15_39.pdf,IgG1,Pass,Fail,Fail,ND,10675456,10698038
K+ channels,TWIK-2 potassium channel,Q3TBV4,N469/28,KCNK6,N469_28.pdf,IgG1,Pass,NA,NA,ND,2631243,2686915
Other,Uncx,O08934,N155/9,UNCX,N155_9.pdf,IgG1,Pass,ND,Pass,ND,10672528,10999755
Transporters,VAChT,NP_003046,N6/38,SLC18A3,N6_38.pdf,IgG1,ND,Fail,Pass,ND,10674274,2188148
Transporters,VAChT,Q62666,N425/45,SLC18A3,N425_45.pdf,IgG1,Pass,Fail,Pass,ND,2532047,2632411
Other,VAPA,Q9Z270,N479/12,VAPA,N479_12.pdf,IgG1,Pass,Pass,Pass,Pass,2722707,
Other,VAPA,Q9Z270,N479/22,VAPA,N479_22.pdf,IgG2a,Pass,Pass,Pass,Pass,2722708,
Other,VAPA/B,,N479/107,----,N479_107.pdf,IgG2b,Pass,Pass,Pass,NA,2722711,
Ion channels,VDAC1,P21796,N152B/23,VDAC1,N152B_23.pdf,IgG2a,Pass,Pass,Pass,Pass,10673517,2214807
Scaffolds,Versican,Q62059,N351/23,VCAN,N351_23.pdf,IgG1,Pass,Pass,ND,Pass,2315952,2315953
Scaffolds,Versican,Q62059,N351/24,VCAN,N351_24.pdf,IgG2a,Pass,Pass,ND,Pass,2315954,2315955
Transporters,VGAT,O35633,L118/80,SLC32A1,L118_80.pdf,IgG2a,Pass,Pass,Pass,ND,2629422,2651169
Transporters,VGAT,O35633,L118/66,SLC32A1,L118_66.pdf,IgG2a,Pass,Pass,Pass,ND,2650550,
Transporters,VGlut1,Q62634,N28/9,SLC17A7,N28_9.pdf,IgG1,Pass,Pass,Pass,ND,10673111,2187693
Transporters,VGlut2,Q9JI12,N29/29,SLC17A6,N29_29.pdf,IgG1,Pass,Pass,Pass,ND,10698039,2239153
Transporters,VGlut3,Q7TSF2,N34/34,SLC17A8,N34_34.pdf,IgG1,Pass,ND,Pass,ND,10698040,2187711
Other,VIP,P01282,L108/92,VIP,L108_92.pdf,IgG2b,Pass,Fail,Pass,ND,2619640,2651163
Transporters,VMAT1,Q8R090,N440/21,SLC18A1,N440_21.pdf,IgG1,Pass,Pass,Pass,ND,2532071,2631239
Transporters,VMAT1,Q8R090,N440/61,SLC18A1,N440_61.pdf,IgG2a,Pass,Pass,Pass,ND,2532072,2632412
Transporters,VMAT2,Q66L40,N449/73,SLC18A2,N449_73.pdf,IgG2b,Pass,Pass,Fail,ND,2532092,2686911
Other,VSP,Q4V9E4,N432/21,TPTE,N432_21.pdf,IgG2a,Pass,Pass,ND,ND,2716253,2744560
Other,VSP,Q4V9E4,N432/63,TPTE,N432_63.pdf,IgG1,Pass,ND,ND,ND,2716254,2744561
Other,WAVE1/SCAR,Q92558,K91/36,WASF1,K91_36.pdf,IgG1,Pass,Pass,Pass,Pass,10671317,2216976
Other,WNK1,Q9JIH7,N391/68,WNK1,N391_68.pdf,IgG2b,Pass,Pass,Pass,Pass,2315956,
Rare Disease,WRN,Q14191,N428/12,WRN,N428_12.pdf,IgG1,Pass,Pass,Pass,ND,2493096,2714203
Other,Zebrafish PSD Marker,,N286/74,----,N286_74.pdf,IgG1,ND,ND,ND,ND,2315958,2315959
Other,Zinedin,Q9NRL3,K88/64,STRN4,K88_64.pdf,IgG2a,Pass,Pass,Pass,ND,10671953,2197913
Transporters,ZIP3,Q99K24,N476/9,SLC39A3,N476_9.pdf,IgG1,Pass,Pass,Pass,ND,2716255,2744562
Other,ZNF423,Q2M1K9,N328B/37,ZNF423,N328B_37.pdf,IgG1,Pass,Pass,Pass,Pass,2315960,