"plate"	"Chain"	"SMARTindex"	"RawReads"	"ReadsWithPrimer"	"Ga12HC"	"Ga3HC"	"LaLC"	"KaLC"	"Aberrant_LC_reads"	"ShortInsert"	"MediumInserts"	"LongInserts"	"Overlapped"	"LengthFiltered"	"folder"	"sample_name"	"plate_location"	"trimmer_id"	"volume"	"concentration"	"comments"	"amplicon_concentration"	"lib_concentration"	"failure"	"inline_index_name"	"inline_index"	"LCs.Reported"	"HCs.Reported"	"pctReadsWPrimer"	"pctOverlapped"	"pctLengthFiltered"	"NonAberrantReads"	"LCs.Annotated"	"HCs.Annotated"	"Original.trimmer_id"	"Category"	"SeqYear"	"SeqMonth"	"SeqDay"	"SampleType"	"LC.K.Called"	"LC.L.Called"	"HC.H.Called"	"HC.G.Called"
"TRIMMER0020_P10"	"H"	"12-SMARTindex"	1382743	0	0	0	0	0	0	0	0	0	0	0	"TRIMMER0020_P10"	"P10_D2"	"D2"	"N279/16.1"	15	14	"RNA concentration lower than 20ng/Âµl"	1.66	NA	NA	"12-SMARTindex"	"ATGAACACAGTGGTATCAACGCAGAGTACA"	0	0	0	0	0	0	0	0	"N279/16.1"	2	2020	5	10	"monoclonal"	NA	NA	NA	0
"TRIMMER0020_P10"	"L"	"12-SMARTindex"	1382743	1	0	0	0	1	0	0	1	0	1	1	"TRIMMER0020_P10"	"P10_D2"	"D2"	"N279/16.1"	15	14	"RNA concentration lower than 20ng/Âµl"	1.66	NA	NA	"12-SMARTindex"	"ATGAACACAGTGGTATCAACGCAGAGTACA"	0	0	7.23199666749594e-05	50	50	1	0	0	"N279/16.1"	2	2020	5	10	"monoclonal"	NA	NA	NA	0
"TRIMMER0010_P10R"	"H"	"73-SMARTindex"	661554	0	0	0	0	0	0	0	0	0	0	0	"TRIMMER0010_P10R"	"P10R_A10"	"A10"	"N279B/27.3"	3	20	NA	5.37	22	NA	"73-SMARTindex"	"GACATCACAGTGGTATCAACGCAGAGTACA"	0	0	0	0	0	0	0	0	"N279B/27.3"	3	2020	9	25	"monoclonal"	NA	NA	NA	0
"TRIMMER0010_P10R"	"L"	"73-SMARTindex"	661554	0	0	0	0	0	0	0	0	0	0	0	"TRIMMER0010_P10R"	"P10R_A10"	"A10"	"N279B/27.3"	3	20	NA	5.37	22	NA	"73-SMARTindex"	"GACATCACAGTGGTATCAACGCAGAGTACA"	0	0	0	0	0	0	0	0	"N279B/27.3"	3	2020	9	25	"monoclonal"	NA	NA	NA	0
"TRIMMER0010_P10R"	"H"	"81-SMARTindex"	661554	0	0	0	0	0	0	0	0	0	0	0	"TRIMMER0010_P10R"	"P10R_A11"	"A11"	"N279B/27.4"	3	20	NA	4.98	22	NA	"81-SMARTindex"	"GCAGCCTCAGTGGTATCAACGCAGAGTACA"	0	0	0	0	0	0	0	0	"N279B/27.4"	3	2020	9	25	"monoclonal"	NA	NA	NA	0
"TRIMMER0010_P10R"	"L"	"81-SMARTindex"	661554	0	0	0	0	0	0	0	0	0	0	0	"TRIMMER0010_P10R"	"P10R_A11"	"A11"	"N279B/27.4"	3	20	NA	4.98	22	NA	"81-SMARTindex"	"GCAGCCTCAGTGGTATCAACGCAGAGTACA"	0	0	0	0	0	0	0	0	"N279B/27.4"	3	2020	9	25	"monoclonal"	NA	NA	NA	0
"TRIMMER0010_P10R"	"H"	"89-SMARTindex"	661554	0	0	0	0	0	0	0	0	0	0	0	"TRIMMER0010_P10R"	"P10R_A12"	"A12"	"N279B/27.5"	3	20	NA	2.49	22	NA	"89-SMARTindex"	"CGCGGACAGTGGTATCAACGCAGAGTACA"	0	0	0	0	0	0	0	0	"N279B/27.5"	3	2020	9	25	"monoclonal"	NA	NA	NA	0
"TRIMMER0010_P10R"	"L"	"89-SMARTindex"	661554	0	0	0	0	0	0	0	0	0	0	0	"TRIMMER0010_P10R"	"P10R_A12"	"A12"	"N279B/27.5"	3	20	NA	2.49	22	NA	"89-SMARTindex"	"CGCGGACAGTGGTATCAACGCAGAGTACA"	0	0	0	0	0	0	0	0	"N279B/27.5"	3	2020	9	25	"monoclonal"	NA	NA	NA	0
"TRIMMER0010_P10R"	"H"	"09-SMARTindex"	661554	0	0	0	0	0	0	0	0	0	0	0	"TRIMMER0010_P10R"	"P10R_A2"	"A2"	"L106/4.2"	3	20	NA	3.07	22	NA	"09-SMARTindex"	"TCAGGAACAGTGGTATCAACGCAGAGTACA"	0	0	0	0	0	0	0	0	"L106/4.2"	3	2020	9	25	"monoclonal"	NA	NA	NA	0
"TRIMMER0010_P10R"	"L"	"09-SMARTindex"	661554	0	0	0	0	0	0	0	0	0	0	0	"TRIMMER0010_P10R"	"P10R_A2"	"A2"	"L106/4.2"	3	20	NA	3.07	22	NA	"09-SMARTindex"	"TCAGGAACAGTGGTATCAACGCAGAGTACA"	0	0	0	0	0	0	0	0	"L106/4.2"	3	2020	9	25	"monoclonal"	NA	NA	NA	0
"TRIMMER0010_P10R"	"H"	"17-SMARTindex"	661554	0	0	0	0	0	0	0	0	0	0	0	"TRIMMER0010_P10R"	"P10R_A3"	"A3"	"L106/4.2.1"	3	20	NA	6.63	22	NA	"17-SMARTindex"	"TCTTAATCAGTGGTATCAACGCAGAGTACA"	0	0	0	0	0	0	0	0	"L106/4.2.1"	3	2020	9	25	"monoclonal"	NA	NA	NA	0
"TRIMMER0010_P10R"	"L"	"17-SMARTindex"	661554	0	0	0	0	0	0	0	0	0	0	0	"TRIMMER0010_P10R"	"P10R_A3"	"A3"	"L106/4.2.1"	3	20	NA	6.63	22	NA	"17-SMARTindex"	"TCTTAATCAGTGGTATCAACGCAGAGTACA"	0	0	0	0	0	0	0	0	"L106/4.2.1"	3	2020	9	25	"monoclonal"	NA	NA	NA	0
"TRIMMER0010_P10R"	"H"	"25-SMARTindex"	661554	0	0	0	0	0	0	0	0	0	0	0	"TRIMMER0010_P10R"	"P10R_A4"	"A4"	"L106/4.2.7"	3	20	NA	3.08	22	NA	"25-SMARTindex"	"TTTATGCAGTGGTATCAACGCAGAGTACA"	0	0	0	0	0	0	0	0	"L106/4.2.7"	3	2020	9	25	"monoclonal"	NA	NA	NA	0
"TRIMMER0010_P10R"	"L"	"25-SMARTindex"	661554	0	0	0	0	0	0	0	0	0	0	0	"TRIMMER0010_P10R"	"P10R_A4"	"A4"	"L106/4.2.7"	3	20	NA	3.08	22	NA	"25-SMARTindex"	"TTTATGCAGTGGTATCAACGCAGAGTACA"	0	0	0	0	0	0	0	0	"L106/4.2.7"	3	2020	9	25	"monoclonal"	NA	NA	NA	0
"TRIMMER0010_P10R"	"H"	"33-SMARTindex"	661554	0	0	0	0	0	0	0	0	0	0	0	"TRIMMER0010_P10R"	"P10R_A5"	"A5"	"N279A/49.2"	3	20	NA	2.62	22	NA	"33-SMARTindex"	"AGATAGAACAGTGGTATCAACGCAGAGTACA"	0	0	0	0	0	0	0	0	"N279A/49.2"	2	2020	9	25	"monoclonal"	NA	NA	NA	0
"TRIMMER0010_P10R"	"L"	"33-SMARTindex"	661554	0	0	0	0	0	0	0	0	0	0	0	"TRIMMER0010_P10R"	"P10R_A5"	"A5"	"N279A/49.2"	3	20	NA	2.62	22	NA	"33-SMARTindex"	"AGATAGAACAGTGGTATCAACGCAGAGTACA"	0	0	0	0	0	0	0	0	"N279A/49.2"	2	2020	9	25	"monoclonal"	NA	NA	NA	0
"TRIMMER0010_P10R"	"H"	"41-SMARTindex"	661554	0	0	0	0	0	0	0	0	0	0	0	"TRIMMER0010_P10R"	"P10R_A6"	"A6"	"L106/94.1.2.1"	3	20	NA	1.38	22	NA	"41-SMARTindex"	"CTCTCGATCAGTGGTATCAACGCAGAGTACA"	0	0	0	0	0	0	0	0	"L106/94.1.2.1"	2	2020	9	25	"monoclonal"	NA	NA	NA	0
"TRIMMER0010_P10R"	"L"	"41-SMARTindex"	661554	0	0	0	0	0	0	0	0	0	0	0	"TRIMMER0010_P10R"	"P10R_A6"	"A6"	"L106/94.1.2.1"	3	20	NA	1.38	22	NA	"41-SMARTindex"	"CTCTCGATCAGTGGTATCAACGCAGAGTACA"	0	0	0	0	0	0	0	0	"L106/94.1.2.1"	2	2020	9	25	"monoclonal"	NA	NA	NA	0
"TRIMMER0010_P10R"	"H"	"49-SMARTindex"	661554	0	0	0	0	0	0	0	0	0	0	0	"TRIMMER0010_P10R"	"P10R_A7"	"A7"	"L106/94.1.2.7"	3	20	NA	1.58	22	NA	"49-SMARTindex"	"GTGCCATACAGTGGTATCAACGCAGAGTACA"	0	0	0	0	0	0	0	0	"L106/94.1.2.7"	2	2020	9	25	"monoclonal"	NA	NA	NA	0
"TRIMMER0010_P10R"	"L"	"49-SMARTindex"	661554	0	0	0	0	0	0	0	0	0	0	0	"TRIMMER0010_P10R"	"P10R_A7"	"A7"	"L106/94.1.2.7"	3	20	NA	1.58	22	NA	"49-SMARTindex"	"GTGCCATACAGTGGTATCAACGCAGAGTACA"	0	0	0	0	0	0	0	0	"L106/94.1.2.7"	2	2020	9	25	"monoclonal"	NA	NA	NA	0
"TRIMMER0010_P10R"	"H"	"57-SMARTindex"	661554	0	0	0	0	0	0	0	0	0	0	0	"TRIMMER0010_P10R"	"P10R_A8"	"A8"	"N279B/27.1"	3	20	NA	6.81	22	NA	"57-SMARTindex"	"AGTACTCAGTGGTATCAACGCAGAGTACA"	0	0	0	0	0	0	0	0	"N279B/27.1"	1	2020	9	25	"monoclonal"	NA	NA	NA	0
"TRIMMER0010_P10R"	"L"	"57-SMARTindex"	661554	0	0	0	0	0	0	0	0	0	0	0	"TRIMMER0010_P10R"	"P10R_A8"	"A8"	"N279B/27.1"	3	20	NA	6.81	22	NA	"57-SMARTindex"	"AGTACTCAGTGGTATCAACGCAGAGTACA"	0	0	0	0	0	0	0	0	"N279B/27.1"	1	2020	9	25	"monoclonal"	NA	NA	NA	0
"TRIMMER0010_P10R"	"H"	"65-SMARTindex"	661554	0	0	0	0	0	0	0	0	0	0	0	"TRIMMER0010_P10R"	"P10R_A9"	"A9"	"N279B/27.2"	3	20	NA	6.28	22	NA	"65-SMARTindex"	"AAGCTCCAGTGGTATCAACGCAGAGTACA"	0	0	0	0	0	0	0	0	"N279B/27.2"	3	2020	9	25	"monoclonal"	NA	NA	NA	0
"TRIMMER0010_P10R"	"L"	"65-SMARTindex"	661554	0	0	0	0	0	0	0	0	0	0	0	"TRIMMER0010_P10R"	"P10R_A9"	"A9"	"N279B/27.2"	3	20	NA	6.28	22	NA	"65-SMARTindex"	"AAGCTCCAGTGGTATCAACGCAGAGTACA"	0	0	0	0	0	0	0	0	"N279B/27.2"	3	2020	9	25	"monoclonal"	NA	NA	NA	0
"TRIMMER0010_P10R"	"H"	"82-SMARTindex"	661554	0	0	0	0	0	0	0	0	0	0	0	"TRIMMER0010_P10R"	"P10R_B11"	"B11"	"N279B/64.1"	3	20	NA	4.09	22	NA	"82-SMARTindex"	"ACTCTTTCAGTGGTATCAACGCAGAGTACA"	0	0	0	0	0	0	0	0	"N279B/64.1"	2	2020	9	25	"monoclonal"	NA	NA	NA	0
"TRIMMER0010_P10R"	"L"	"82-SMARTindex"	661554	0	0	0	0	0	0	0	0	0	0	0	"TRIMMER0010_P10R"	"P10R_B11"	"B11"	"N279B/64.1"	3	20	NA	4.09	22	NA	"82-SMARTindex"	"ACTCTTTCAGTGGTATCAACGCAGAGTACA"	0	0	0	0	0	0	0	0	"N279B/64.1"	2	2020	9	25	"monoclonal"	NA	NA	NA	0
"TRIMMER0010_P10R"	"H"	"10-SMARTindex"	661554	0	0	0	0	0	0	0	0	0	0	0	"TRIMMER0010_P10R"	"P10R_B2"	"B2"	"N279B/57.2"	3	20	NA	2.78	22	NA	"10-SMARTindex"	"CGGTTAACAGTGGTATCAACGCAGAGTACA"	0	0	0	0	0	0	0	0	"N279B/57.2"	2	2020	9	25	"monoclonal"	NA	NA	NA	0
"TRIMMER0010_P10R"	"L"	"10-SMARTindex"	661554	0	0	0	0	0	0	0	0	0	0	0	"TRIMMER0010_P10R"	"P10R_B2"	"B2"	"N279B/57.2"	3	20	NA	2.78	22	NA	"10-SMARTindex"	"CGGTTAACAGTGGTATCAACGCAGAGTACA"	0	0	0	0	0	0	0	0	"N279B/57.2"	2	2020	9	25	"monoclonal"	NA	NA	NA	0
"TRIMMER0010_P10R"	"H"	"18-SMARTindex"	661554	0	0	0	0	0	0	0	0	0	0	0	"TRIMMER0010_P10R"	"P10R_B3"	"B3"	"N279B/86.1"	3	20	NA	1.64	22	NA	"18-SMARTindex"	"GTCAGGTCAGTGGTATCAACGCAGAGTACA"	0	0	0	0	0	0	0	0	"N279B/86.1"	2	2020	9	25	"monoclonal"	NA	NA	NA	0
"TRIMMER0010_P10R"	"L"	"18-SMARTindex"	661554	0	0	0	0	0	0	0	0	0	0	0	"TRIMMER0010_P10R"	"P10R_B3"	"B3"	"N279B/86.1"	3	20	NA	1.64	22	NA	"18-SMARTindex"	"GTCAGGTCAGTGGTATCAACGCAGAGTACA"	0	0	0	0	0	0	0	0	"N279B/86.1"	2	2020	9	25	"monoclonal"	NA	NA	NA	0
"TRIMMER0010_P10R"	"H"	"26-SMARTindex"	661554	0	0	0	0	0	0	0	0	0	0	0	"TRIMMER0010_P10R"	"P10R_B4"	"B4"	"N279B/86.2"	3	20	NA	2.4	22	NA	"26-SMARTindex"	"AACGCCCAGTGGTATCAACGCAGAGTACA"	0	0	0	0	0	0	0	0	"N279B/86.2"	2	2020	9	25	"monoclonal"	NA	NA	NA	0
"TRIMMER0010_P10R"	"L"	"26-SMARTindex"	661554	0	0	0	0	0	0	0	0	0	0	0	"TRIMMER0010_P10R"	"P10R_B4"	"B4"	"N279B/86.2"	3	20	NA	2.4	22	NA	"26-SMARTindex"	"AACGCCCAGTGGTATCAACGCAGAGTACA"	0	0	0	0	0	0	0	0	"N279B/86.2"	2	2020	9	25	"monoclonal"	NA	NA	NA	0
"TRIMMER0010_P10R"	"H"	"34-SMARTindex"	661554	0	0	0	0	0	0	0	0	0	0	0	"TRIMMER0010_P10R"	"P10R_B5"	"B5"	"N279B/86.3"	3	20	NA	4.46	22	NA	"34-SMARTindex"	"TTGGTAAACAGTGGTATCAACGCAGAGTACA"	0	0	0	0	0	0	0	0	"N279B/86.3"	2	2020	9	25	"monoclonal"	NA	NA	NA	0
"TRIMMER0010_P10R"	"L"	"34-SMARTindex"	661554	0	0	0	0	0	0	0	0	0	0	0	"TRIMMER0010_P10R"	"P10R_B5"	"B5"	"N279B/86.3"	3	20	NA	4.46	22	NA	"34-SMARTindex"	"TTGGTAAACAGTGGTATCAACGCAGAGTACA"	0	0	0	0	0	0	0	0	"N279B/86.3"	2	2020	9	25	"monoclonal"	NA	NA	NA	0
"TRIMMER0010_P10R"	"H"	"42-SMARTindex"	661554	0	0	0	0	0	0	0	0	0	0	0	"TRIMMER0010_P10R"	"P10R_B6"	"B6"	"N279B/108.1"	3	20	NA	3.01	22	NA	"42-SMARTindex"	"TGACACATCAGTGGTATCAACGCAGAGTACA"	0	0	0	0	0	0	0	0	"N279B/108.1"	2	2020	9	25	"monoclonal"	NA	NA	NA	0
"TRIMMER0010_P10R"	"L"	"42-SMARTindex"	661554	1	0	0	0	1	1	0	1	0	1	1	"TRIMMER0010_P10R"	"P10R_B6"	"B6"	"N279B/108.1"	3	20	NA	3.01	22	NA	"42-SMARTindex"	"TGACACATCAGTGGTATCAACGCAGAGTACA"	0	0	0.000151159011722381	50	50	0	0	0	"N279B/108.1"	2	2020	9	25	"monoclonal"	NA	NA	NA	0
"TRIMMER0010_P10R"	"H"	"50-SMARTindex"	661554	0	0	0	0	0	0	0	0	0	0	0	"TRIMMER0010_P10R"	"P10R_B7"	"B7"	"N279B/108.2"	3	20	NA	2.74	22	NA	"50-SMARTindex"	"TCGAGGTACAGTGGTATCAACGCAGAGTACA"	0	0	0	0	0	0	0	0	"N279B/108.2"	2	2020	9	25	"monoclonal"	NA	NA	NA	0
"TRIMMER0010_P10R"	"L"	"50-SMARTindex"	661554	0	0	0	0	0	0	0	0	0	0	0	"TRIMMER0010_P10R"	"P10R_B7"	"B7"	"N279B/108.2"	3	20	NA	2.74	22	NA	"50-SMARTindex"	"TCGAGGTACAGTGGTATCAACGCAGAGTACA"	0	0	0	0	0	0	0	0	"N279B/108.2"	2	2020	9	25	"monoclonal"	NA	NA	NA	0
"TRIMMER0010_P10R"	"H"	"58-SMARTindex"	661554	0	0	0	0	0	0	0	0	0	0	0	"TRIMMER0010_P10R"	"P10R_B8"	"B8"	"N279B/108.4"	3	20	NA	2.39	22	NA	"58-SMARTindex"	"ATAAGACAGTGGTATCAACGCAGAGTACA"	0	0	0	0	0	0	0	0	"N279B/108.4"	2	2020	9	25	"monoclonal"	NA	NA	NA	0
"TRIMMER0010_P10R"	"L"	"58-SMARTindex"	661554	0	0	0	0	0	0	0	0	0	0	0	"TRIMMER0010_P10R"	"P10R_B8"	"B8"	"N279B/108.4"	3	20	NA	2.39	22	NA	"58-SMARTindex"	"ATAAGACAGTGGTATCAACGCAGAGTACA"	0	0	0	0	0	0	0	0	"N279B/108.4"	2	2020	9	25	"monoclonal"	NA	NA	NA	0
"TRIMMER0010_P10R"	"H"	"66-SMARTindex"	661554	0	0	0	0	0	0	0	0	0	0	0	"TRIMMER0010_P10R"	"P10R_B9"	"B9"	"N279B/108.5"	3	20	NA	0.02	22	NA	"66-SMARTindex"	"GACGATCAGTGGTATCAACGCAGAGTACA"	0	0	0	0	0	0	0	0	"N279B/108.5"	2	2020	9	25	"monoclonal"	NA	NA	NA	0
"TRIMMER0010_P10R"	"L"	"66-SMARTindex"	661554	0	0	0	0	0	0	0	0	0	0	0	"TRIMMER0010_P10R"	"P10R_B9"	"B9"	"N279B/108.5"	3	20	NA	0.02	22	NA	"66-SMARTindex"	"GACGATCAGTGGTATCAACGCAGAGTACA"	0	0	0	0	0	0	0	0	"N279B/108.5"	2	2020	9	25	"monoclonal"	NA	NA	NA	0
"TRIMMER0010_P10R"	"H"	"03-SMARTindex"	661554	0	0	0	0	0	0	0	0	0	0	0	"TRIMMER0010_P10R"	"P10R_C1"	"C1"	"L106/94.1.2.3"	3	20	NA	4.33	22	NA	"03-SMARTindex"	"ACCAGTCAGTGGTATCAACGCAGAGTACA"	0	0	0	0	0	0	0	0	"L106/94.1.2.3"	2	2020	9	25	"monoclonal"	NA	NA	NA	0
"TRIMMER0010_P10R"	"L"	"03-SMARTindex"	661554	0	0	0	0	0	0	0	0	0	0	0	"TRIMMER0010_P10R"	"P10R_C1"	"C1"	"L106/94.1.2.3"	3	20	NA	4.33	22	NA	"03-SMARTindex"	"ACCAGTCAGTGGTATCAACGCAGAGTACA"	0	0	0	0	0	0	0	0	"L106/94.1.2.3"	2	2020	9	25	"monoclonal"	NA	NA	NA	0
"TRIMMER0010_P10R"	"H"	"27-SMARTindex"	661554	0	0	0	0	0	0	0	0	0	0	0	"TRIMMER0010_P10R"	"P10R_C4"	"C4"	"L106/94.1.2.6"	3	20	NA	7.36	22	NA	"27-SMARTindex"	"CAAGCACAGTGGTATCAACGCAGAGTACA"	0	0	0	0	0	0	0	0	"L106/94.1.2.6"	2	2020	9	25	"monoclonal"	NA	NA	NA	0
"TRIMMER0010_P10R"	"L"	"27-SMARTindex"	661554	0	0	0	0	0	0	0	0	0	0	0	"TRIMMER0010_P10R"	"P10R_C4"	"C4"	"L106/94.1.2.6"	3	20	NA	7.36	22	NA	"27-SMARTindex"	"CAAGCACAGTGGTATCAACGCAGAGTACA"	0	0	0	0	0	0	0	0	"L106/94.1.2.6"	2	2020	9	25	"monoclonal"	NA	NA	NA	0
"TRIMMER0010_P10R"	"H"	"67-SMARTindex"	661554	0	0	0	0	0	0	0	0	0	0	0	"TRIMMER0010_P10R"	"P10R_C9"	"C9"	"N279/16.2"	3	20	NA	1.27	22	NA	"67-SMARTindex"	"TCGTTCCAGTGGTATCAACGCAGAGTACA"	0	0	0	0	0	0	0	0	"N279/16.2"	2	2020	9	25	"monoclonal"	NA	NA	NA	0
"TRIMMER0010_P10R"	"L"	"67-SMARTindex"	661554	0	0	0	0	0	0	0	0	0	0	0	"TRIMMER0010_P10R"	"P10R_C9"	"C9"	"N279/16.2"	3	20	NA	1.27	22	NA	"67-SMARTindex"	"TCGTTCCAGTGGTATCAACGCAGAGTACA"	0	0	0	0	0	0	0	0	"N279/16.2"	2	2020	9	25	"monoclonal"	NA	NA	NA	0
"TRIMMER0010_P10R"	"H"	"92-SMARTindex"	661554	0	0	0	0	0	0	0	0	0	0	0	"TRIMMER0010_P10R"	"P10R_D12"	"D12"	"N279A/29.7"	3	20	NA	2.22	22	NA	"92-SMARTindex"	"GAACCTCAGTGGTATCAACGCAGAGTACA"	0	0	0	0	0	0	0	0	"N279A/29.7"	2	2020	9	25	"monoclonal"	NA	NA	NA	0
"TRIMMER0010_P10R"	"L"	"92-SMARTindex"	661554	0	0	0	0	0	0	0	0	0	0	0	"TRIMMER0010_P10R"	"P10R_D12"	"D12"	"N279A/29.7"	3	20	NA	2.22	22	NA	"92-SMARTindex"	"GAACCTCAGTGGTATCAACGCAGAGTACA"	0	0	0	0	0	0	0	0	"N279A/29.7"	2	2020	9	25	"monoclonal"	NA	NA	NA	0
"TRIMMER0010_P10R"	"H"	"12-SMARTindex"	661554	0	0	0	0	0	0	0	0	0	0	0	"TRIMMER0010_P10R"	"P10R_D2"	"D2"	"N279/16.1"	3	20	NA	1.66	22	NA	"12-SMARTindex"	"ATGAACACAGTGGTATCAACGCAGAGTACA"	0	0	0	0	0	0	0	0	"N279/16.1"	2	2020	9	25	"monoclonal"	NA	NA	NA	0
"TRIMMER0010_P10R"	"L"	"12-SMARTindex"	661554	0	0	0	0	0	0	0	0	0	0	0	"TRIMMER0010_P10R"	"P10R_D2"	"D2"	"N279/16.1"	3	20	NA	1.66	22	NA	"12-SMARTindex"	"ATGAACACAGTGGTATCAACGCAGAGTACA"	0	0	0	0	0	0	0	0	"N279/16.1"	2	2020	9	25	"monoclonal"	NA	NA	NA	0
"TRIMMER0010_P10R"	"H"	"20-SMARTindex"	661554	0	0	0	0	0	0	0	0	0	0	0	"TRIMMER0010_P10R"	"P10R_D3"	"D3"	"N279/16.3"	3	20	NA	2.45	22	NA	"20-SMARTindex"	"TATGTCTCAGTGGTATCAACGCAGAGTACA"	0	0	0	0	0	0	0	0	"N279/16.3"	2	2020	9	25	"monoclonal"	NA	NA	NA	0
"TRIMMER0010_P10R"	"L"	"20-SMARTindex"	661554	0	0	0	0	0	0	0	0	0	0	0	"TRIMMER0010_P10R"	"P10R_D3"	"D3"	"N279/16.3"	3	20	NA	2.45	22	NA	"20-SMARTindex"	"TATGTCTCAGTGGTATCAACGCAGAGTACA"	0	0	0	0	0	0	0	0	"N279/16.3"	2	2020	9	25	"monoclonal"	NA	NA	NA	0
"TRIMMER0010_P10R"	"H"	"28-SMARTindex"	661554	0	0	0	0	0	0	0	0	0	0	0	"TRIMMER0010_P10R"	"P10R_D4"	"D4"	"N279/16.5"	3	20	NA	1.96	22	NA	"28-SMARTindex"	"GCTCGACAGTGGTATCAACGCAGAGTACA"	0	0	0	0	0	0	0	0	"N279/16.5"	2	2020	9	25	"monoclonal"	NA	NA	NA	0
"TRIMMER0010_P10R"	"L"	"28-SMARTindex"	661554	0	0	0	0	0	0	0	0	0	0	0	"TRIMMER0010_P10R"	"P10R_D4"	"D4"	"N279/16.5"	3	20	NA	1.96	22	NA	"28-SMARTindex"	"GCTCGACAGTGGTATCAACGCAGAGTACA"	0	0	0	0	0	0	0	0	"N279/16.5"	2	2020	9	25	"monoclonal"	NA	NA	NA	0
"TRIMMER0010_P10R"	"H"	"68-SMARTindex"	661554	0	0	0	0	0	0	0	0	0	0	0	"TRIMMER0010_P10R"	"P10R_D9"	"D9"	"N279A/29.4"	3	20	NA	1.45	22	NA	"68-SMARTindex"	"CCAATTCAGTGGTATCAACGCAGAGTACA"	0	0	0	0	0	0	0	0	"N279A/29.4"	2	2020	9	25	"monoclonal"	NA	NA	NA	0
"TRIMMER0010_P10R"	"L"	"68-SMARTindex"	661554	2	0	0	0	2	0	0	2	0	2	2	"TRIMMER0010_P10R"	"P10R_D9"	"D9"	"N279A/29.4"	3	20	NA	1.45	22	NA	"68-SMARTindex"	"CCAATTCAGTGGTATCAACGCAGAGTACA"	0	0	0.000302318023444763	66.6666666666667	66.6666666666667	2	0	0	"N279A/29.4"	2	2020	9	25	"monoclonal"	NA	NA	NA	0
"TRIMMER0010_P10R"	"H"	"77-SMARTindex"	661554	0	0	0	0	0	0	0	0	0	0	0	"TRIMMER0010_P10R"	"P10R_E10"	"E10"	"N279A/36.1"	3	20	NA	3.68	22	NA	"77-SMARTindex"	"ATTGGTACAGTGGTATCAACGCAGAGTACA"	0	0	0	0	0	0	0	0	"N279A/36.1"	2	2020	9	25	"monoclonal"	NA	NA	NA	0
"TRIMMER0010_P10R"	"L"	"77-SMARTindex"	661554	0	0	0	0	0	0	0	0	0	0	0	"TRIMMER0010_P10R"	"P10R_E10"	"E10"	"N279A/36.1"	3	20	NA	3.68	22	NA	"77-SMARTindex"	"ATTGGTACAGTGGTATCAACGCAGAGTACA"	0	0	0	0	0	0	0	0	"N279A/36.1"	2	2020	9	25	"monoclonal"	NA	NA	NA	0
"TRIMMER0010_P10R"	"H"	"85-SMARTindex"	661554	0	0	0	0	0	0	0	0	0	0	0	"TRIMMER0010_P10R"	"P10R_E11"	"E11"	"N279A/36.2"	3	20	NA	4.56	22	NA	"85-SMARTindex"	"CTCATATCAGTGGTATCAACGCAGAGTACA"	0	0	0	0	0	0	0	0	"N279A/36.2"	2	2020	9	25	"monoclonal"	NA	NA	NA	0
"TRIMMER0010_P10R"	"L"	"85-SMARTindex"	661554	0	0	0	0	0	0	0	0	0	0	0	"TRIMMER0010_P10R"	"P10R_E11"	"E11"	"N279A/36.2"	3	20	NA	4.56	22	NA	"85-SMARTindex"	"CTCATATCAGTGGTATCAACGCAGAGTACA"	0	0	0	0	0	0	0	0	"N279A/36.2"	2	2020	9	25	"monoclonal"	NA	NA	NA	0
"TRIMMER0010_P10R"	"H"	"93-SMARTindex"	661554	0	0	0	0	0	0	0	0	0	0	0	"TRIMMER0010_P10R"	"P10R_E12"	"E12"	"N279A/36.3"	3	20	NA	11.25	22	NA	"93-SMARTindex"	"TTCGAGCAGTGGTATCAACGCAGAGTACA"	0	0	0	0	0	0	0	0	"N279A/36.3"	2	2020	9	25	"monoclonal"	NA	NA	NA	0
"TRIMMER0010_P10R"	"L"	"93-SMARTindex"	661554	0	0	0	0	0	0	0	0	0	0	0	"TRIMMER0010_P10R"	"P10R_E12"	"E12"	"N279A/36.3"	3	20	NA	11.25	22	NA	"93-SMARTindex"	"TTCGAGCAGTGGTATCAACGCAGAGTACA"	0	0	0	0	0	0	0	0	"N279A/36.3"	2	2020	9	25	"monoclonal"	NA	NA	NA	0
"TRIMMER0010_P10R"	"H"	"13-SMARTindex"	661554	0	0	0	0	0	0	0	0	0	0	0	"TRIMMER0010_P10R"	"P10R_E2"	"E2"	"N279A/42.1"	3	20	NA	2.84	22	NA	"13-SMARTindex"	"CCTAAGACAGTGGTATCAACGCAGAGTACA"	0	0	0	0	0	0	0	0	"N279A/42.1"	2	2020	9	25	"monoclonal"	NA	NA	NA	0
"TRIMMER0010_P10R"	"L"	"13-SMARTindex"	661554	0	0	0	0	0	0	0	0	0	0	0	"TRIMMER0010_P10R"	"P10R_E2"	"E2"	"N279A/42.1"	3	20	NA	2.84	22	NA	"13-SMARTindex"	"CCTAAGACAGTGGTATCAACGCAGAGTACA"	0	0	0	0	0	0	0	0	"N279A/42.1"	2	2020	9	25	"monoclonal"	NA	NA	NA	0
"TRIMMER0010_P10R"	"H"	"21-SMARTindex"	661554	0	0	0	0	0	0	0	0	0	0	0	"TRIMMER0010_P10R"	"P10R_E3"	"E3"	"N279A/42.2"	3	20	NA	3.92	22	NA	"21-SMARTindex"	"GAGTCCTCAGTGGTATCAACGCAGAGTACA"	0	0	0	0	0	0	0	0	"N279A/42.2"	2	2020	9	25	"monoclonal"	NA	NA	NA	0
"TRIMMER0010_P10R"	"L"	"21-SMARTindex"	661554	0	0	0	0	0	0	0	0	0	0	0	"TRIMMER0010_P10R"	"P10R_E3"	"E3"	"N279A/42.2"	3	20	NA	3.92	22	NA	"21-SMARTindex"	"GAGTCCTCAGTGGTATCAACGCAGAGTACA"	0	0	0	0	0	0	0	0	"N279A/42.2"	2	2020	9	25	"monoclonal"	NA	NA	NA	0
"TRIMMER0010_P10R"	"H"	"29-SMARTindex"	661554	0	0	0	0	0	0	0	0	0	0	0	"TRIMMER0010_P10R"	"P10R_E4"	"E4"	"N279A/42.3"	3	20	NA	3.1	22	NA	"29-SMARTindex"	"GCGAATCAGTGGTATCAACGCAGAGTACA"	0	0	0	0	0	0	0	0	"N279A/42.3"	2	2020	9	25	"monoclonal"	NA	NA	NA	0
"TRIMMER0010_P10R"	"L"	"29-SMARTindex"	661554	0	0	0	0	0	0	0	0	0	0	0	"TRIMMER0010_P10R"	"P10R_E4"	"E4"	"N279A/42.3"	3	20	NA	3.1	22	NA	"29-SMARTindex"	"GCGAATCAGTGGTATCAACGCAGAGTACA"	0	0	0	0	0	0	0	0	"N279A/42.3"	2	2020	9	25	"monoclonal"	NA	NA	NA	0
"TRIMMER0010_P10R"	"H"	"37-SMARTindex"	661554	0	0	0	0	0	0	0	0	0	0	0	"TRIMMER0010_P10R"	"P10R_E5"	"E5"	"N279A/42.4"	3	20	NA	5.42	22	NA	"37-SMARTindex"	"TGGCGAAACAGTGGTATCAACGCAGAGTACA"	0	0	0	0	0	0	0	0	"N279A/42.4"	2	2020	9	25	"monoclonal"	NA	NA	NA	0
"TRIMMER0010_P10R"	"L"	"37-SMARTindex"	661554	0	0	0	0	0	0	0	0	0	0	0	"TRIMMER0010_P10R"	"P10R_E5"	"E5"	"N279A/42.4"	3	20	NA	5.42	22	NA	"37-SMARTindex"	"TGGCGAAACAGTGGTATCAACGCAGAGTACA"	0	0	0	0	0	0	0	0	"N279A/42.4"	2	2020	9	25	"monoclonal"	NA	NA	NA	0
"TRIMMER0010_P10R"	"H"	"45-SMARTindex"	661554	0	0	0	0	0	0	0	0	0	0	0	"TRIMMER0010_P10R"	"P10R_E6"	"E6"	"N279A/42.5"	3	20	NA	1.76	22	NA	"45-SMARTindex"	"TAGGCTATCAGTGGTATCAACGCAGAGTACA"	0	0	0	0	0	0	0	0	"N279A/42.5"	2	2020	9	25	"monoclonal"	NA	NA	NA	0
"TRIMMER0010_P10R"	"L"	"45-SMARTindex"	661554	0	0	0	0	0	0	0	0	0	0	0	"TRIMMER0010_P10R"	"P10R_E6"	"E6"	"N279A/42.5"	3	20	NA	1.76	22	NA	"45-SMARTindex"	"TAGGCTATCAGTGGTATCAACGCAGAGTACA"	0	0	0	0	0	0	0	0	"N279A/42.5"	2	2020	9	25	"monoclonal"	NA	NA	NA	0
"TRIMMER0010_P10R"	"H"	"53-SMARTindex"	661554	0	0	0	0	0	0	0	0	0	0	0	"TRIMMER0010_P10R"	"P10R_E7"	"E7"	"N279A/42.6"	3	20	NA	4.13	22	NA	"53-SMARTindex"	"CGCCTGTACAGTGGTATCAACGCAGAGTACA"	0	0	0	0	0	0	0	0	"N279A/42.6"	2	2020	9	25	"monoclonal"	NA	NA	NA	0
"TRIMMER0010_P10R"	"L"	"53-SMARTindex"	661554	0	0	0	0	0	0	0	0	0	0	0	"TRIMMER0010_P10R"	"P10R_E7"	"E7"	"N279A/42.6"	3	20	NA	4.13	22	NA	"53-SMARTindex"	"CGCCTGTACAGTGGTATCAACGCAGAGTACA"	0	0	0	0	0	0	0	0	"N279A/42.6"	2	2020	9	25	"monoclonal"	NA	NA	NA	0
"TRIMMER0010_P10R"	"H"	"61-SMARTindex"	661554	0	0	0	0	0	0	0	0	0	0	0	"TRIMMER0010_P10R"	"P10R_E8"	"E8"	"N279A/42.7"	3	20	NA	3.32	22	NA	"61-SMARTindex"	"GAAGTGCAGTGGTATCAACGCAGAGTACA"	0	0	0	0	0	0	0	0	"N279A/42.7"	2	2020	9	25	"monoclonal"	NA	NA	NA	0
"TRIMMER0010_P10R"	"L"	"61-SMARTindex"	661554	0	0	0	0	0	0	0	0	0	0	0	"TRIMMER0010_P10R"	"P10R_E8"	"E8"	"N279A/42.7"	3	20	NA	3.32	22	NA	"61-SMARTindex"	"GAAGTGCAGTGGTATCAACGCAGAGTACA"	0	0	0	0	0	0	0	0	"N279A/42.7"	2	2020	9	25	"monoclonal"	NA	NA	NA	0
"TRIMMER0010_P10R"	"H"	"69-SMARTindex"	661554	0	0	0	0	0	0	0	0	0	0	0	"TRIMMER0010_P10R"	"P10R_E9"	"E9"	"N279A/42.8"	3	20	NA	6.41	22	NA	"69-SMARTindex"	"AGTTGACAGTGGTATCAACGCAGAGTACA"	0	0	0	0	0	0	0	0	"N279A/42.8"	2	2020	9	25	"monoclonal"	NA	NA	NA	0
"TRIMMER0010_P10R"	"L"	"69-SMARTindex"	661554	0	0	0	0	0	0	0	0	0	0	0	"TRIMMER0010_P10R"	"P10R_E9"	"E9"	"N279A/42.8"	3	20	NA	6.41	22	NA	"69-SMARTindex"	"AGTTGACAGTGGTATCAACGCAGAGTACA"	0	0	0	0	0	0	0	0	"N279A/42.8"	2	2020	9	25	"monoclonal"	NA	NA	NA	0
"TRIMMER0010_P10R"	"H"	"06-SMARTindex"	661554	0	0	0	0	0	0	0	0	0	0	0	"TRIMMER0010_P10R"	"P10R_F1"	"F1"	"N279A/36.4"	3	20	NA	6.52	22	NA	"06-SMARTindex"	"GTGTAGCAGTGGTATCAACGCAGAGTACA"	0	0	0	0	0	0	0	0	"N279A/36.4"	2	2020	9	25	"monoclonal"	NA	NA	NA	0
"TRIMMER0010_P10R"	"L"	"06-SMARTindex"	661554	0	0	0	0	0	0	0	0	0	0	0	"TRIMMER0010_P10R"	"P10R_F1"	"F1"	"N279A/36.4"	3	20	NA	6.52	22	NA	"06-SMARTindex"	"GTGTAGCAGTGGTATCAACGCAGAGTACA"	0	0	0	0	0	0	0	0	"N279A/36.4"	2	2020	9	25	"monoclonal"	NA	NA	NA	0
"TRIMMER0010_P10R"	"H"	"78-SMARTindex"	661554	0	0	0	0	0	0	0	0	0	0	0	"TRIMMER0010_P10R"	"P10R_F10"	"F10"	"N327/77.1"	3	20	NA	4.61	22	NA	"78-SMARTindex"	"GCCACAACAGTGGTATCAACGCAGAGTACA"	0	0	0	0	0	0	0	0	"N327/77.1"	2	2020	9	25	"monoclonal"	NA	NA	NA	0
"TRIMMER0010_P10R"	"L"	"78-SMARTindex"	661554	0	0	0	0	0	0	0	0	0	0	0	"TRIMMER0010_P10R"	"P10R_F10"	"F10"	"N327/77.1"	3	20	NA	4.61	22	NA	"78-SMARTindex"	"GCCACAACAGTGGTATCAACGCAGAGTACA"	0	0	0	0	0	0	0	0	"N327/77.1"	2	2020	9	25	"monoclonal"	NA	NA	NA	0
"TRIMMER0010_P10R"	"H"	"86-SMARTindex"	661554	0	0	0	0	0	0	0	0	0	0	0	"TRIMMER0010_P10R"	"P10R_F11"	"F11"	"N327/77.2"	3	20	NA	3.97	22	NA	"86-SMARTindex"	"CCGACCTCAGTGGTATCAACGCAGAGTACA"	0	0	0	0	0	0	0	0	"N327/77.2"	2	2020	9	25	"monoclonal"	NA	NA	NA	0
"TRIMMER0010_P10R"	"L"	"86-SMARTindex"	661554	1	0	0	0	1	0	0	1	0	1	1	"TRIMMER0010_P10R"	"P10R_F11"	"F11"	"N327/77.2"	3	20	NA	3.97	22	NA	"86-SMARTindex"	"CCGACCTCAGTGGTATCAACGCAGAGTACA"	0	0	0.000151159011722381	50	50	1	0	0	"N327/77.2"	2	2020	9	25	"monoclonal"	NA	NA	NA	0
"TRIMMER0010_P10R"	"H"	"94-SMARTindex"	661554	0	0	0	0	0	0	0	0	0	0	0	"TRIMMER0010_P10R"	"P10R_F12"	"F12"	"N327/77.3"	3	20	NA	9.09	22	NA	"94-SMARTindex"	"AGAATCCAGTGGTATCAACGCAGAGTACA"	0	0	0	0	0	0	0	0	"N327/77.3"	2	2020	9	25	"monoclonal"	NA	NA	NA	0
"TRIMMER0010_P10R"	"L"	"94-SMARTindex"	661554	0	0	0	0	0	0	0	0	0	0	0	"TRIMMER0010_P10R"	"P10R_F12"	"F12"	"N327/77.3"	3	20	NA	9.09	22	NA	"94-SMARTindex"	"AGAATCCAGTGGTATCAACGCAGAGTACA"	0	0	0	0	0	0	0	0	"N327/77.3"	2	2020	9	25	"monoclonal"	NA	NA	NA	0
"TRIMMER0010_P10R"	"H"	"14-SMARTindex"	661554	0	0	0	0	0	0	0	0	0	0	0	"TRIMMER0010_P10R"	"P10R_F2"	"F2"	"N279A/36.5"	3	20	NA	4.04	22	NA	"14-SMARTindex"	"AATCCGACAGTGGTATCAACGCAGAGTACA"	0	0	0	0	0	0	0	0	"N279A/36.5"	2	2020	9	25	"monoclonal"	NA	NA	NA	0
"TRIMMER0010_P10R"	"L"	"14-SMARTindex"	661554	0	0	0	0	0	0	0	0	0	0	0	"TRIMMER0010_P10R"	"P10R_F2"	"F2"	"N279A/36.5"	3	20	NA	4.04	22	NA	"14-SMARTindex"	"AATCCGACAGTGGTATCAACGCAGAGTACA"	0	0	0	0	0	0	0	0	"N279A/36.5"	2	2020	9	25	"monoclonal"	NA	NA	NA	0
"TRIMMER0010_P10R"	"H"	"38-SMARTindex"	661554	0	0	0	0	0	0	0	0	0	0	0	"TRIMMER0010_P10R"	"P10R_F5"	"F5"	"N279A/29.3"	3	20	NA	1.92	22	NA	"38-SMARTindex"	"ACCGTGAACAGTGGTATCAACGCAGAGTACA"	0	0	0	0	0	0	0	0	"N279A/29.3"	2	2020	9	25	"monoclonal"	NA	NA	NA	0
"TRIMMER0010_P10R"	"L"	"38-SMARTindex"	661554	0	0	0	0	0	0	0	0	0	0	0	"TRIMMER0010_P10R"	"P10R_F5"	"F5"	"N279A/29.3"	3	20	NA	1.92	22	NA	"38-SMARTindex"	"ACCGTGAACAGTGGTATCAACGCAGAGTACA"	0	0	0	0	0	0	0	0	"N279A/29.3"	2	2020	9	25	"monoclonal"	NA	NA	NA	0
"TRIMMER0010_P10R"	"H"	"46-SMARTindex"	661554	0	0	0	0	0	0	0	0	0	0	0	"TRIMMER0010_P10R"	"P10R_F6"	"F6"	"N279A/42.9.2"	3	20	NA	1.95	22	NA	"46-SMARTindex"	"CTCCATATCAGTGGTATCAACGCAGAGTACA"	0	0	0	0	0	0	0	0	"N279A/42.9.2"	2	2020	9	25	"monoclonal"	NA	NA	NA	0
"TRIMMER0010_P10R"	"L"	"46-SMARTindex"	661554	1	0	0	0	1	0	0	1	0	1	1	"TRIMMER0010_P10R"	"P10R_F6"	"F6"	"N279A/42.9.2"	3	20	NA	1.95	22	NA	"46-SMARTindex"	"CTCCATATCAGTGGTATCAACGCAGAGTACA"	0	0	0.000151159011722381	50	50	1	0	0	"N279A/42.9.2"	2	2020	9	25	"monoclonal"	NA	NA	NA	0
"TRIMMER0010_P10R"	"H"	"54-SMARTindex"	661554	0	0	0	0	0	0	0	0	0	0	0	"TRIMMER0010_P10R"	"P10R_F7"	"F7"	"N279A/42.9.1.1"	3	20	NA	5.42	22	NA	"54-SMARTindex"	"AATGAATACAGTGGTATCAACGCAGAGTACA"	0	0	0	0	0	0	0	0	"N279A/42.9.1.1"	2	2020	9	25	"monoclonal"	NA	NA	NA	0
"TRIMMER0010_P10R"	"L"	"54-SMARTindex"	661554	1	0	0	0	1	0	0	1	0	1	1	"TRIMMER0010_P10R"	"P10R_F7"	"F7"	"N279A/42.9.1.1"	3	20	NA	5.42	22	NA	"54-SMARTindex"	"AATGAATACAGTGGTATCAACGCAGAGTACA"	0	0	0.000151159011722381	50	50	1	0	0	"N279A/42.9.1.1"	2	2020	9	25	"monoclonal"	NA	NA	NA	0
"TRIMMER0010_P10R"	"H"	"62-SMARTindex"	661554	0	0	0	0	0	0	0	0	0	0	0	"TRIMMER0010_P10R"	"P10R_F8"	"F8"	"L106/94.1.2"	3	20	NA	4.09	22	NA	"62-SMARTindex"	"CAATGCCAGTGGTATCAACGCAGAGTACA"	0	0	0	0	0	0	0	0	"L106/94.1.2"	2	2020	9	25	"monoclonal"	NA	NA	NA	0
"TRIMMER0010_P10R"	"L"	"62-SMARTindex"	661554	0	0	0	0	0	0	0	0	0	0	0	"TRIMMER0010_P10R"	"P10R_F8"	"F8"	"L106/94.1.2"	3	20	NA	4.09	22	NA	"62-SMARTindex"	"CAATGCCAGTGGTATCAACGCAGAGTACA"	0	0	0	0	0	0	0	0	"L106/94.1.2"	2	2020	9	25	"monoclonal"	NA	NA	NA	0
"TRIMMER0010_P10R"	"H"	"95-SMARTindex"	661554	0	0	0	0	0	0	0	0	0	0	0	"TRIMMER0010_P10R"	"P10R_G12"	"G12"	"L106/94.4"	3	20	NA	0.03	22	NA	"95-SMARTindex"	"AGGCATCAGTGGTATCAACGCAGAGTACA"	0	0	0	0	0	0	0	0	"L106/94.4"	2	2020	9	25	"monoclonal"	NA	NA	NA	0
"TRIMMER0010_P10R"	"L"	"95-SMARTindex"	661554	0	0	0	0	0	0	0	0	0	0	0	"TRIMMER0010_P10R"	"P10R_G12"	"G12"	"L106/94.4"	3	20	NA	0.03	22	NA	"95-SMARTindex"	"AGGCATCAGTGGTATCAACGCAGAGTACA"	0	0	0	0	0	0	0	0	"L106/94.4"	2	2020	9	25	"monoclonal"	NA	NA	NA	0
"TRIMMER0010_P10R"	"H"	"23-SMARTindex"	661554	0	0	0	0	0	0	0	0	0	0	0	"TRIMMER0010_P10R"	"P10R_G3"	"G3"	"L106/94.6"	3	20	NA	3.38	22	NA	"23-SMARTindex"	"CACACTTCAGTGGTATCAACGCAGAGTACA"	0	0	0	0	0	0	0	0	"L106/94.6"	2	2020	9	25	"monoclonal"	NA	NA	NA	0
"TRIMMER0010_P10R"	"L"	"23-SMARTindex"	661554	0	0	0	0	0	0	0	0	0	0	0	"TRIMMER0010_P10R"	"P10R_G3"	"G3"	"L106/94.6"	3	20	NA	3.38	22	NA	"23-SMARTindex"	"CACACTTCAGTGGTATCAACGCAGAGTACA"	0	0	0	0	0	0	0	0	"L106/94.6"	2	2020	9	25	"monoclonal"	NA	NA	NA	0
"TRIMMER0010_P10R"	"H"	"55-SMARTindex"	661554	0	0	0	0	0	0	0	0	0	0	0	"TRIMMER0010_P10R"	"P10R_G7"	"G7"	"L106/83.5"	3	20	NA	3.03	22	NA	"55-SMARTindex"	"ACAACGTACAGTGGTATCAACGCAGAGTACA"	0	0	0	0	0	0	0	0	"L106/83.5"	3	2020	9	25	"monoclonal"	NA	NA	NA	0
"TRIMMER0010_P10R"	"L"	"55-SMARTindex"	661554	0	0	0	0	0	0	0	0	0	0	0	"TRIMMER0010_P10R"	"P10R_G7"	"G7"	"L106/83.5"	3	20	NA	3.03	22	NA	"55-SMARTindex"	"ACAACGTACAGTGGTATCAACGCAGAGTACA"	0	0	0	0	0	0	0	0	"L106/83.5"	3	2020	9	25	"monoclonal"	NA	NA	NA	0
"TRIMMER0010_P10R"	"H"	"08-SMARTindex"	661554	0	0	0	0	0	0	0	0	0	0	0	"TRIMMER0010_P10R"	"P10R_H1"	"H1"	"L106/93.3"	3	20	NA	5.2	22	NA	"08-SMARTindex"	"TGTGCACAGTGGTATCAACGCAGAGTACA"	0	0	0	0	0	0	0	0	"L106/93.3"	3	2020	9	25	"monoclonal"	NA	NA	NA	0
"TRIMMER0010_P10R"	"L"	"08-SMARTindex"	661554	0	0	0	0	0	0	0	0	0	0	0	"TRIMMER0010_P10R"	"P10R_H1"	"H1"	"L106/93.3"	3	20	NA	5.2	22	NA	"08-SMARTindex"	"TGTGCACAGTGGTATCAACGCAGAGTACA"	0	0	0	0	0	0	0	0	"L106/93.3"	3	2020	9	25	"monoclonal"	NA	NA	NA	0
"TRIMMER0010_P10R"	"H"	"80-SMARTindex"	661554	0	0	0	0	0	0	0	0	0	0	0	"TRIMMER0010_P10R"	"P10R_H10"	"H10"	"A12/18.1"	3	20	NA	5.75	22	NA	"80-SMARTindex"	"AACAAGACAGTGGTATCAACGCAGAGTACA"	0	0	0	0	0	0	0	0	"A12/18.1"	1	2020	9	25	"monoclonal"	NA	NA	NA	0
"TRIMMER0010_P10R"	"L"	"80-SMARTindex"	661554	0	0	0	0	0	0	0	0	0	0	0	"TRIMMER0010_P10R"	"P10R_H10"	"H10"	"A12/18.1"	3	20	NA	5.75	22	NA	"80-SMARTindex"	"AACAAGACAGTGGTATCAACGCAGAGTACA"	0	0	0	0	0	0	0	0	"A12/18.1"	1	2020	9	25	"monoclonal"	NA	NA	NA	0
"TRIMMER0010_P10R"	"H"	"16-SMARTindex"	661554	0	0	0	0	0	0	0	0	0	0	0	"TRIMMER0010_P10R"	"P10R_H2"	"H2"	"L106/93.4"	3	20	NA	3.45	22	NA	"16-SMARTindex"	"TACCTTACAGTGGTATCAACGCAGAGTACA"	0	0	0	0	0	0	0	0	"L106/93.4"	3	2020	9	25	"monoclonal"	NA	NA	NA	0
"TRIMMER0010_P10R"	"L"	"16-SMARTindex"	661554	0	0	0	0	0	0	0	0	0	0	0	"TRIMMER0010_P10R"	"P10R_H2"	"H2"	"L106/93.4"	3	20	NA	3.45	22	NA	"16-SMARTindex"	"TACCTTACAGTGGTATCAACGCAGAGTACA"	0	0	0	0	0	0	0	0	"L106/93.4"	3	2020	9	25	"monoclonal"	NA	NA	NA	0
"TRIMMER0010_P10R"	"H"	"64-SMARTindex"	661554	0	0	0	0	0	0	0	0	0	0	0	"TRIMMER0010_P10R"	"P10R_H8"	"H8"	"L106/73.4"	3	20	NA	1.7	22	NA	"64-SMARTindex"	"CAGGACCAGTGGTATCAACGCAGAGTACA"	0	0	0	0	0	0	0	0	"L106/73.4"	2	2020	9	25	"monoclonal"	NA	NA	NA	0
"TRIMMER0010_P10R"	"L"	"64-SMARTindex"	661554	0	0	0	0	0	0	0	0	0	0	0	"TRIMMER0010_P10R"	"P10R_H8"	"H8"	"L106/73.4"	3	20	NA	1.7	22	NA	"64-SMARTindex"	"CAGGACCAGTGGTATCAACGCAGAGTACA"	0	0	0	0	0	0	0	0	"L106/73.4"	2	2020	9	25	"monoclonal"	NA	NA	NA	0
"TRIMMER0010_P10R"	"H"	"72-SMARTindex"	661554	0	0	0	0	0	0	0	0	0	0	0	"TRIMMER0010_P10R"	"P10R_H9"	"H9"	"N466/14.1"	3	20	NA	8.09	22	NA	"72-SMARTindex"	"GTAGAACAGTGGTATCAACGCAGAGTACA"	0	0	0	0	0	0	0	0	"N466/14 pellet"	1	2020	9	25	"monoclonal"	NA	NA	NA	0
"TRIMMER0010_P10R"	"L"	"72-SMARTindex"	661554	1	0	0	0	1	0	0	1	0	1	1	"TRIMMER0010_P10R"	"P10R_H9"	"H9"	"N466/14.1"	3	20	NA	8.09	22	NA	"72-SMARTindex"	"GTAGAACAGTGGTATCAACGCAGAGTACA"	0	0	0.000151159011722381	50	50	1	0	0	"N466/14 pellet"	1	2020	9	25	"monoclonal"	NA	NA	NA	0
"TRIMMER0021_P11"	"H"	"74-SMARTindex"	1387628	1	1	0	0	0	0	0	0	1	0	0	"TRIMMER0021_P11"	"P11_B10"	"B10"	"N29/29.2"	74.7	20	""	7.96	NA	NA	"74-SMARTindex"	"CGATCTACAGTGGTATCAACGCAGAGTACA"	0	0	7.20653719401944e-05	0	0	1	0	0	"N29/29.2"	3	2020	5	10	"monoclonal"	NA	NA	NA	0
"TRIMMER0021_P11"	"L"	"74-SMARTindex"	1387628	0	0	0	0	0	0	0	0	0	0	0	"TRIMMER0021_P11"	"P11_B10"	"B10"	"N29/29.2"	74.7	20	""	7.96	NA	NA	"74-SMARTindex"	"CGATCTACAGTGGTATCAACGCAGAGTACA"	0	0	0	0	0	0	0	0	"N29/29.2"	3	2020	5	10	"monoclonal"	NA	NA	NA	0
"TRIMMER0021_P11"	"H"	"51-SMARTindex"	1387628	0	0	0	0	0	0	0	0	0	0	0	"TRIMMER0021_P11"	"P11_C7"	"C7"	"N59/17.4"	15	16.3	"RNA concentration below 20ng/Âµl"	1.55	NA	NA	"51-SMARTindex"	"CACTAATACAGTGGTATCAACGCAGAGTACA"	0	0	0	0	0	0	0	0	"N59/17.4"	2	2020	5	10	"monoclonal"	NA	NA	NA	0
"TRIMMER0021_P11"	"L"	"51-SMARTindex"	1387628	1	0	0	0	1	0	0	0	1	0	0	"TRIMMER0021_P11"	"P11_C7"	"C7"	"N59/17.4"	15	16.3	"RNA concentration below 20ng/Âµl"	1.55	NA	NA	"51-SMARTindex"	"CACTAATACAGTGGTATCAACGCAGAGTACA"	0	0	7.20653719401944e-05	0	0	1	0	0	"N59/17.4"	2	2020	5	10	"monoclonal"	NA	NA	NA	0
"TRIMMER0021_P11"	"H"	"38-SMARTindex"	1387628	0	0	0	0	0	0	0	0	0	0	0	"TRIMMER0021_P11"	"P11_F5"	"F5"	"L114/3.2"	15	14.7	"RNA concentration below 20ng/Âµl"	1.34	NA	NA	"38-SMARTindex"	"ACCGTGAACAGTGGTATCAACGCAGAGTACA"	0	0	0	0	0	0	0	0	"L114/3.2"	3	2020	5	10	"monoclonal"	NA	NA	NA	0
"TRIMMER0021_P11"	"L"	"38-SMARTindex"	1387628	2	0	0	0	2	2	0	1	1	1	1	"TRIMMER0021_P11"	"P11_F5"	"F5"	"L114/3.2"	15	14.7	"RNA concentration below 20ng/Âµl"	1.34	NA	NA	"38-SMARTindex"	"ACCGTGAACAGTGGTATCAACGCAGAGTACA"	0	0	0.000144130743880389	33.3333333333333	33.3333333333333	0	0	0	"L114/3.2"	3	2020	5	10	"monoclonal"	NA	NA	NA	0
"TRIMMER0021_P11"	"H"	"87-SMARTindex"	1387628	0	0	0	0	0	0	0	0	0	0	0	"TRIMMER0021_P11"	"P11_G11"	"G11"	"L114/81.2"	15	14.7	"RNA concentration below 20ng/Âµl"	2.07	NA	NA	"87-SMARTindex"	"GGCCAATCAGTGGTATCAACGCAGAGTACA"	0	0	0	0	0	0	0	0	"L114/81.2"	3	2020	5	10	"monoclonal"	NA	NA	NA	0
"TRIMMER0021_P11"	"L"	"87-SMARTindex"	1387628	0	0	0	0	0	0	0	0	0	0	0	"TRIMMER0021_P11"	"P11_G11"	"G11"	"L114/81.2"	15	14.7	"RNA concentration below 20ng/Âµl"	2.07	NA	NA	"87-SMARTindex"	"GGCCAATCAGTGGTATCAACGCAGAGTACA"	0	0	0	0	0	0	0	0	"L114/81.2"	3	2020	5	10	"monoclonal"	NA	NA	NA	0
"TRIMMER0024_P14"	"H"	"73-SMARTindex"	1928710	4	4	0	0	0	0	0	0	4	0	0	"TRIMMER0024_P14"	"P14_A10"	"A10"	"L122/144.3"	43.2	20	""	NA	NA	NA	"73-SMARTindex"	"GACATCACAGTGGTATCAACGCAGAGTACA"	0	0	0.000207392398342727	0	0	4	0	0	"L122/144.3"	2	2020	5	10	"monoclonal"	NA	NA	NA	0
"TRIMMER0024_P14"	"L"	"73-SMARTindex"	1928710	9	0	0	1	8	2	2	7	0	9	7	"TRIMMER0024_P14"	"P14_A10"	"A10"	"L122/144.3"	43.2	20	""	NA	NA	NA	"73-SMARTindex"	"GACATCACAGTGGTATCAACGCAGAGTACA"	0	0	0.000466632896271137	90	70	7	0	0	"L122/144.3"	2	2020	5	10	"monoclonal"	NA	NA	NA	0
"TRIMMER0024_P14"	"H"	"68-SMARTindex"	1928710	0	0	0	0	0	0	0	0	0	0	0	"TRIMMER0024_P14"	"P14_D9"	"D9"	"L120/91.2"	15	8	"RNA concentration lower than 20ng/Âµl"	NA	NA	NA	"68-SMARTindex"	"CCAATTCAGTGGTATCAACGCAGAGTACA"	0	0	0	0	0	0	0	0	"L120/91.2"	2	2020	5	10	"monoclonal"	NA	NA	NA	0
"TRIMMER0024_P14"	"L"	"68-SMARTindex"	1928710	2	0	0	0	2	1	0	2	0	2	2	"TRIMMER0024_P14"	"P14_D9"	"D9"	"L120/91.2"	15	8	"RNA concentration lower than 20ng/Âµl"	NA	NA	NA	"68-SMARTindex"	"CCAATTCAGTGGTATCAACGCAGAGTACA"	0	0	0.000103696199171364	66.6666666666667	66.6666666666667	1	0	0	"L120/91.2"	2	2020	5	10	"monoclonal"	NA	NA	NA	0
"TRIMMER0026_P16"	"H"	"30-SMARTindex"	1378979	7	7	0	0	0	0	1	2	4	3	2	"TRIMMER0026_P16"	"P16_F4"	"F4"	"L119/106.11"	22.2	20	""	0.02	NA	NA	"30-SMARTindex"	"TGGATTCAGTGGTATCAACGCAGAGTACA"	0	0	0.0005076215753673	37.5	25	7	0	0	"L119/106.11"	3	2020	5	10	"monoclonal"	NA	NA	NA	0
"TRIMMER0026_P16"	"L"	"30-SMARTindex"	1378979	8	0	0	0	8	2	5	2	1	7	2	"TRIMMER0026_P16"	"P16_F4"	"F4"	"L119/106.11"	22.2	20	""	0.02	NA	NA	"30-SMARTindex"	"TGGATTCAGTGGTATCAACGCAGAGTACA"	0	0	0.000580138943276915	77.7777777777778	22.2222222222222	6	0	0	"L119/106.11"	3	2020	5	10	"monoclonal"	NA	NA	NA	0
"TRIMMER0068_P1R"	"H"	"68-SMARTindex"	367088	0	0	0	0	0	0	0	0	0	0	0	"TRIMMER0068_P1R"	"P1R_D9"	"D9"	"N452/81.1.3"	21	20	""	NA	NA	NA	NA	NA	0	0	0	0	0	0	0	0	"N452/81.1.3"	2	2020	9	25	"monoclonal"	NA	NA	NA	0
"TRIMMER0068_P1R"	"L"	"68-SMARTindex"	367088	1	0	0	0	1	1	0	1	0	1	1	"TRIMMER0068_P1R"	"P1R_D9"	"D9"	"N452/81.1.3"	21	20	""	NA	NA	NA	NA	NA	0	0	0.000272413501902808	50	50	0	0	0	"N452/81.1.3"	2	2020	9	25	"monoclonal"	NA	NA	NA	0
"TRIMMER0068_P1R"	"H"	"53-SMARTindex"	367088	0	0	0	0	0	0	0	0	0	0	0	"TRIMMER0068_P1R"	"P1R_E7"	"E7"	"N155/9.2"	16	20	""	NA	NA	NA	NA	NA	0	0	0	0	0	0	0	0	"N155/9.2"	1	2020	9	25	"monoclonal"	NA	NA	NA	0
"TRIMMER0068_P1R"	"L"	"53-SMARTindex"	367088	0	0	0	0	0	0	0	0	0	0	0	"TRIMMER0068_P1R"	"P1R_E7"	"E7"	"N155/9.2"	16	20	""	NA	NA	NA	NA	NA	0	0	0	0	0	0	0	0	"N155/9.2"	1	2020	9	25	"monoclonal"	NA	NA	NA	0
"TRIMMER0002_P2"	"H"	"34-SMARTindex"	571113	3	3	0	0	0	0	3	0	0	3	0	"TRIMMER0002_P2"	"P2_B5"	"B5"	"L128/43.1.2"	10	12.1	"Too low"	0.05	5.6	"True"	"34-SMARTindex"	"TTGGTAAACAGTGGTATCAACGCAGAGTACA"	0	0	0.000525289171689015	75	0	3	0	0	"L128/43.1,2"	1	2020	3	10	"monoclonal"	NA	NA	NA	0
"TRIMMER0002_P2"	"L"	"34-SMARTindex"	571113	4	0	0	1	3	0	3	1	0	4	1	"TRIMMER0002_P2"	"P2_B5"	"B5"	"L128/43.1.2"	10	12.1	"Too low"	0.05	5.6	"True"	"34-SMARTindex"	"TTGGTAAACAGTGGTATCAACGCAGAGTACA"	0	0	0.00070038556225202	80	20	4	0	0	"L128/43.1,2"	1	2020	3	10	"monoclonal"	NA	NA	NA	0
"TRIMMER0036_P20"	"H"	"17-SMARTindex"	857227	0	0	0	0	0	0	0	0	0	0	0	"TRIMMER0036_P20"	"P20_A3"	"A3"	"K67/21.2"	65	15	""	16.11	NA	"False"	"17-SMARTindex"	"TCTTAATCAGTGGTATCAACGCAGAGTACA"	0	0	0	0	0	0	0	0	"K67/21.2"	2	2020	6	10	"monoclonal"	NA	NA	NA	0
"TRIMMER0036_P20"	"L"	"17-SMARTindex"	857227	0	0	0	0	0	0	0	0	0	0	0	"TRIMMER0036_P20"	"P20_A3"	"A3"	"K67/21.2"	65	15	""	16.11	NA	"False"	"17-SMARTindex"	"TCTTAATCAGTGGTATCAACGCAGAGTACA"	0	0	0	0	0	0	0	0	"K67/21.2"	2	2020	6	10	"monoclonal"	NA	NA	NA	0
"TRIMMER0036_P20"	"H"	"67-SMARTindex"	857227	0	0	0	0	0	0	0	0	0	0	0	"TRIMMER0036_P20"	"P20_C9"	"C9"	"L48A/31.5"	80.5	15	""	0.85	NA	"True"	"67-SMARTindex"	"TCGTTCCAGTGGTATCAACGCAGAGTACA"	0	0	0	0	0	0	0	0	"L48A/31.5"	2	2020	6	10	"monoclonal"	NA	NA	NA	0
"TRIMMER0036_P20"	"L"	"67-SMARTindex"	857227	1	0	0	0	1	1	0	1	0	1	1	"TRIMMER0036_P20"	"P20_C9"	"C9"	"L48A/31.5"	80.5	15	""	0.85	NA	"True"	"67-SMARTindex"	"TCGTTCCAGTGGTATCAACGCAGAGTACA"	0	0	0.000116655078928826	50	50	0	0	0	"L48A/31.5"	2	2020	6	10	"monoclonal"	NA	NA	NA	0
"TRIMMER0036_P20"	"H"	"23-SMARTindex"	857227	0	0	0	0	0	0	0	0	0	0	0	"TRIMMER0036_P20"	"P20_G3"	"G3"	"K65/31.4"	51.7	15	""	10.04	NA	"False"	"23-SMARTindex"	"CACACTTCAGTGGTATCAACGCAGAGTACA"	0	0	0	0	0	0	0	0	"K65/31.4"	2	2020	6	10	"monoclonal"	NA	NA	NA	0
"TRIMMER0036_P20"	"L"	"23-SMARTindex"	857227	1	0	0	0	1	0	0	0	1	0	0	"TRIMMER0036_P20"	"P20_G3"	"G3"	"K65/31.4"	51.7	15	""	10.04	NA	"False"	"23-SMARTindex"	"CACACTTCAGTGGTATCAACGCAGAGTACA"	0	0	0.000116655078928826	0	0	1	0	0	"K65/31.4"	2	2020	6	10	"monoclonal"	NA	NA	NA	0
"TRIMMER0014_P29"	"H"	"81-SMARTindex"	1163087	2	2	0	0	0	0	2	0	0	2	0	"TRIMMER0014_P29"	"P29_A11"	"A11"	"N100/28.1"	88.7	13	""	0.91	NA	"True"	"81-SMARTindex"	"GCAGCCTCAGTGGTATCAACGCAGAGTACA"	0	0	0.000171956034281155	66.6666666666667	0	2	0	0	"N100/28.1"	2	2020	3	23	"monoclonal"	NA	NA	NA	0
"TRIMMER0014_P29"	"L"	"81-SMARTindex"	1163087	8	0	0	0	8	1	3	4	1	7	4	"TRIMMER0014_P29"	"P29_A11"	"A11"	"N100/28.1"	88.7	13	""	0.91	NA	"True"	"81-SMARTindex"	"GCAGCCTCAGTGGTATCAACGCAGAGTACA"	0	0	0.00068782413712462	77.7777777777778	44.4444444444444	7	0	0	"N100/28.1"	2	2020	3	23	"monoclonal"	NA	NA	NA	0
"TRIMMER0003_P3"	"H"	"57-SMARTindex"	1684305	0	0	0	0	0	0	0	0	0	0	0	"TRIMMER0003_P3"	"P3_A8"	"A8"	"empty"	10	8.469	"Too low"	0.02	0.762	"True"	"57-SMARTindex"	"AGTACTCAGTGGTATCAACGCAGAGTACA"	0	0	0	0	0	0	0	0	"empty"	0	2020	2	14	"NegativeControl"	NA	NA	NA	0
"TRIMMER0003_P3"	"L"	"57-SMARTindex"	1684305	1	0	0	0	1	0	0	1	0	1	1	"TRIMMER0003_P3"	"P3_A8"	"A8"	"empty"	10	8.469	"Too low"	0.02	0.762	"True"	"57-SMARTindex"	"AGTACTCAGTGGTATCAACGCAGAGTACA"	0	0	5.93716343704766e-05	50	50	1	0	0	"empty"	0	2020	2	14	"NegativeControl"	NA	NA	NA	0
"TRIMMER0003_P3"	"H"	"02-SMARTindex"	1684305	0	0	0	0	0	0	0	0	0	0	0	"TRIMMER0003_P3"	"P3_B1"	"B1"	"K75/30.5"	10	46.716	""	0.36	0.762	"True"	"02-SMARTindex"	"GATCACCAGTGGTATCAACGCAGAGTACA"	0	0	0	0	0	0	0	0	"K75/30.5"	1	2020	2	14	"monoclonal"	NA	NA	NA	0
"TRIMMER0003_P3"	"L"	"02-SMARTindex"	1684305	2	0	0	0	2	0	0	2	0	2	2	"TRIMMER0003_P3"	"P3_B1"	"B1"	"K75/30.5"	10	46.716	""	0.36	0.762	"True"	"02-SMARTindex"	"GATCACCAGTGGTATCAACGCAGAGTACA"	0	0	0.000118743268740953	66.6666666666667	66.6666666666667	2	0	0	"K75/30.5"	1	2020	2	14	"monoclonal"	NA	NA	NA	0
"TRIMMER0003_P3"	"H"	"11-SMARTindex"	1684305	0	0	0	0	0	0	0	0	0	0	0	"TRIMMER0003_P3"	"P3_C2"	"C2"	"N406/47.6.1"	10	8.375	"Too low"	0	0.762	"True"	"11-SMARTindex"	"TTAACTACAGTGGTATCAACGCAGAGTACA"	0	0	0	0	0	0	0	0	"N406/47.6.1"	1	2020	2	14	"monoclonal"	NA	NA	NA	0
"TRIMMER0003_P3"	"L"	"11-SMARTindex"	1684305	2	0	0	0	2	0	0	2	0	2	2	"TRIMMER0003_P3"	"P3_C2"	"C2"	"N406/47.6.1"	10	8.375	"Too low"	0	0.762	"True"	"11-SMARTindex"	"TTAACTACAGTGGTATCAACGCAGAGTACA"	0	0	0.000118743268740953	66.6666666666667	66.6666666666667	2	0	0	"N406/47.6.1"	1	2020	2	14	"monoclonal"	NA	NA	NA	0
"TRIMMER0003_P3"	"H"	"87-SMARTindex"	1684305	0	0	0	0	0	0	0	0	0	0	0	"TRIMMER0003_P3"	"P3_G11"	"G11"	"N473/36.3"	10	26.74	""	0	0.762	"True"	"87-SMARTindex"	"GGCCAATCAGTGGTATCAACGCAGAGTACA"	0	0	0	0	0	0	0	0	"N473/36.3"	1	2020	2	14	"monoclonal"	NA	NA	NA	0
"TRIMMER0003_P3"	"L"	"87-SMARTindex"	1684305	0	0	0	0	0	0	0	0	0	0	0	"TRIMMER0003_P3"	"P3_G11"	"G11"	"N473/36.3"	10	26.74	""	0	0.762	"True"	"87-SMARTindex"	"GGCCAATCAGTGGTATCAACGCAGAGTACA"	0	0	0	0	0	0	0	0	"N473/36.3"	1	2020	2	14	"monoclonal"	NA	NA	NA	0
"TRIMMER0003_P3"	"H"	"56-SMARTindex"	1684305	0	0	0	0	0	0	0	0	0	0	0	"TRIMMER0003_P3"	"P3_H7"	"H7"	"N448/50.1"	10	8.408	"Too low"	0	0.762	"True"	"56-SMARTindex"	"ATATCCTACAGTGGTATCAACGCAGAGTACA"	0	0	0	0	0	0	0	0	"N448/50.1"	1	2020	2	14	"monoclonal"	NA	NA	NA	0
"TRIMMER0003_P3"	"L"	"56-SMARTindex"	1684305	0	0	0	0	0	0	0	0	0	0	0	"TRIMMER0003_P3"	"P3_H7"	"H7"	"N448/50.1"	10	8.408	"Too low"	0	0.762	"True"	"56-SMARTindex"	"ATATCCTACAGTGGTATCAACGCAGAGTACA"	0	0	0	0	0	0	0	0	"N448/50.1"	1	2020	2	14	"monoclonal"	NA	NA	NA	0
"TRIMMER0015_P30"	"H"	"57-SMARTindex"	860187	8	7	1	0	0	0	6	2	0	8	2	"TRIMMER0015_P30"	"P30_A8"	"A8"	"K9/68.1"	6.7	13	"RNA concentration too low"	0.06	NA	"True"	"57-SMARTindex"	"AGTACTCAGTGGTATCAACGCAGAGTACA"	0	0	0.000930029249419894	88.8888888888889	22.2222222222222	8	0	0	"K9/68.1"	2	2020	3	23	"monoclonal"	NA	NA	NA	0
"TRIMMER0015_P30"	"L"	"57-SMARTindex"	860187	9	0	0	0	9	2	4	5	0	9	5	"TRIMMER0015_P30"	"P30_A8"	"A8"	"K9/68.1"	6.7	13	"RNA concentration too low"	0.06	NA	"True"	"57-SMARTindex"	"AGTACTCAGTGGTATCAACGCAGAGTACA"	0	0	0.00104628290559738	90	50	7	0	0	"K9/68.1"	2	2020	3	23	"monoclonal"	NA	NA	NA	0
"TRIMMER0027_P33"	"H"	"93-SMARTindex"	870290	3	3	0	0	0	0	1	2	0	3	2	"TRIMMER0027_P33"	"P33_E12"	"E12"	"N136A/18.2"	10	13.9	"[RNA]<20ng/Âµl"	1.26	NA	"True"	"93-SMARTindex"	"TTCGAGCAGTGGTATCAACGCAGAGTACA"	0	0	0.000344712285890581	75	50	3	0	0	"N136A/18.2"	2	2020	6	10	"monoclonal"	NA	NA	NA	0
"TRIMMER0027_P33"	"L"	"93-SMARTindex"	870290	9	0	0	0	9	5	0	6	3	6	6	"TRIMMER0027_P33"	"P33_E12"	"E12"	"N136A/18.2"	10	13.9	"[RNA]<20ng/Âµl"	1.26	NA	"True"	"93-SMARTindex"	"TTCGAGCAGTGGTATCAACGCAGAGTACA"	0	0	0.00103413685767174	60	60	4	0	0	"N136A/18.2"	2	2020	6	10	"monoclonal"	NA	NA	NA	0
"TRIMMER0027_P33"	"H"	"22-SMARTindex"	870290	0	0	0	0	0	0	0	0	0	0	0	"TRIMMER0027_P33"	"P33_F3"	"F3"	"N136A/4.1"	10	16.8	"[RNA]<20ng/Âµl"	1.62	NA	"False"	"22-SMARTindex"	"GGAGGTTCAGTGGTATCAACGCAGAGTACA"	0	0	0	0	0	0	0	0	"N136A/4.1"	2	2020	6	10	"monoclonal"	NA	NA	NA	0
"TRIMMER0027_P33"	"L"	"22-SMARTindex"	870290	0	0	0	0	0	0	0	0	0	0	0	"TRIMMER0027_P33"	"P33_F3"	"F3"	"N136A/4.1"	10	16.8	"[RNA]<20ng/Âµl"	1.62	NA	"False"	"22-SMARTindex"	"GGAGGTTCAGTGGTATCAACGCAGAGTACA"	0	0	0	0	0	0	0	0	"N136A/4.1"	2	2020	6	10	"monoclonal"	NA	NA	NA	0
"TRIMMER0028_P34"	"H"	"68-SMARTindex"	766313	0	0	0	0	0	0	0	0	0	0	0	"TRIMMER0028_P34"	"P34_D9"	"D9"	"N142/17.1"	9.8	19.5	"[RNA]<20ng/Âµl"	NA	NA	NA	NA	NA	0	0	0	0	0	0	0	0	"N142/17.1"	2	2020	6	10	"monoclonal"	NA	NA	NA	0
"TRIMMER0028_P34"	"L"	"68-SMARTindex"	766313	8	0	0	0	8	7	0	8	0	8	8	"TRIMMER0028_P34"	"P34_D9"	"D9"	"N142/17.1"	9.8	19.5	"[RNA]<20ng/Âµl"	NA	NA	NA	NA	NA	0	0	0.00104395848177118	88.8888888888889	88.8888888888889	1	0	0	"N142/17.1"	2	2020	6	10	"monoclonal"	NA	NA	NA	0
"TRIMMER0045_P38"	"H"	"19-SMARTindex"	1109354	2	2	0	0	0	0	0	1	1	1	1	"TRIMMER0045_P38"	"P38_C3"	"C3"	"N429/14.1"	13	20	""	0.26	NA	"True"	"19-SMARTindex"	"ATACTGTCAGTGGTATCAACGCAGAGTACA"	0	0	0.00018028494034822	33.3333333333333	33.3333333333333	2	0	0	"N429/14.1"	2	2020	6	19	"monoclonal"	NA	NA	NA	0
"TRIMMER0045_P38"	"L"	"19-SMARTindex"	1109354	3	0	0	0	3	3	0	3	0	3	3	"TRIMMER0045_P38"	"P38_C3"	"C3"	"N429/14.1"	13	20	""	0.26	NA	"True"	"19-SMARTindex"	"ATACTGTCAGTGGTATCAACGCAGAGTACA"	0	0	0.000270427410522331	75	75	0	0	0	"N429/14.1"	2	2020	6	19	"monoclonal"	NA	NA	NA	0
"TRIMMER0045_P38"	"H"	"12-SMARTindex"	1109354	1	1	0	0	0	0	0	1	0	1	1	"TRIMMER0045_P38"	"P38_D2"	"D2"	"N389/33.1"	10	20	"Concentration lower than 20ng/ÂµL"	0.15	NA	"True"	"12-SMARTindex"	"ATGAACACAGTGGTATCAACGCAGAGTACA"	0	0	9.01424701741102e-05	50	50	1	0	0	"N389/33.1"	2	2020	6	19	"monoclonal"	NA	NA	NA	0
"TRIMMER0045_P38"	"L"	"12-SMARTindex"	1109354	3	0	0	0	3	3	0	3	0	3	3	"TRIMMER0045_P38"	"P38_D2"	"D2"	"N389/33.1"	10	20	"Concentration lower than 20ng/ÂµL"	0.15	NA	"True"	"12-SMARTindex"	"ATGAACACAGTGGTATCAACGCAGAGTACA"	0	0	0.000270427410522331	75	75	0	0	0	"N389/33.1"	2	2020	6	19	"monoclonal"	NA	NA	NA	0
"TRIMMER0046_P39"	"H"	"86-SMARTindex"	966125	1	1	0	0	0	0	0	1	0	1	1	"TRIMMER0046_P39"	"P39_F11"	"F11"	"K59/11.1"	60	20	""	0.38	NA	"True"	"86-SMARTindex"	"CCGACCTCAGTGGTATCAACGCAGAGTACA"	0	0	0.000103506167932547	50	50	1	0	0	"K59/11.1"	2	2020	6	19	"monoclonal"	NA	NA	NA	0
"TRIMMER0046_P39"	"L"	"86-SMARTindex"	966125	9	0	0	0	9	6	0	8	1	8	8	"TRIMMER0046_P39"	"P39_F11"	"F11"	"K59/11.1"	60	20	""	0.38	NA	"True"	"86-SMARTindex"	"CCGACCTCAGTGGTATCAACGCAGAGTACA"	0	0	0.000931555511392924	80	80	3	0	0	"K59/11.1"	2	2020	6	19	"monoclonal"	NA	NA	NA	0
"TRIMMER0046_P39"	"H"	"94-SMARTindex"	966125	1	1	0	0	0	0	0	1	0	1	1	"TRIMMER0046_P39"	"P39_F12"	"F12"	"L3/8.1"	45	20	""	0.65	NA	"True"	"94-SMARTindex"	"AGAATCCAGTGGTATCAACGCAGAGTACA"	0	0	0.000103506167932547	50	50	1	0	0	"L3/8.1"	2	2020	6	19	"monoclonal"	NA	NA	NA	0
"TRIMMER0046_P39"	"L"	"94-SMARTindex"	966125	6	0	0	0	6	3	0	5	1	5	5	"TRIMMER0046_P39"	"P39_F12"	"F12"	"L3/8.1"	45	20	""	0.65	NA	"True"	"94-SMARTindex"	"AGAATCCAGTGGTATCAACGCAGAGTACA"	0	0	0.000621037007595283	71.4285714285714	71.4285714285714	3	0	0	"L3/8.1"	2	2020	6	19	"monoclonal"	NA	NA	NA	0
"TRIMMER0004.2_P4"	"H"	"69-SMARTindex"	1682719	1	1	0	0	0	0	0	0	1	0	0	"TRIMMER0004.2_P4"	"P4_E9"	"E9"	"N253/32.1"	97	15	""	1.7	18	NA	"69-SMARTindex"	"AGTTGACAGTGGTATCAACGCAGAGTACA"	0	0	5.94275934201769e-05	0	0	1	0	0	"N253/32.1"	1	2020	5	10	"monoclonal"	NA	NA	NA	0
"TRIMMER0004.2_P4"	"L"	"69-SMARTindex"	1682719	5	0	0	0	5	2	0	4	1	4	4	"TRIMMER0004.2_P4"	"P4_E9"	"E9"	"N253/32.1"	97	15	""	1.7	18	NA	"69-SMARTindex"	"AGTTGACAGTGGTATCAACGCAGAGTACA"	0	0	0.000297137967100884	66.6666666666667	66.6666666666667	3	0	0	"N253/32.1"	1	2020	5	10	"monoclonal"	NA	NA	NA	0
"TRIMMER0004.2_P4"	"H"	"95-SMARTindex"	1682719	8	8	0	0	0	0	2	3	3	5	2	"TRIMMER0004.2_P4"	"P4_G12"	"G12"	"N454/91.1"	61	15	""	0.61	18	NA	"95-SMARTindex"	"AGGCATCAGTGGTATCAACGCAGAGTACA"	0	0	0.000475420747361415	55.5555555555556	22.2222222222222	8	0	0	"N454/91.1"	1	2020	5	10	"monoclonal"	NA	NA	NA	0
"TRIMMER0004.2_P4"	"L"	"95-SMARTindex"	1682719	8	0	0	0	8	2	1	4	3	5	4	"TRIMMER0004.2_P4"	"P4_G12"	"G12"	"N454/91.1"	61	15	""	0.61	18	NA	"95-SMARTindex"	"AGGCATCAGTGGTATCAACGCAGAGTACA"	0	0	0.000475420747361415	55.5555555555556	44.4444444444444	6	0	0	"N454/91.1"	1	2020	5	10	"monoclonal"	NA	NA	NA	0
"TRIMMER0004.2_P4"	"H"	"63-SMARTindex"	1682719	1	1	0	0	0	0	0	0	1	0	0	"TRIMMER0004.2_P4"	"P4_G8"	"G8"	"N345/51.1"	72	15	""	2.14	18	NA	"63-SMARTindex"	"ACGTCTCAGTGGTATCAACGCAGAGTACA"	0	0	5.94275934201769e-05	0	0	1	0	0	"N345/51.1"	1	2020	5	10	"monoclonal"	NA	NA	NA	0
"TRIMMER0004.2_P4"	"L"	"63-SMARTindex"	1682719	2	0	0	0	2	0	0	0	2	0	0	"TRIMMER0004.2_P4"	"P4_G8"	"G8"	"N345/51.1"	72	15	""	2.14	18	NA	"63-SMARTindex"	"ACGTCTCAGTGGTATCAACGCAGAGTACA"	0	0	0.000118855186840354	0	0	2	0	0	"N345/51.1"	1	2020	5	10	"monoclonal"	NA	NA	NA	0
"TRIMMER0048_P41"	"H"	"51-SMARTindex"	1243060	0	0	0	0	0	0	0	0	0	0	0	"TRIMMER0048_P41"	"P41_C7"	"C7"	"N188/6.1"	10	20	"Concentration below 20ng/ÂµL"	0	NA	"True"	"51-SMARTindex"	"CACTAATACAGTGGTATCAACGCAGAGTACA"	0	0	0	0	0	0	0	0	"N188/6.1"	2	2020	6	19	"monoclonal"	NA	NA	NA	0
"TRIMMER0048_P41"	"L"	"51-SMARTindex"	1243060	0	0	0	0	0	0	0	0	0	0	0	"TRIMMER0048_P41"	"P41_C7"	"C7"	"N188/6.1"	10	20	"Concentration below 20ng/ÂµL"	0	NA	"True"	"51-SMARTindex"	"CACTAATACAGTGGTATCAACGCAGAGTACA"	0	0	0	0	0	0	0	0	"N188/6.1"	2	2020	6	19	"monoclonal"	NA	NA	NA	0
"TRIMMER0048_P41"	"H"	"85-SMARTindex"	1243060	5	5	0	0	0	0	0	5	0	5	5	"TRIMMER0048_P41"	"P41_E11"	"E11"	"N137/41.1"	57	20	""	0	NA	"True"	"85-SMARTindex"	"CTCATATCAGTGGTATCAACGCAGAGTACA"	0	0	0.000402232875136457	83.3333333333333	83.3333333333333	5	0	0	"N137/41.1"	2	2020	6	19	"monoclonal"	NA	NA	NA	0
"TRIMMER0048_P41"	"L"	"85-SMARTindex"	1243060	8	0	0	0	8	2	0	7	1	7	6	"TRIMMER0048_P41"	"P41_E11"	"E11"	"N137/41.1"	57	20	""	0	NA	"True"	"85-SMARTindex"	"CTCATATCAGTGGTATCAACGCAGAGTACA"	0	0	0.000643572600218332	77.7777777777778	66.6666666666667	6	0	0	"N137/41.1"	2	2020	6	19	"monoclonal"	NA	NA	NA	0
"TRIMMER0049_P42"	"H"	"79-SMARTindex"	1042908	0	0	0	0	0	0	0	0	0	0	0	"TRIMMER0049_P42"	"P42_G10"	"G10"	"N335/19.3.1"	10	20	"Concentration below 20ng/ÂµL"	0.59	NA	"True"	"79-SMARTindex"	"CATCTAACAGTGGTATCAACGCAGAGTACA"	0	0	0	0	0	0	0	0	"N335/19.3.1"	2	2020	6	19	"monoclonal"	NA	NA	NA	0
"TRIMMER0049_P42"	"L"	"79-SMARTindex"	1042908	3	0	0	0	3	1	0	3	0	3	2	"TRIMMER0049_P42"	"P42_G10"	"G10"	"N335/19.3.1"	10	20	"Concentration below 20ng/ÂµL"	0.59	NA	"True"	"79-SMARTindex"	"CATCTAACAGTGGTATCAACGCAGAGTACA"	0	0	0.000287656928840388	75	50	2	0	0	"N335/19.3.1"	2	2020	6	19	"monoclonal"	NA	NA	NA	0
"TRIMMER0052_P46"	"H"	"17-SMARTindex"	834525	1	0	1	0	0	0	0	1	0	1	1	"TRIMMER0052_P46"	"P46_A3"	"A3"	"L118/115"	10	20	NA	1.64	NA	"True"	"17-SMARTindex"	"TCTTAATCAGTGGTATCAACGCAGAGTACA"	0	0	0.000119828501448727	50	50	1	0	0	"L118/115"	4	2020	6	19	"oligoclonal"	NA	NA	NA	0
"TRIMMER0052_P46"	"L"	"17-SMARTindex"	834525	8	0	0	1	7	2	0	6	2	6	6	"TRIMMER0052_P46"	"P46_A3"	"A3"	"L118/115"	10	20	NA	1.64	NA	"True"	"17-SMARTindex"	"TCTTAATCAGTGGTATCAACGCAGAGTACA"	0	0	0.000958628011589813	66.6666666666667	66.6666666666667	6	0	0	"L118/115"	4	2020	6	19	"oligoclonal"	NA	NA	NA	0
"TRIMMER0053_P47"	"H"	"26-SMARTindex"	966609	2	2	0	0	0	0	0	2	0	2	2	"TRIMMER0053_P47"	"P47_B4"	"B4"	"L124/43"	10	20	NA	16.31	NA	"False"	"26-SMARTindex"	"AACGCCCAGTGGTATCAACGCAGAGTACA"	0	0	0.000206908680853705	66.6666666666667	66.6666666666667	2	0	0	"L124/43"	4	2020	6	19	"oligoclonal"	NA	NA	NA	0
"TRIMMER0053_P47"	"L"	"26-SMARTindex"	966609	3	0	0	0	3	0	0	1	2	1	1	"TRIMMER0053_P47"	"P47_B4"	"B4"	"L124/43"	10	20	NA	16.31	NA	"False"	"26-SMARTindex"	"AACGCCCAGTGGTATCAACGCAGAGTACA"	0	0	0.000310363021280558	25	25	3	0	0	"L124/43"	4	2020	6	19	"oligoclonal"	NA	NA	NA	0
"TRIMMER0053_P47"	"H"	"27-SMARTindex"	966609	0	0	0	0	0	0	0	0	0	0	0	"TRIMMER0053_P47"	"P47_C4"	"C4"	"L124/55"	10	20	NA	17.06	NA	"False"	"27-SMARTindex"	"CAAGCACAGTGGTATCAACGCAGAGTACA"	0	0	0	0	0	0	0	0	"L124/55"	4	2020	6	19	"oligoclonal"	NA	NA	NA	0
"TRIMMER0053_P47"	"L"	"27-SMARTindex"	966609	5	0	0	2	3	1	0	5	0	5	5	"TRIMMER0053_P47"	"P47_C4"	"C4"	"L124/55"	10	20	NA	17.06	NA	"False"	"27-SMARTindex"	"CAAGCACAGTGGTATCAACGCAGAGTACA"	0	0	0.000517271702134263	83.3333333333333	83.3333333333333	4	0	0	"L124/55"	4	2020	6	19	"oligoclonal"	NA	NA	NA	0
"TRIMMER0054_P48"	"H"	"34-SMARTindex"	1051379	0	0	0	0	0	0	0	0	0	0	0	"TRIMMER0054_P48"	"P48_B5"	"B5"	"L127/23"	10	20	NA	0	NA	"True"	"34-SMARTindex"	"TTGGTAAACAGTGGTATCAACGCAGAGTACA"	0	0	0	0	0	0	0	0	"L127/23"	4	2020	6	19	"oligoclonal"	NA	NA	NA	0
"TRIMMER0054_P48"	"L"	"34-SMARTindex"	1051379	3	0	0	0	3	1	0	3	0	3	3	"TRIMMER0054_P48"	"P48_B5"	"B5"	"L127/23"	10	20	NA	0	NA	"True"	"34-SMARTindex"	"TTGGTAAACAGTGGTATCAACGCAGAGTACA"	0	0	0.000285339268390116	75	75	2	0	0	"L127/23"	4	2020	6	19	"oligoclonal"	NA	NA	NA	0
"TRIMMER0054_P48"	"H"	"23-SMARTindex"	1051379	0	0	0	0	0	0	0	0	0	0	0	"TRIMMER0054_P48"	"P48_G3"	"G3"	"L127/49"	10	20	NA	2.84	NA	"False"	"23-SMARTindex"	"CACACTTCAGTGGTATCAACGCAGAGTACA"	0	0	0	0	0	0	0	0	"L127/49"	4	2020	6	19	"oligoclonal"	NA	NA	NA	0
"TRIMMER0054_P48"	"L"	"23-SMARTindex"	1051379	0	0	0	0	0	0	0	0	0	0	0	"TRIMMER0054_P48"	"P48_G3"	"G3"	"L127/49"	10	20	NA	2.84	NA	"False"	"23-SMARTindex"	"CACACTTCAGTGGTATCAACGCAGAGTACA"	0	0	0	0	0	0	0	0	"L127/49"	4	2020	6	19	"oligoclonal"	NA	NA	NA	0
"TRIMMER0055_P49"	"H"	"23-SMARTindex"	934382	0	0	0	0	0	0	0	0	0	0	0	"TRIMMER0055_P49"	"P49_G3"	"G3"	"L127/110"	10	20	NA	0	NA	"True"	"23-SMARTindex"	"CACACTTCAGTGGTATCAACGCAGAGTACA"	0	0	0	0	0	0	0	0	"L127/110"	4	2020	6	19	"oligoclonal"	NA	NA	NA	0
"TRIMMER0055_P49"	"L"	"23-SMARTindex"	934382	0	0	0	0	0	0	0	0	0	0	0	"TRIMMER0055_P49"	"P49_G3"	"G3"	"L127/110"	10	20	NA	0	NA	"True"	"23-SMARTindex"	"CACACTTCAGTGGTATCAACGCAGAGTACA"	0	0	0	0	0	0	0	0	"L127/110"	4	2020	6	19	"oligoclonal"	NA	NA	NA	0
"TRIMMER0005_P5"	"H"	"17-SMARTindex"	1908371	2	2	0	0	0	0	1	1	0	2	1	"TRIMMER0005_P5"	"P5_A3"	"A3"	"EMPTY"	15	15	"low concentration"	5.28	17	NA	"17-SMARTindex"	"TCTTAATCAGTGGTATCAACGCAGAGTACA"	0	0	0.000104801369963508	66.6666666666667	33.3333333333333	2	0	0	"L21/32.2"	0	2020	5	10	"NegativeControl"	NA	NA	NA	0
"TRIMMER0005_P5"	"L"	"17-SMARTindex"	1908371	8	0	0	0	8	4	2	2	4	4	2	"TRIMMER0005_P5"	"P5_A3"	"A3"	"EMPTY"	15	15	"low concentration"	5.28	17	NA	"17-SMARTindex"	"TCTTAATCAGTGGTATCAACGCAGAGTACA"	0	0	0.000419205479854033	44.4444444444444	22.2222222222222	4	0	0	"L21/32.2"	0	2020	5	10	"NegativeControl"	NA	NA	NA	0
"TRIMMER0005_P5"	"H"	"41-SMARTindex"	1908371	0	0	0	0	0	0	0	0	0	0	0	"TRIMMER0005_P5"	"P5_A6"	"A6"	"N486/24.1.2"	18	15	""	13.46	17	NA	"41-SMARTindex"	"CTCTCGATCAGTGGTATCAACGCAGAGTACA"	0	0	0	0	0	0	0	0	"L21/32.5"	2	2020	5	10	"monoclonal"	NA	NA	NA	0
"TRIMMER0005_P5"	"L"	"41-SMARTindex"	1908371	0	0	0	0	0	0	0	0	0	0	0	"TRIMMER0005_P5"	"P5_A6"	"A6"	"N486/24.1.2"	18	15	""	13.46	17	NA	"41-SMARTindex"	"CTCTCGATCAGTGGTATCAACGCAGAGTACA"	0	0	0	0	0	0	0	0	"L21/32.5"	2	2020	5	10	"monoclonal"	NA	NA	NA	0
"TRIMMER0005_P5"	"H"	"57-SMARTindex"	1908371	0	0	0	0	0	0	0	0	0	0	0	"TRIMMER0005_P5"	"P5_A8"	"A8"	"N486/78.4"	19	15	""	15.06	17	NA	"57-SMARTindex"	"AGTACTCAGTGGTATCAACGCAGAGTACA"	0	0	0	0	0	0	0	0	"N486/93.2"	2	2020	5	10	"monoclonal"	NA	NA	NA	0
"TRIMMER0005_P5"	"L"	"57-SMARTindex"	1908371	0	0	0	0	0	0	0	0	0	0	0	"TRIMMER0005_P5"	"P5_A8"	"A8"	"N486/78.4"	19	15	""	15.06	17	NA	"57-SMARTindex"	"AGTACTCAGTGGTATCAACGCAGAGTACA"	0	0	0	0	0	0	0	0	"N486/93.2"	2	2020	5	10	"monoclonal"	NA	NA	NA	0
"TRIMMER0005_P5"	"H"	"94-SMARTindex"	1908371	5	5	0	0	0	0	2	1	2	3	1	"TRIMMER0005_P5"	"P5_F12"	"F12"	"N86/8.1"	25	15	""	0.61	17	NA	"94-SMARTindex"	"AGAATCCAGTGGTATCAACGCAGAGTACA"	0	0	0.00026200342490877	50	16.6666666666667	5	0	0	"N486/25.1"	3	2020	5	10	"monoclonal"	NA	NA	NA	0
"TRIMMER0005_P5"	"L"	"94-SMARTindex"	1908371	9	0	0	0	9	7	0	5	4	5	4	"TRIMMER0005_P5"	"P5_F12"	"F12"	"N86/8.1"	25	15	""	0.61	17	NA	"94-SMARTindex"	"AGAATCCAGTGGTATCAACGCAGAGTACA"	0	0	0.000471606164835787	50	40	2	0	0	"N486/25.1"	3	2020	5	10	"monoclonal"	NA	NA	NA	0
"TRIMMER0056_P50"	"H"	"14-SMARTindex"	818736	2	2	0	0	0	0	0	1	1	1	1	"TRIMMER0056_P50"	"P50_F2"	"F2"	"POSITIVE CONTROL: EMPTY FOR RNA SPIKE"	10	1.8	"[RNA]<20"	0	NA	"True"	"14-SMARTindex"	"AATCCGACAGTGGTATCAACGCAGAGTACA"	0	0	0.000244278687783745	33.3333333333333	33.3333333333333	2	0	0	"POSITIVE CONTROL: EMPTY FOR RNA SPIKE"	0	2020	6	19	"NegativeControl"	NA	NA	NA	0
"TRIMMER0056_P50"	"L"	"14-SMARTindex"	818736	2	0	0	0	2	2	0	2	0	2	2	"TRIMMER0056_P50"	"P50_F2"	"F2"	"POSITIVE CONTROL: EMPTY FOR RNA SPIKE"	10	1.8	"[RNA]<20"	0	NA	"True"	"14-SMARTindex"	"AATCCGACAGTGGTATCAACGCAGAGTACA"	0	0	0.000244278687783745	66.6666666666667	66.6666666666667	0	0	0	"POSITIVE CONTROL: EMPTY FOR RNA SPIKE"	0	2020	6	19	"NegativeControl"	NA	NA	NA	0
"TRIMMER0058_P52"	"H"	"89-SMARTindex"	1048688	0	0	0	0	0	0	0	0	0	0	0	"TRIMMER0058_P52"	"P52_A12"	"A12"	"L108/62"	62.1	20	""	0.07	NA	"True"	"89-SMARTindex"	"CGCGGACAGTGGTATCAACGCAGAGTACA"	0	0	0	0	0	0	0	0	"L108/62"	4	2020	6	19	"oligoclonal"	NA	NA	NA	0
"TRIMMER0058_P52"	"L"	"89-SMARTindex"	1048688	2	0	0	0	2	0	0	1	1	1	1	"TRIMMER0058_P52"	"P52_A12"	"A12"	"L108/62"	62.1	20	""	0.07	NA	"True"	"89-SMARTindex"	"CGCGGACAGTGGTATCAACGCAGAGTACA"	0	0	0.00019071431091582	33.3333333333333	33.3333333333333	2	0	0	"L108/62"	4	2020	6	19	"oligoclonal"	NA	NA	NA	0
"TRIMMER0063_P58"	"H"	"68-SMARTindex"	848043	4	4	0	0	0	0	0	4	0	4	4	"TRIMMER0063_P58"	"P58_D9"	"D9"	"L120/121"	19.1	20	""	0.71	NA	"True"	"68-SMARTindex"	"CCAATTCAGTGGTATCAACGCAGAGTACA"	0	0	0.000471673639575305	80	80	4	0	0	"L120/121"	4	2020	6	19	"oligoclonal"	NA	NA	NA	0
"TRIMMER0063_P58"	"L"	"68-SMARTindex"	848043	0	0	0	0	0	0	0	0	0	0	0	"TRIMMER0063_P58"	"P58_D9"	"D9"	"L120/121"	19.1	20	""	0.71	NA	"True"	"68-SMARTindex"	"CCAATTCAGTGGTATCAACGCAGAGTACA"	0	0	0	0	0	0	0	0	"L120/121"	4	2020	6	19	"oligoclonal"	NA	NA	NA	0
"TRIMMER0006_P6"	"H"	"81-SMARTindex"	1443039	0	0	0	0	0	0	0	0	0	0	0	"TRIMMER0006_P6"	"P6_A11"	"A11"	"L124/35.2"	15	15	""	1.96	17	NA	"81-SMARTindex"	"GCAGCCTCAGTGGTATCAACGCAGAGTACA"	0	0	0	0	0	0	0	0	"L124/35.2"	2	2020	5	10	"monoclonal"	NA	NA	NA	0
"TRIMMER0006_P6"	"L"	"81-SMARTindex"	1443039	0	0	0	0	0	0	0	0	0	0	0	"TRIMMER0006_P6"	"P6_A11"	"A11"	"L124/35.2"	15	15	""	1.96	17	NA	"81-SMARTindex"	"GCAGCCTCAGTGGTATCAACGCAGAGTACA"	0	0	0	0	0	0	0	0	"L124/35.2"	2	2020	5	10	"monoclonal"	NA	NA	NA	0
"TRIMMER0006_P6"	"H"	"89-SMARTindex"	1443039	2	2	0	0	0	0	0	1	1	1	1	"TRIMMER0006_P6"	"P6_A12"	"A12"	"L124/41.1.6"	106	15	""	1.8	17	NA	"89-SMARTindex"	"CGCGGACAGTGGTATCAACGCAGAGTACA"	0	0	0.000138596296706952	33.3333333333333	33.3333333333333	2	0	0	"L124/41.1.6"	2	2020	5	10	"monoclonal"	NA	NA	NA	0
"TRIMMER0006_P6"	"L"	"89-SMARTindex"	1443039	3	0	0	2	1	0	0	1	2	1	1	"TRIMMER0006_P6"	"P6_A12"	"A12"	"L124/41.1.6"	106	15	""	1.8	17	NA	"89-SMARTindex"	"CGCGGACAGTGGTATCAACGCAGAGTACA"	0	0	0.000207894445060428	25	25	3	0	0	"L124/41.1.6"	2	2020	5	10	"monoclonal"	NA	NA	NA	0
"TRIMMER0006_P6"	"H"	"33-SMARTindex"	1443039	0	0	0	0	0	0	0	0	0	0	0	"TRIMMER0006_P6"	"P6_A5"	"A5"	"L124/107.1.5"	15	15	""	1.56	17	NA	"33-SMARTindex"	"AGATAGAACAGTGGTATCAACGCAGAGTACA"	0	0	0	0	0	0	0	0	"L124/107.1.5"	2	2020	5	10	"monoclonal"	NA	NA	NA	0
"TRIMMER0006_P6"	"L"	"33-SMARTindex"	1443039	6	0	0	2	4	0	0	4	2	4	4	"TRIMMER0006_P6"	"P6_A5"	"A5"	"L124/107.1.5"	15	15	""	1.56	17	NA	"33-SMARTindex"	"AGATAGAACAGTGGTATCAACGCAGAGTACA"	0	0	0.000415788890120856	57.1428571428571	57.1428571428571	6	0	0	"L124/107.1.5"	2	2020	5	10	"monoclonal"	NA	NA	NA	0
"TRIMMER0006_P6"	"H"	"41-SMARTindex"	1443039	2	2	0	0	0	0	0	2	0	2	2	"TRIMMER0006_P6"	"P6_A6"	"A6"	"L124/107.1"	52	15	""	0.03	17	NA	"41-SMARTindex"	"CTCTCGATCAGTGGTATCAACGCAGAGTACA"	0	0	0.000138596296706952	66.6666666666667	66.6666666666667	2	0	0	"L124/107.1"	2	2020	5	10	"monoclonal"	NA	NA	NA	0
"TRIMMER0006_P6"	"L"	"41-SMARTindex"	1443039	2	0	0	0	2	0	2	0	0	2	0	"TRIMMER0006_P6"	"P6_A6"	"A6"	"L124/107.1"	52	15	""	0.03	17	NA	"41-SMARTindex"	"CTCTCGATCAGTGGTATCAACGCAGAGTACA"	0	0	0.000138596296706952	66.6666666666667	0	2	0	0	"L124/107.1"	2	2020	5	10	"monoclonal"	NA	NA	NA	0
"TRIMMER0006_P6"	"H"	"49-SMARTindex"	1443039	1	1	0	0	0	0	0	0	1	0	0	"TRIMMER0006_P6"	"P6_A7"	"A7"	"L124/107.3"	19	15	""	1.7	17	NA	"49-SMARTindex"	"GTGCCATACAGTGGTATCAACGCAGAGTACA"	0	0	6.9298148353476e-05	0	0	1	0	0	"L124/107.3"	2	2020	5	10	"monoclonal"	NA	NA	NA	0
"TRIMMER0006_P6"	"L"	"49-SMARTindex"	1443039	5	0	0	1	4	2	0	2	3	2	2	"TRIMMER0006_P6"	"P6_A7"	"A7"	"L124/107.3"	19	15	""	1.7	17	NA	"49-SMARTindex"	"GTGCCATACAGTGGTATCAACGCAGAGTACA"	0	0	0.00034649074176738	33.3333333333333	33.3333333333333	3	0	0	"L124/107.3"	2	2020	5	10	"monoclonal"	NA	NA	NA	0
"TRIMMER0006_P6"	"H"	"65-SMARTindex"	1443039	2	2	0	0	0	0	0	0	2	0	0	"TRIMMER0006_P6"	"P6_A9"	"A9"	"L124/107.1.2"	21	15	""	2.38	17	NA	"65-SMARTindex"	"AAGCTCCAGTGGTATCAACGCAGAGTACA"	0	0	0.000138596296706952	0	0	2	0	0	"L124/107.1.2"	2	2020	5	10	"monoclonal"	NA	NA	NA	0
"TRIMMER0006_P6"	"L"	"65-SMARTindex"	1443039	4	0	0	0	4	1	0	3	1	3	2	"TRIMMER0006_P6"	"P6_A9"	"A9"	"L124/107.1.2"	21	15	""	2.38	17	NA	"65-SMARTindex"	"AAGCTCCAGTGGTATCAACGCAGAGTACA"	0	0	0.000277192593413904	60	40	3	0	0	"L124/107.1.2"	2	2020	5	10	"monoclonal"	NA	NA	NA	0
"TRIMMER0006_P6"	"H"	"02-SMARTindex"	1443039	3	3	0	0	0	0	1	2	0	3	2	"TRIMMER0006_P6"	"P6_B1"	"B1"	"L124/114.4.2"	21	15	""	1.43	17	NA	"02-SMARTindex"	"GATCACCAGTGGTATCAACGCAGAGTACA"	0	0	0.000207894445060428	75	50	3	0	0	"L124/114.4.2"	2	2020	5	10	"monoclonal"	NA	NA	NA	0
"TRIMMER0006_P6"	"L"	"02-SMARTindex"	1443039	7	0	0	3	4	2	0	4	3	4	2	"TRIMMER0006_P6"	"P6_B1"	"B1"	"L124/114.4.2"	21	15	""	1.43	17	NA	"02-SMARTindex"	"GATCACCAGTGGTATCAACGCAGAGTACA"	0	0	0.000485087038474332	50	25	5	0	0	"L124/114.4.2"	2	2020	5	10	"monoclonal"	NA	NA	NA	0
"TRIMMER0006_P6"	"H"	"82-SMARTindex"	1443039	4	4	0	0	0	0	1	1	2	2	1	"TRIMMER0006_P6"	"P6_B11"	"B11"	"N308/1.1"	90	15	""	1.56	17	NA	"82-SMARTindex"	"ACTCTTTCAGTGGTATCAACGCAGAGTACA"	0	0	0.000277192593413904	40	20	4	0	0	"N308/1.1"	2	2020	5	10	"monoclonal"	NA	NA	NA	0
"TRIMMER0006_P6"	"L"	"82-SMARTindex"	1443039	5	0	0	3	2	1	0	1	4	1	1	"TRIMMER0006_P6"	"P6_B11"	"B11"	"N308/1.1"	90	15	""	1.56	17	NA	"82-SMARTindex"	"ACTCTTTCAGTGGTATCAACGCAGAGTACA"	0	0	0.00034649074176738	16.6666666666667	16.6666666666667	4	0	0	"N308/1.1"	2	2020	5	10	"monoclonal"	NA	NA	NA	0
"TRIMMER0006_P6"	"H"	"18-SMARTindex"	1443039	1	1	0	0	0	0	0	0	1	0	0	"TRIMMER0006_P6"	"P6_B3"	"B3"	"L124/114.4.1"	16	15	""	1.32	17	NA	"18-SMARTindex"	"GTCAGGTCAGTGGTATCAACGCAGAGTACA"	0	0	6.9298148353476e-05	0	0	1	0	0	"L124/114.4.1"	2	2020	5	10	"monoclonal"	NA	NA	NA	0
"TRIMMER0006_P6"	"L"	"18-SMARTindex"	1443039	3	0	0	0	3	0	0	3	0	3	3	"TRIMMER0006_P6"	"P6_B3"	"B3"	"L124/114.4.1"	16	15	""	1.32	17	NA	"18-SMARTindex"	"GTCAGGTCAGTGGTATCAACGCAGAGTACA"	0	0	0.000207894445060428	75	75	3	0	0	"L124/114.4.1"	2	2020	5	10	"monoclonal"	NA	NA	NA	0
"TRIMMER0006_P6"	"H"	"34-SMARTindex"	1443039	1	1	0	0	0	0	0	1	0	1	1	"TRIMMER0006_P6"	"P6_B5"	"B5"	"L124/41.1.2"	33	15	""	1.71	17	NA	"34-SMARTindex"	"TTGGTAAACAGTGGTATCAACGCAGAGTACA"	0	0	6.9298148353476e-05	50	50	1	0	0	"L124/41.1.2"	2	2020	5	10	"monoclonal"	NA	NA	NA	0
"TRIMMER0006_P6"	"L"	"34-SMARTindex"	1443039	5	0	0	1	4	1	0	5	0	5	5	"TRIMMER0006_P6"	"P6_B5"	"B5"	"L124/41.1.2"	33	15	""	1.71	17	NA	"34-SMARTindex"	"TTGGTAAACAGTGGTATCAACGCAGAGTACA"	0	0	0.00034649074176738	83.3333333333333	83.3333333333333	4	0	0	"L124/41.1.2"	2	2020	5	10	"monoclonal"	NA	NA	NA	0
"TRIMMER0006_P6"	"H"	"83-SMARTindex"	1443039	5	5	0	0	0	0	0	4	1	4	4	"TRIMMER0006_P6"	"P6_C11"	"C11"	"N308/48.8"	73	15	""	1.99	17	NA	"83-SMARTindex"	"TGCTATTCAGTGGTATCAACGCAGAGTACA"	0	0	0.00034649074176738	66.6666666666667	66.6666666666667	5	0	0	"N308/48.8"	3	2020	5	10	"monoclonal"	NA	NA	NA	0
"TRIMMER0006_P6"	"L"	"83-SMARTindex"	1443039	4	0	0	1	3	3	0	3	1	3	3	"TRIMMER0006_P6"	"P6_C11"	"C11"	"N308/48.8"	73	15	""	1.99	17	NA	"83-SMARTindex"	"TGCTATTCAGTGGTATCAACGCAGAGTACA"	0	0	0.000277192593413904	60	60	1	0	0	"N308/48.8"	3	2020	5	10	"monoclonal"	NA	NA	NA	0
"TRIMMER0006_P6"	"H"	"11-SMARTindex"	1443039	6	6	0	0	0	0	2	3	1	5	3	"TRIMMER0006_P6"	"P6_C2"	"C2"	"N308/1.4"	45	15	""	0.77	17	NA	"11-SMARTindex"	"TTAACTACAGTGGTATCAACGCAGAGTACA"	0	0	0.000415788890120856	71.4285714285714	42.8571428571429	6	0	0	"N308/1.4"	2	2020	5	10	"monoclonal"	NA	NA	NA	0
"TRIMMER0006_P6"	"L"	"11-SMARTindex"	1443039	7	0	0	1	6	1	1	2	4	3	2	"TRIMMER0006_P6"	"P6_C2"	"C2"	"N308/1.4"	45	15	""	0.77	17	NA	"11-SMARTindex"	"TTAACTACAGTGGTATCAACGCAGAGTACA"	0	0	0.000485087038474332	37.5	25	6	0	0	"N308/1.4"	2	2020	5	10	"monoclonal"	NA	NA	NA	0
"TRIMMER0006_P6"	"H"	"27-SMARTindex"	1443039	5	5	0	0	0	0	0	4	1	4	4	"TRIMMER0006_P6"	"P6_C4"	"C4"	"N308/48.1"	28	15	""	1.4	17	NA	"27-SMARTindex"	"CAAGCACAGTGGTATCAACGCAGAGTACA"	0	0	0.00034649074176738	66.6666666666667	66.6666666666667	5	0	0	"N308/48.1"	1	2020	5	10	"monoclonal"	NA	NA	NA	0
"TRIMMER0006_P6"	"L"	"27-SMARTindex"	1443039	9	0	0	3	6	1	1	0	8	1	0	"TRIMMER0006_P6"	"P6_C4"	"C4"	"N308/48.1"	28	15	""	1.4	17	NA	"27-SMARTindex"	"CAAGCACAGTGGTATCAACGCAGAGTACA"	0	0	0.000623683335181284	10	0	8	0	0	"N308/48.1"	1	2020	5	10	"monoclonal"	NA	NA	NA	0
"TRIMMER0006_P6"	"H"	"35-SMARTindex"	1443039	3	3	0	0	0	0	0	1	2	1	1	"TRIMMER0006_P6"	"P6_C5"	"C5"	"N308/48.2"	70	15	""	1.44	17	NA	"35-SMARTindex"	"GTTACCAACAGTGGTATCAACGCAGAGTACA"	0	0	0.000207894445060428	25	25	3	0	0	"N308/48.2"	3	2020	5	10	"monoclonal"	NA	NA	NA	0
"TRIMMER0006_P6"	"L"	"35-SMARTindex"	1443039	1	0	0	0	1	0	0	1	0	1	1	"TRIMMER0006_P6"	"P6_C5"	"C5"	"N308/48.2"	70	15	""	1.44	17	NA	"35-SMARTindex"	"GTTACCAACAGTGGTATCAACGCAGAGTACA"	0	0	6.9298148353476e-05	50	50	1	0	0	"N308/48.2"	3	2020	5	10	"monoclonal"	NA	NA	NA	0
"TRIMMER0006_P6"	"H"	"67-SMARTindex"	1443039	3	3	0	0	0	0	1	1	1	2	1	"TRIMMER0006_P6"	"P6_C9"	"C9"	"N308/48.6"	15	15	""	1.94	17	NA	"67-SMARTindex"	"TCGTTCCAGTGGTATCAACGCAGAGTACA"	0	0	0.000207894445060428	50	25	3	0	0	"N308/48.6"	3	2020	5	10	"monoclonal"	NA	NA	NA	0
"TRIMMER0006_P6"	"L"	"67-SMARTindex"	1443039	4	0	0	0	4	2	0	2	2	2	1	"TRIMMER0006_P6"	"P6_C9"	"C9"	"N308/48.6"	15	15	""	1.94	17	NA	"67-SMARTindex"	"TCGTTCCAGTGGTATCAACGCAGAGTACA"	0	0	0.000277192593413904	40	20	2	0	0	"N308/48.6"	3	2020	5	10	"monoclonal"	NA	NA	NA	0
"TRIMMER0006_P6"	"H"	"20-SMARTindex"	1443039	0	0	0	0	0	0	0	0	0	0	0	"TRIMMER0006_P6"	"P6_D3"	"D3"	"L124/35.4"	29	15	""	1.43	17	NA	"20-SMARTindex"	"TATGTCTCAGTGGTATCAACGCAGAGTACA"	0	0	0	0	0	0	0	0	"L124/35.4"	2	2020	5	10	"monoclonal"	NA	NA	NA	0
"TRIMMER0006_P6"	"L"	"20-SMARTindex"	1443039	3	0	0	1	2	0	0	2	1	2	2	"TRIMMER0006_P6"	"P6_D3"	"D3"	"L124/35.4"	29	15	""	1.43	17	NA	"20-SMARTindex"	"TATGTCTCAGTGGTATCAACGCAGAGTACA"	0	0	0.000207894445060428	50	50	3	0	0	"L124/35.4"	2	2020	5	10	"monoclonal"	NA	NA	NA	0
"TRIMMER0006_P6"	"H"	"77-SMARTindex"	1443039	0	0	0	0	0	0	0	0	0	0	0	"TRIMMER0006_P6"	"P6_E10"	"E10"	"L124/114.1"	15	15	"low concentration"	1.99	17	NA	"77-SMARTindex"	"ATTGGTACAGTGGTATCAACGCAGAGTACA"	0	0	0	0	0	0	0	0	"L124/114.1"	2	2020	5	10	"monoclonal"	NA	NA	NA	0
"TRIMMER0006_P6"	"L"	"77-SMARTindex"	1443039	7	0	0	1	6	2	0	3	4	3	3	"TRIMMER0006_P6"	"P6_E10"	"E10"	"L124/114.1"	15	15	"low concentration"	1.99	17	NA	"77-SMARTindex"	"ATTGGTACAGTGGTATCAACGCAGAGTACA"	0	0	0.000485087038474332	37.5	37.5	5	0	0	"L124/114.1"	2	2020	5	10	"monoclonal"	NA	NA	NA	0
"TRIMMER0006_P6"	"H"	"37-SMARTindex"	1443039	3	3	0	0	0	0	0	2	1	2	1	"TRIMMER0006_P6"	"P6_E5"	"E5"	"N355A/2.1"	15	15	""	1.5	17	NA	"37-SMARTindex"	"TGGCGAAACAGTGGTATCAACGCAGAGTACA"	0	0	0.000207894445060428	50	25	3	0	0	"N355A/2.1"	2	2020	5	10	"monoclonal"	NA	NA	NA	0
"TRIMMER0006_P6"	"L"	"37-SMARTindex"	1443039	6	0	0	4	2	1	0	3	3	3	3	"TRIMMER0006_P6"	"P6_E5"	"E5"	"N355A/2.1"	15	15	""	1.5	17	NA	"37-SMARTindex"	"TGGCGAAACAGTGGTATCAACGCAGAGTACA"	0	0	0.000415788890120856	42.8571428571429	42.8571428571429	5	0	0	"N355A/2.1"	2	2020	5	10	"monoclonal"	NA	NA	NA	0
"TRIMMER0006_P6"	"H"	"86-SMARTindex"	1443039	2	2	0	0	0	0	0	1	1	1	1	"TRIMMER0006_P6"	"P6_F11"	"F11"	"L124/41.4"	15	15	"low concentration"	1.78	17	NA	"86-SMARTindex"	"CCGACCTCAGTGGTATCAACGCAGAGTACA"	0	0	0.000138596296706952	33.3333333333333	33.3333333333333	2	0	0	"L124/41.4"	2	2020	5	10	"monoclonal"	NA	NA	NA	0
"TRIMMER0006_P6"	"L"	"86-SMARTindex"	1443039	4	0	0	2	2	0	0	4	0	4	3	"TRIMMER0006_P6"	"P6_F11"	"F11"	"L124/41.4"	15	15	"low concentration"	1.78	17	NA	"86-SMARTindex"	"CCGACCTCAGTGGTATCAACGCAGAGTACA"	0	0	0.000277192593413904	80	60	4	0	0	"L124/41.4"	2	2020	5	10	"monoclonal"	NA	NA	NA	0
"TRIMMER0006_P6"	"H"	"46-SMARTindex"	1443039	7	7	0	0	0	0	0	5	2	5	4	"TRIMMER0006_P6"	"P6_F6"	"F6"	"L124/114.9"	20	15	""	1.88	17	NA	"46-SMARTindex"	"CTCCATATCAGTGGTATCAACGCAGAGTACA"	0	0	0.000485087038474332	62.5	50	7	0	0	"L124/114.9"	2	2020	5	10	"monoclonal"	NA	NA	NA	0
"TRIMMER0006_P6"	"L"	"46-SMARTindex"	1443039	8	0	0	1	7	2	1	5	2	6	4	"TRIMMER0006_P6"	"P6_F6"	"F6"	"L124/114.9"	20	15	""	1.88	17	NA	"46-SMARTindex"	"CTCCATATCAGTGGTATCAACGCAGAGTACA"	0	0	0.000554385186827808	66.6666666666667	44.4444444444444	6	0	0	"L124/114.9"	2	2020	5	10	"monoclonal"	NA	NA	NA	0
"TRIMMER0006_P6"	"H"	"54-SMARTindex"	1443039	2	2	0	0	0	0	0	2	0	2	2	"TRIMMER0006_P6"	"P6_F7"	"F7"	"L124/114.10"	15	15	"low concentration"	1.73	17	NA	"54-SMARTindex"	"AATGAATACAGTGGTATCAACGCAGAGTACA"	0	0	0.000138596296706952	66.6666666666667	66.6666666666667	2	0	0	"L124/114.10"	2	2020	5	10	"monoclonal"	NA	NA	NA	0
"TRIMMER0006_P6"	"L"	"54-SMARTindex"	1443039	7	0	0	0	7	3	1	1	5	2	1	"TRIMMER0006_P6"	"P6_F7"	"F7"	"L124/114.10"	15	15	"low concentration"	1.73	17	NA	"54-SMARTindex"	"AATGAATACAGTGGTATCAACGCAGAGTACA"	0	0	0.000485087038474332	25	12.5	4	0	0	"L124/114.10"	2	2020	5	10	"monoclonal"	NA	NA	NA	0
"TRIMMER0006_P6"	"H"	"87-SMARTindex"	1443039	1	1	0	0	0	0	0	1	0	1	1	"TRIMMER0006_P6"	"P6_G11"	"G11"	"N355A/2.4"	18	15	""	1.95	17	NA	"87-SMARTindex"	"GGCCAATCAGTGGTATCAACGCAGAGTACA"	0	0	6.9298148353476e-05	50	50	1	0	0	"N355A/2.4"	2	2020	5	10	"monoclonal"	NA	NA	NA	0
"TRIMMER0006_P6"	"L"	"87-SMARTindex"	1443039	2	0	0	0	2	1	0	0	2	0	0	"TRIMMER0006_P6"	"P6_G11"	"G11"	"N355A/2.4"	18	15	""	1.95	17	NA	"87-SMARTindex"	"GGCCAATCAGTGGTATCAACGCAGAGTACA"	0	0	0.000138596296706952	0	0	1	0	0	"N355A/2.4"	2	2020	5	10	"monoclonal"	NA	NA	NA	0
"TRIMMER0006_P6"	"H"	"39-SMARTindex"	1443039	1	1	0	0	0	0	0	0	1	0	0	"TRIMMER0006_P6"	"P6_G5"	"G5"	"L124/4.6"	57	15	""	1.62	17	NA	"39-SMARTindex"	"CAACAGAACAGTGGTATCAACGCAGAGTACA"	0	0	6.9298148353476e-05	0	0	1	0	0	"L124/4.6"	2	2020	5	10	"monoclonal"	NA	NA	NA	0
"TRIMMER0006_P6"	"L"	"39-SMARTindex"	1443039	5	0	0	1	4	2	0	4	1	4	4	"TRIMMER0006_P6"	"P6_G5"	"G5"	"L124/4.6"	57	15	""	1.62	17	NA	"39-SMARTindex"	"CAACAGAACAGTGGTATCAACGCAGAGTACA"	0	0	0.00034649074176738	66.6666666666667	66.6666666666667	3	0	0	"L124/4.6"	2	2020	5	10	"monoclonal"	NA	NA	NA	0
"TRIMMER0066_P65"	"H"	"92-SMARTindex"	1130112	1	1	0	0	0	0	1	0	0	1	0	"TRIMMER0066_P65"	"P65_D12"	"D12"	"D4/104.3"	15.5	20	""	0	NA	"True"	"92-SMARTindex"	"GAACCTCAGTGGTATCAACGCAGAGTACA"	0	0	8.84867265485841e-05	50	0	1	0	0	"D4/104.3"	2	2020	6	19	"monoclonal"	NA	NA	NA	0
"TRIMMER0066_P65"	"L"	"92-SMARTindex"	1130112	1	0	0	0	1	1	0	1	0	1	1	"TRIMMER0066_P65"	"P65_D12"	"D12"	"D4/104.3"	15.5	20	""	0	NA	"True"	"92-SMARTindex"	"GAACCTCAGTGGTATCAACGCAGAGTACA"	0	0	8.84867265485841e-05	50	50	0	0	0	"D4/104.3"	2	2020	6	19	"monoclonal"	NA	NA	NA	0
"TRIMMER0066_P65"	"H"	"05-SMARTindex"	1130112	1	1	0	0	0	0	0	1	0	1	1	"TRIMMER0066_P65"	"P65_E1"	"E1"	"D4/112.1"	21.5	20	""	0	NA	"True"	"05-SMARTindex"	"ACATTACAGTGGTATCAACGCAGAGTACA"	0	0	8.84867265485841e-05	50	50	1	0	0	"D4/112.1"	2	2020	6	19	"monoclonal"	NA	NA	NA	0
"TRIMMER0066_P65"	"L"	"05-SMARTindex"	1130112	0	0	0	0	0	0	0	0	0	0	0	"TRIMMER0066_P65"	"P65_E1"	"E1"	"D4/112.1"	21.5	20	""	0	NA	"True"	"05-SMARTindex"	"ACATTACAGTGGTATCAACGCAGAGTACA"	0	0	0	0	0	0	0	0	"D4/112.1"	2	2020	6	19	"monoclonal"	NA	NA	NA	0
"TRIMMER0067_P66"	"H"	"34-SMARTindex"	761515	1	1	0	0	0	0	0	0	1	0	0	"TRIMMER0067_P66"	"P66_B5"	"B5"	"K51/1.1"	63.5	20	""	0	NA	"True"	"34-SMARTindex"	"TTGGTAAACAGTGGTATCAACGCAGAGTACA"	0	0	0.000131317004501547	0	0	1	0	0	"K51/1.1"	1	2020	6	19	"monoclonal"	NA	NA	NA	0
"TRIMMER0067_P66"	"L"	"34-SMARTindex"	761515	0	0	0	0	0	0	0	0	0	0	0	"TRIMMER0067_P66"	"P66_B5"	"B5"	"K51/1.1"	63.5	20	""	0	NA	"True"	"34-SMARTindex"	"TTGGTAAACAGTGGTATCAACGCAGAGTACA"	0	0	0	0	0	0	0	0	"K51/1.1"	1	2020	6	19	"monoclonal"	NA	NA	NA	0
"TRIMMER0067_P66"	"H"	"22-SMARTindex"	761515	3	3	0	0	0	0	0	3	0	3	3	"TRIMMER0067_P66"	"P66_F3"	"F3"	"N295B/66.1"	106.8	20	""	0	NA	"True"	"22-SMARTindex"	"GGAGGTTCAGTGGTATCAACGCAGAGTACA"	0	0	0.000393951013504641	75	75	3	0	0	"N295B/66.1"	1	2020	6	19	"monoclonal"	NA	NA	NA	0
"TRIMMER0067_P66"	"L"	"22-SMARTindex"	761515	1	0	0	0	1	1	0	1	0	1	1	"TRIMMER0067_P66"	"P66_F3"	"F3"	"N295B/66.1"	106.8	20	""	0	NA	"True"	"22-SMARTindex"	"GGAGGTTCAGTGGTATCAACGCAGAGTACA"	0	0	0.000131317004501547	50	50	0	0	0	"N295B/66.1"	1	2020	6	19	"monoclonal"	NA	NA	NA	0
"TRIMMER0067_P66"	"H"	"23-SMARTindex"	761515	1	1	0	0	0	0	0	1	0	1	0	"TRIMMER0067_P66"	"P66_G3"	"G3"	"N3/26.1"	69.3	20	""	0.01	NA	"True"	"23-SMARTindex"	"CACACTTCAGTGGTATCAACGCAGAGTACA"	0	0	0.000131317004501547	50	0	1	0	0	"N003/26.1"	1	2020	6	19	"monoclonal"	NA	NA	NA	0
"TRIMMER0067_P66"	"L"	"23-SMARTindex"	761515	1	0	0	0	1	0	0	1	0	1	1	"TRIMMER0067_P66"	"P66_G3"	"G3"	"N3/26.1"	69.3	20	""	0.01	NA	"True"	"23-SMARTindex"	"CACACTTCAGTGGTATCAACGCAGAGTACA"	0	0	0.000131317004501547	50	50	1	0	0	"N003/26.1"	1	2020	6	19	"monoclonal"	NA	NA	NA	0
"TRIMMER0078_P67"	"H"	"11-SMARTindex"	1770696	1	1	0	0	0	0	0	1	0	1	1	"TRIMMER0078_P67"	"P67_C2"	"C2"	"K14/16.3"	10	15	NA	NA	NA	NA	NA	NA	0	0	5.6474936140966e-05	50	50	1	0	0	"K14/16.3"	3	2020	11	27	"monoclonal"	NA	NA	NA	0
"TRIMMER0078_P67"	"L"	"11-SMARTindex"	1770696	6	0	0	5	1	0	0	5	1	5	4	"TRIMMER0078_P67"	"P67_C2"	"C2"	"K14/16.3"	10	15	NA	NA	NA	NA	NA	NA	0	0	0.000338849616845796	71.4285714285714	57.1428571428571	6	0	0	"K14/16.3"	3	2020	11	27	"monoclonal"	NA	NA	NA	0
"TRIMMER0079_P68"	"H"	"16-SMARTindex"	1896521	5	5	0	0	0	0	0	2	3	2	1	"TRIMMER0079_P68"	"P68_H2"	"H2"	"N238/30.3"	10	15	NA	NA	NA	NA	NA	NA	0	0	0.000263640495601949	33.3333333333333	16.6666666666667	5	0	0	"N238/30.3"	3	2020	11	27	"monoclonal"	NA	NA	NA	0
"TRIMMER0079_P68"	"L"	"16-SMARTindex"	1896521	4	0	0	0	4	0	2	0	2	2	0	"TRIMMER0079_P68"	"P68_H2"	"H2"	"N238/30.3"	10	15	NA	NA	NA	NA	NA	NA	0	0	0.000210912396481559	40	0	4	0	0	"N238/30.3"	3	2020	11	27	"monoclonal"	NA	NA	NA	0
"TRIMMER0080_P69"	"H"	"49-SMARTindex"	1973427	0	0	0	0	0	0	0	0	0	0	0	"TRIMMER0080_P69"	"P69_A7"	"A7"	"N367/51.3"	10	15	NA	NA	NA	NA	NA	NA	0	0	0	0	0	0	0	0	"N367/51.3"	3	2020	11	27	"monoclonal"	NA	NA	NA	0
"TRIMMER0080_P69"	"L"	"49-SMARTindex"	1973427	5	0	0	0	5	1	0	5	0	5	5	"TRIMMER0080_P69"	"P69_A7"	"A7"	"N367/51.3"	10	15	NA	NA	NA	NA	NA	NA	0	0	0.000253366223647379	83.3333333333333	83.3333333333333	4	0	0	"N367/51.3"	3	2020	11	27	"monoclonal"	NA	NA	NA	0
"TRIMMER0080_P69"	"H"	"34-SMARTindex"	1973427	1	1	0	0	0	0	1	0	0	1	0	"TRIMMER0080_P69"	"P69_B5"	"B5"	"N377/20.2"	10	15	NA	NA	NA	NA	NA	NA	0	0	5.06732447294758e-05	50	0	1	0	0	"N377/20.2"	3	2020	11	27	"monoclonal"	NA	NA	NA	0
"TRIMMER0080_P69"	"L"	"34-SMARTindex"	1973427	9	0	0	0	9	2	3	6	0	9	5	"TRIMMER0080_P69"	"P69_B5"	"B5"	"N377/20.2"	10	15	NA	NA	NA	NA	NA	NA	0	0	0.000456059202565282	90	50	7	0	0	"N377/20.2"	3	2020	11	27	"monoclonal"	NA	NA	NA	0
"TRIMMER0076_P6R"	"H"	"38-SMARTindex"	1372694	1	1	0	0	0	0	0	0	1	0	0	"TRIMMER0076_P6R"	"P6R_F5"	"F5"	"L124/114.8"	10	15	NA	NA	NA	NA	NA	NA	0	0	7.28493948036527e-05	0	0	1	0	0	"L124/114.8"	2	2020	11	27	"monoclonal"	NA	NA	NA	0
"TRIMMER0076_P6R"	"L"	"38-SMARTindex"	1372694	5	0	0	3	2	2	0	4	1	4	4	"TRIMMER0076_P6R"	"P6R_F5"	"F5"	"L124/114.8"	10	15	NA	NA	NA	NA	NA	NA	0	0	0.000364246974018263	66.6666666666667	66.6666666666667	3	0	0	"L124/114.8"	2	2020	11	27	"monoclonal"	NA	NA	NA	0
"TRIMMER0007_P7"	"H"	"25-SMARTindex"	1168633	0	0	0	0	0	0	0	0	0	0	0	"TRIMMER0007_P7"	"P7_A4"	"A4"	"N229A/32.7"	15	15	""	1.29	19	NA	"25-SMARTindex"	"TTTATGCAGTGGTATCAACGCAGAGTACA"	0	0	0	0	0	0	0	0	"N229A/32.7"	3	2020	5	10	"monoclonal"	NA	NA	NA	0
"TRIMMER0007_P7"	"L"	"25-SMARTindex"	1168633	1	0	0	0	1	0	0	0	1	0	0	"TRIMMER0007_P7"	"P7_A4"	"A4"	"N229A/32.7"	15	15	""	1.29	19	NA	"25-SMARTindex"	"TTTATGCAGTGGTATCAACGCAGAGTACA"	0	0	8.55699902621351e-05	0	0	1	0	0	"N229A/32.7"	3	2020	5	10	"monoclonal"	NA	NA	NA	0
"TRIMMER0007_P7"	"H"	"84-SMARTindex"	1168633	0	0	0	0	0	0	0	0	0	0	0	"TRIMMER0007_P7"	"P7_D11"	"D11"	"N229/23.4"	15	15	"low concentration"	1.85	19	NA	"84-SMARTindex"	"AAGTGGTCAGTGGTATCAACGCAGAGTACA"	0	0	0	0	0	0	0	0	"N229/23.4"	2	2020	5	10	"monoclonal"	NA	NA	NA	0
"TRIMMER0007_P7"	"L"	"84-SMARTindex"	1168633	0	0	0	0	0	0	0	0	0	0	0	"TRIMMER0007_P7"	"P7_D11"	"D11"	"N229/23.4"	15	15	"low concentration"	1.85	19	NA	"84-SMARTindex"	"AAGTGGTCAGTGGTATCAACGCAGAGTACA"	0	0	0	0	0	0	0	0	"N229/23.4"	2	2020	5	10	"monoclonal"	NA	NA	NA	0
"TRIMMER0007_P7"	"H"	"85-SMARTindex"	1168633	6	6	0	0	0	0	0	5	1	5	5	"TRIMMER0007_P7"	"P7_E11"	"E11"	"N229A/89.5"	15	15	"low concentration"	2.41	19	NA	"85-SMARTindex"	"CTCATATCAGTGGTATCAACGCAGAGTACA"	0	0	0.000513419941572811	71.4285714285714	71.4285714285714	6	0	0	"N229A/89.5"	2	2020	5	10	"monoclonal"	NA	NA	NA	0
"TRIMMER0007_P7"	"L"	"85-SMARTindex"	1168633	4	0	0	0	4	1	0	3	1	3	3	"TRIMMER0007_P7"	"P7_E11"	"E11"	"N229A/89.5"	15	15	"low concentration"	2.41	19	NA	"85-SMARTindex"	"CTCATATCAGTGGTATCAACGCAGAGTACA"	0	0	0.00034227996104854	60	60	3	0	0	"N229A/89.5"	2	2020	5	10	"monoclonal"	NA	NA	NA	0
"TRIMMER0007_P7"	"H"	"86-SMARTindex"	1168633	0	0	0	0	0	0	0	0	0	0	0	"TRIMMER0007_P7"	"P7_F11"	"F11"	"N186/31.1"	19	15	""	5.25	19	NA	"86-SMARTindex"	"CCGACCTCAGTGGTATCAACGCAGAGTACA"	0	0	0	0	0	0	0	0	"N186/31.1"	2	2020	5	10	"monoclonal"	NA	NA	NA	0
"TRIMMER0007_P7"	"L"	"86-SMARTindex"	1168633	0	0	0	0	0	0	0	0	0	0	0	"TRIMMER0007_P7"	"P7_F11"	"F11"	"N186/31.1"	19	15	""	5.25	19	NA	"86-SMARTindex"	"CCGACCTCAGTGGTATCAACGCAGAGTACA"	0	0	0	0	0	0	0	0	"N186/31.1"	2	2020	5	10	"monoclonal"	NA	NA	NA	0
"TRIMMER0082_P71"	"H"	"65-SMARTindex"	1534823	3	1	2	0	0	0	0	3	0	3	3	"TRIMMER0082_P71"	"P71_A9"	"A9"	"D4/16.3"	10	15	NA	NA	NA	NA	NA	NA	0	0	0.000195462150709137	75	75	3	0	0	"D4/16.3"	2	2020	11	27	"monoclonal"	NA	NA	NA	0
"TRIMMER0082_P71"	"L"	"65-SMARTindex"	1534823	1	0	0	0	1	1	0	1	0	1	1	"TRIMMER0082_P71"	"P71_A9"	"A9"	"D4/16.3"	10	15	NA	NA	NA	NA	NA	NA	0	0	6.51540502363789e-05	50	50	0	0	0	"D4/16.3"	2	2020	11	27	"monoclonal"	NA	NA	NA	0
"TRIMMER0082_P71"	"H"	"93-SMARTindex"	1534823	1	1	0	0	0	0	0	0	1	0	0	"TRIMMER0082_P71"	"P71_E12"	"E12"	"L130/1.1"	10	15	NA	NA	NA	NA	NA	NA	0	0	6.51540502363789e-05	0	0	1	0	0	"L130/1.1"	1	2020	11	27	"monoclonal"	NA	NA	NA	0
"TRIMMER0082_P71"	"L"	"93-SMARTindex"	1534823	3	0	0	0	3	0	0	3	0	3	3	"TRIMMER0082_P71"	"P71_E12"	"E12"	"L130/1.1"	10	15	NA	NA	NA	NA	NA	NA	0	0	0.000195462150709137	75	75	3	0	0	"L130/1.1"	1	2020	11	27	"monoclonal"	NA	NA	NA	0
"TRIMMER0083_P72"	"H"	"89-SMARTindex"	1549641	3	3	0	0	0	0	0	3	0	3	3	"TRIMMER0083_P72"	"P72_A12"	"A12"	"N133/21.2"	10	15	NA	NA	NA	NA	NA	NA	0	0	0.000193593100858134	75	75	3	0	0	"N133/21.2"	1	2020	11	27	"monoclonal"	NA	NA	NA	0
"TRIMMER0083_P72"	"L"	"89-SMARTindex"	1549641	6	0	0	0	6	2	0	6	0	6	6	"TRIMMER0083_P72"	"P72_A12"	"A12"	"N133/21.2"	10	15	NA	NA	NA	NA	NA	NA	0	0	0.000387186201716267	85.7142857142857	85.7142857142857	4	0	0	"N133/21.2"	1	2020	11	27	"monoclonal"	NA	NA	NA	0
"TRIMMER0083_P72"	"H"	"82-SMARTindex"	1549641	4	4	0	0	0	0	0	4	0	4	4	"TRIMMER0083_P72"	"P72_B11"	"B11"	"N269/73.2"	10	15	NA	NA	NA	NA	NA	NA	0	0	0.000258124134477512	80	80	4	0	0	"N269/73.2"	1	2020	11	27	"monoclonal"	NA	NA	NA	0
"TRIMMER0083_P72"	"L"	"82-SMARTindex"	1549641	6	0	0	1	5	1	1	3	2	4	3	"TRIMMER0083_P72"	"P72_B11"	"B11"	"N269/73.2"	10	15	NA	NA	NA	NA	NA	NA	0	0	0.000387186201716267	57.1428571428571	42.8571428571429	5	0	0	"N269/73.2"	1	2020	11	27	"monoclonal"	NA	NA	NA	0
"TRIMMER0083_P72"	"H"	"16-SMARTindex"	1549641	5	5	0	0	0	0	2	2	1	4	2	"TRIMMER0083_P72"	"P72_H2"	"H2"	"K13/31.2"	10	15	NA	NA	NA	NA	NA	NA	0	0	0.000322655168096889	66.6666666666667	33.3333333333333	5	0	0	"K13/31.2"	1	2020	11	27	"monoclonal"	NA	NA	NA	0
"TRIMMER0083_P72"	"L"	"16-SMARTindex"	1549641	9	0	0	0	9	2	4	5	0	9	4	"TRIMMER0083_P72"	"P72_H2"	"H2"	"K13/31.2"	10	15	NA	NA	NA	NA	NA	NA	0	0	0.000580779302574401	90	40	7	0	0	"K13/31.2"	1	2020	11	27	"monoclonal"	NA	NA	NA	0
"TRIMMER0084_P73"	"H"	"49-SMARTindex"	593252	0	0	0	0	0	0	0	0	0	0	0	"TRIMMER0084_P73"	"P73_A7"	"A7"	"N106/36.1"	28.7	15	NA	NA	NA	NA	"49-SMARTindex"	"GTGCCATACAGTGGTATCAACGCAGAGTACA"	0	0	0	0	0	0	0	0	"N106/36.1"	1	2021	3	7	"monoclonal"	NA	NA	NA	0
"TRIMMER0084_P73"	"L"	"49-SMARTindex"	593252	0	0	0	0	0	0	0	0	0	0	0	"TRIMMER0084_P73"	"P73_A7"	"A7"	"N106/36.1"	28.7	15	NA	NA	NA	NA	"49-SMARTindex"	"GTGCCATACAGTGGTATCAACGCAGAGTACA"	0	0	0	0	0	0	0	0	"N106/36.1"	1	2021	3	7	"monoclonal"	NA	NA	NA	0
"TRIMMER0084_P73"	"H"	"92-SMARTindex"	593252	0	0	0	0	0	0	0	0	0	0	0	"TRIMMER0084_P73"	"P73_D12"	"D12"	"N297/59.1"	46.7	15	NA	NA	NA	NA	"92-SMARTindex"	"GAACCTCAGTGGTATCAACGCAGAGTACA"	0	0	0	0	0	0	0	0	"N297/59.1"	1	2021	3	7	"monoclonal"	NA	NA	NA	0
"TRIMMER0084_P73"	"L"	"92-SMARTindex"	593252	1	0	0	0	1	0	0	1	0	1	1	"TRIMMER0084_P73"	"P73_D12"	"D12"	"N297/59.1"	46.7	15	NA	NA	NA	NA	"92-SMARTindex"	"GAACCTCAGTGGTATCAACGCAGAGTACA"	0	0	0.000168562148021165	50	50	1	0	0	"N297/59.1"	1	2021	3	7	"monoclonal"	NA	NA	NA	0
"TRIMMER0084_P73"	"H"	"20-SMARTindex"	593252	0	0	0	0	0	0	0	0	0	0	0	"TRIMMER0084_P73"	"P73_D3"	"D3"	"N123/48.1"	22	15	NA	NA	NA	NA	"20-SMARTindex"	"TATGTCTCAGTGGTATCAACGCAGAGTACA"	0	0	0	0	0	0	0	0	"N123/48.1"	1	2021	3	7	"monoclonal"	NA	NA	NA	0
"TRIMMER0084_P73"	"L"	"20-SMARTindex"	593252	1	0	0	0	1	1	0	1	0	1	1	"TRIMMER0084_P73"	"P73_D3"	"D3"	"N123/48.1"	22	15	NA	NA	NA	NA	"20-SMARTindex"	"TATGTCTCAGTGGTATCAACGCAGAGTACA"	0	0	0.000168562148021165	50	50	0	0	0	"N123/48.1"	1	2021	3	7	"monoclonal"	NA	NA	NA	0
"TRIMMER0085_P74"	"H"	"03-SMARTindex"	489362	2	2	0	0	0	0	1	1	0	2	1	"TRIMMER0085_P74"	"P74_C1"	"C1"	"N233/8.1"	21.3	15	""	NA	NA	NA	"03-SMARTindex"	"ACCAGTCAGTGGTATCAACGCAGAGTACA"	0	0	0.000408694568244841	66.6666666666667	33.3333333333333	2	0	0	"N233/8.1"	3	2021	3	7	"monoclonal"	NA	NA	NA	0
"TRIMMER0085_P74"	"L"	"03-SMARTindex"	489362	0	0	0	0	0	0	0	0	0	0	0	"TRIMMER0085_P74"	"P74_C1"	"C1"	"N233/8.1"	21.3	15	""	NA	NA	NA	"03-SMARTindex"	"ACCAGTCAGTGGTATCAACGCAGAGTACA"	0	0	0	0	0	0	0	0	"N233/8.1"	3	2021	3	7	"monoclonal"	NA	NA	NA	0
"TRIMMER0085_P74"	"H"	"35-SMARTindex"	489362	0	0	0	0	0	0	0	0	0	0	0	"TRIMMER0085_P74"	"P74_C5"	"C5"	"N275/14.1.15"	63.3	15	""	NA	NA	NA	"35-SMARTindex"	"GTTACCAACAGTGGTATCAACGCAGAGTACA"	0	0	0	0	0	0	0	0	"N275/14.1.15"	3	2021	3	7	"monoclonal"	NA	NA	NA	0
"TRIMMER0085_P74"	"L"	"35-SMARTindex"	489362	0	0	0	0	0	0	0	0	0	0	0	"TRIMMER0085_P74"	"P74_C5"	"C5"	"N275/14.1.15"	63.3	15	""	NA	NA	NA	"35-SMARTindex"	"GTTACCAACAGTGGTATCAACGCAGAGTACA"	0	0	0	0	0	0	0	0	"N275/14.1.15"	3	2021	3	7	"monoclonal"	NA	NA	NA	0
"TRIMMER0085_P74"	"H"	"43-SMARTindex"	489362	0	0	0	0	0	0	0	0	0	0	0	"TRIMMER0085_P74"	"P74_C6"	"C6"	"N233/8.15"	43.3	15	""	NA	NA	NA	"43-SMARTindex"	"AAGACAATCAGTGGTATCAACGCAGAGTACA"	0	0	0	0	0	0	0	0	"N233/8.15"	3	2021	3	7	"monoclonal"	NA	NA	NA	0
"TRIMMER0085_P74"	"L"	"43-SMARTindex"	489362	1	0	0	0	1	0	0	1	0	1	1	"TRIMMER0085_P74"	"P74_C6"	"C6"	"N233/8.15"	43.3	15	""	NA	NA	NA	"43-SMARTindex"	"AAGACAATCAGTGGTATCAACGCAGAGTACA"	0	0	0.00020434728412242	50	50	1	0	0	"N233/8.15"	3	2021	3	7	"monoclonal"	NA	NA	NA	0
"TRIMMER0085_P74"	"H"	"51-SMARTindex"	489362	2	2	0	0	0	0	0	2	0	2	2	"TRIMMER0085_P74"	"P74_C7"	"C7"	"N74/25.2"	36.7	15	""	NA	NA	NA	"51-SMARTindex"	"CACTAATACAGTGGTATCAACGCAGAGTACA"	0	0	0.000408694568244841	66.6666666666667	66.6666666666667	2	0	0	"N74/25.2"	1	2021	3	7	"monoclonal"	NA	NA	NA	0
"TRIMMER0085_P74"	"L"	"51-SMARTindex"	489362	0	0	0	0	0	0	0	0	0	0	0	"TRIMMER0085_P74"	"P74_C7"	"C7"	"N74/25.2"	36.7	15	""	NA	NA	NA	"51-SMARTindex"	"CACTAATACAGTGGTATCAACGCAGAGTACA"	0	0	0	0	0	0	0	0	"N74/25.2"	1	2021	3	7	"monoclonal"	NA	NA	NA	0
"TRIMMER0085_P74"	"H"	"53-SMARTindex"	489362	1	1	0	0	0	0	0	1	0	1	1	"TRIMMER0085_P74"	"P74_E7"	"E7"	"N154/32.2"	69.3	15	""	NA	NA	NA	"53-SMARTindex"	"CGCCTGTACAGTGGTATCAACGCAGAGTACA"	0	0	0.00020434728412242	50	50	1	0	0	"N154/32.2"	3	2021	3	7	"monoclonal"	NA	NA	NA	0
"TRIMMER0085_P74"	"L"	"53-SMARTindex"	489362	0	0	0	0	0	0	0	0	0	0	0	"TRIMMER0085_P74"	"P74_E7"	"E7"	"N154/32.2"	69.3	15	""	NA	NA	NA	"53-SMARTindex"	"CGCCTGTACAGTGGTATCAACGCAGAGTACA"	0	0	0	0	0	0	0	0	"N154/32.2"	3	2021	3	7	"monoclonal"	NA	NA	NA	0
"TRIMMER0085_P74"	"H"	"38-SMARTindex"	489362	0	0	0	0	0	0	0	0	0	0	0	"TRIMMER0085_P74"	"P74_F5"	"F5"	"N11/33.1"	23.3	15	""	NA	NA	NA	"38-SMARTindex"	"ACCGTGAACAGTGGTATCAACGCAGAGTACA"	0	0	0	0	0	0	0	0	"N11/33.1"	1	2021	3	7	"monoclonal"	NA	NA	NA	0
"TRIMMER0085_P74"	"L"	"38-SMARTindex"	489362	1	0	0	0	1	1	0	1	0	1	1	"TRIMMER0085_P74"	"P74_F5"	"F5"	"N11/33.1"	23.3	15	""	NA	NA	NA	"38-SMARTindex"	"ACCGTGAACAGTGGTATCAACGCAGAGTACA"	0	0	0.00020434728412242	50	50	0	0	0	"N11/33.1"	1	2021	3	7	"monoclonal"	NA	NA	NA	0
"TRIMMER0085_P74"	"H"	"87-SMARTindex"	489362	0	0	0	0	0	0	0	0	0	0	0	"TRIMMER0085_P74"	"P74_G11"	"G11"	"N106/43.1"	7.7	15	""	NA	NA	NA	"87-SMARTindex"	"GGCCAATCAGTGGTATCAACGCAGAGTACA"	0	0	0	0	0	0	0	0	"N106/43.1"	1	2021	3	7	"monoclonal"	NA	NA	NA	0
"TRIMMER0085_P74"	"L"	"87-SMARTindex"	489362	2	0	0	0	2	0	1	1	0	2	1	"TRIMMER0085_P74"	"P74_G11"	"G11"	"N106/43.1"	7.7	15	""	NA	NA	NA	"87-SMARTindex"	"GGCCAATCAGTGGTATCAACGCAGAGTACA"	0	0	0.000408694568244841	66.6666666666667	33.3333333333333	2	0	0	"N106/43.1"	1	2021	3	7	"monoclonal"	NA	NA	NA	0
"TRIMMER0085_P74"	"H"	"55-SMARTindex"	489362	0	0	0	0	0	0	0	0	0	0	0	"TRIMMER0085_P74"	"P74_G7"	"G7"	"L100/1.1 + N324/2.1"	70	15	""	NA	NA	NA	"55-SMARTindex"	"ACAACGTACAGTGGTATCAACGCAGAGTACA"	0	0	0	0	0	0	0	0	"L100/1.1 + N324/2.1"	0	2021	3	7	"monoclonal"	NA	NA	NA	0
"TRIMMER0085_P74"	"L"	"55-SMARTindex"	489362	3	0	0	0	3	0	1	2	0	3	2	"TRIMMER0085_P74"	"P74_G7"	"G7"	"L100/1.1 + N324/2.1"	70	15	""	NA	NA	NA	"55-SMARTindex"	"ACAACGTACAGTGGTATCAACGCAGAGTACA"	0	0	0.000613041852367261	75	50	3	0	0	"L100/1.1 + N324/2.1"	0	2021	3	7	"monoclonal"	NA	NA	NA	0
"TRIMMER0085_P74"	"H"	"16-SMARTindex"	489362	0	0	0	0	0	0	0	0	0	0	0	"TRIMMER0085_P74"	"P74_H2"	"H2"	"N176A/35.1 + N155/9.2"	53.3	15	""	NA	NA	NA	"16-SMARTindex"	"TACCTTACAGTGGTATCAACGCAGAGTACA"	0	0	0	0	0	0	0	0	"N176A/35.1 + N155/9.2"	0	2021	3	7	"monoclonal"	NA	NA	NA	0
"TRIMMER0085_P74"	"L"	"16-SMARTindex"	489362	0	0	0	0	0	0	0	0	0	0	0	"TRIMMER0085_P74"	"P74_H2"	"H2"	"N176A/35.1 + N155/9.2"	53.3	15	""	NA	NA	NA	"16-SMARTindex"	"TACCTTACAGTGGTATCAACGCAGAGTACA"	0	0	0	0	0	0	0	0	"N176A/35.1 + N155/9.2"	0	2021	3	7	"monoclonal"	NA	NA	NA	0
"TRIMMER0085_P74"	"H"	"56-SMARTindex"	489362	0	0	0	0	0	0	0	0	0	0	0	"TRIMMER0085_P74"	"P74_H7"	"H7"	"L100/1.1 + N324/2.1"	24	15	""	NA	NA	NA	"56-SMARTindex"	"ATATCCTACAGTGGTATCAACGCAGAGTACA"	0	0	0	0	0	0	0	0	"L100/1.1 + N324/2.1"	0	2021	3	7	"monoclonal"	NA	NA	NA	0
"TRIMMER0085_P74"	"L"	"56-SMARTindex"	489362	2	0	0	0	2	1	0	2	0	2	1	"TRIMMER0085_P74"	"P74_H7"	"H7"	"L100/1.1 + N324/2.1"	24	15	""	NA	NA	NA	"56-SMARTindex"	"ATATCCTACAGTGGTATCAACGCAGAGTACA"	0	0	0.000408694568244841	66.6666666666667	33.3333333333333	1	0	0	"L100/1.1 + N324/2.1"	0	2021	3	7	"monoclonal"	NA	NA	NA	0
"TRIMMER0086_P75"	"H"	"49-SMARTindex"	386039	0	0	0	0	0	0	0	0	0	0	0	"TRIMMER0086_P75"	"P75_A7"	"A7"	"N326D/13.1"	22.7	15	""	NA	NA	NA	NA	NA	0	0	0	0	0	0	0	0	"N326D/13.1"	3	2021	3	7	"monoclonal"	NA	NA	NA	0
"TRIMMER0086_P75"	"L"	"49-SMARTindex"	386039	0	0	0	0	0	0	0	0	0	0	0	"TRIMMER0086_P75"	"P75_A7"	"A7"	"N326D/13.1"	22.7	15	""	NA	NA	NA	NA	NA	0	0	0	0	0	0	0	0	"N326D/13.1"	3	2021	3	7	"monoclonal"	NA	NA	NA	0
"TRIMMER0086_P75"	"H"	"90-SMARTindex"	386039	0	0	0	0	0	0	0	0	0	0	0	"TRIMMER0086_P75"	"P75_B12"	"B12"	"N126B/31.1"	25.3	15	""	NA	NA	NA	NA	NA	0	0	0	0	0	0	0	0	"N126B/31.1"	1	2021	3	7	"monoclonal"	NA	NA	NA	0
"TRIMMER0086_P75"	"L"	"90-SMARTindex"	386039	1	0	0	0	1	1	0	1	0	1	1	"TRIMMER0086_P75"	"P75_B12"	"B12"	"N126B/31.1"	25.3	15	""	NA	NA	NA	NA	NA	0	0	0.00025904051393638	50	50	0	0	0	"N126B/31.1"	1	2021	3	7	"monoclonal"	NA	NA	NA	0
"TRIMMER0086_P75"	"H"	"53-SMARTindex"	386039	1	1	0	0	0	0	0	1	0	1	1	"TRIMMER0086_P75"	"P75_E7"	"E7"	"N348/82.1"	24	15	""	NA	NA	NA	NA	NA	0	0	0.00025904051393638	50	50	1	0	0	"N348/82.1"	1	2021	3	7	"monoclonal"	NA	NA	NA	0
"TRIMMER0086_P75"	"L"	"53-SMARTindex"	386039	3	0	0	0	3	1	1	2	0	3	2	"TRIMMER0086_P75"	"P75_E7"	"E7"	"N348/82.1"	24	15	""	NA	NA	NA	NA	NA	0	0	0.000777121541809139	75	50	2	0	0	"N348/82.1"	1	2021	3	7	"monoclonal"	NA	NA	NA	0
"TRIMMER0086_P75"	"H"	"64-SMARTindex"	386039	0	0	0	0	0	0	0	0	0	0	0	"TRIMMER0086_P75"	"P75_H8"	"H8"	"N388A/10.2"	31.3	15	""	NA	NA	NA	NA	NA	0	0	0	0	0	0	0	0	"N388A/10.2"	1	2021	3	7	"monoclonal"	NA	NA	NA	0
"TRIMMER0086_P75"	"L"	"64-SMARTindex"	386039	1	0	0	0	1	0	0	1	0	1	1	"TRIMMER0086_P75"	"P75_H8"	"H8"	"N388A/10.2"	31.3	15	""	NA	NA	NA	NA	NA	0	0	0.00025904051393638	50	50	1	0	0	"N388A/10.2"	1	2021	3	7	"monoclonal"	NA	NA	NA	0
"TRIMMER0019_P9"	"H"	"68-SMARTindex"	1251720	2	2	0	0	0	0	0	1	1	1	1	"TRIMMER0019_P9"	"P9_D9"	"D9"	"N452/81.1.3"	17.8	20	""	1.23	NA	NA	"68-SMARTindex"	"CCAATTCAGTGGTATCAACGCAGAGTACA"	0	0	0.000159780014875519	33.3333333333333	33.3333333333333	2	0	0	"N452/81.1.3"	2	2020	5	10	"monoclonal"	NA	NA	NA	0
"TRIMMER0019_P9"	"L"	"68-SMARTindex"	1251720	4	0	0	0	4	2	0	3	1	3	2	"TRIMMER0019_P9"	"P9_D9"	"D9"	"N452/81.1.3"	17.8	20	""	1.23	NA	NA	"68-SMARTindex"	"CCAATTCAGTGGTATCAACGCAGAGTACA"	0	0	0.000319560029751039	60	40	2	0	0	"N452/81.1.3"	2	2020	5	10	"monoclonal"	NA	NA	NA	0
"TRIMMER0069_PDP1"	"H"	"49-SMARTindex"	2337556	0	0	0	0	0	0	0	0	0	0	0	"TRIMMER0069_PDP1"	"PDP1_A7"	"A7"	"N279/5.6"	10	15	"previously sequenced as P10_C5"	NA	NA	NA	"49-SMARTindex"	"GTGCCATACAGTGGTATCAACGCAGAGTACA"	0	0	0	0	0	0	0	0	"N279/5.6"	2	2020	9	25	"monoclonal"	NA	NA	NA	0
"TRIMMER0069_PDP1"	"L"	"49-SMARTindex"	2337556	1	0	0	0	1	1	0	0	1	0	0	"TRIMMER0069_PDP1"	"PDP1_A7"	"A7"	"N279/5.6"	10	15	"previously sequenced as P10_C5"	NA	NA	NA	"49-SMARTindex"	"GTGCCATACAGTGGTATCAACGCAGAGTACA"	0	0	4.27797054788397e-05	0	0	0	0	0	"N279/5.6"	2	2020	9	25	"monoclonal"	NA	NA	NA	0
"TRIMMER0069_PDP1"	"H"	"50-SMARTindex"	2337556	0	0	0	0	0	0	0	0	0	0	0	"TRIMMER0069_PDP1"	"PDP1_B7"	"B7"	"L114/13.3"	10	15	"previously sequenced as P11_H5"	NA	NA	NA	"50-SMARTindex"	"TCGAGGTACAGTGGTATCAACGCAGAGTACA"	0	0	0	0	0	0	0	0	"L114/13.3"	2	2020	9	25	"monoclonal"	NA	NA	NA	0
"TRIMMER0069_PDP1"	"L"	"50-SMARTindex"	2337556	0	0	0	0	0	0	0	0	0	0	0	"TRIMMER0069_PDP1"	"PDP1_B7"	"B7"	"L114/13.3"	10	15	"previously sequenced as P11_H5"	NA	NA	NA	"50-SMARTindex"	"TCGAGGTACAGTGGTATCAACGCAGAGTACA"	0	0	0	0	0	0	0	0	"L114/13.3"	2	2020	9	25	"monoclonal"	NA	NA	NA	0
"TRIMMER0069_PDP1"	"H"	"35-SMARTindex"	2337556	0	0	0	0	0	0	0	0	0	0	0	"TRIMMER0069_PDP1"	"PDP1_C5"	"C5"	"N387/20.1"	10	15	"previously sequenced as P20_E8"	NA	NA	NA	"35-SMARTindex"	"GTTACCAACAGTGGTATCAACGCAGAGTACA"	0	0	0	0	0	0	0	0	"N387/20.1"	2	2020	9	25	"monoclonal"	NA	NA	NA	0
"TRIMMER0069_PDP1"	"L"	"35-SMARTindex"	2337556	7	0	0	1	6	5	2	5	0	7	5	"TRIMMER0069_PDP1"	"PDP1_C5"	"C5"	"N387/20.1"	10	15	"previously sequenced as P20_E8"	NA	NA	NA	"35-SMARTindex"	"GTTACCAACAGTGGTATCAACGCAGAGTACA"	0	0	0.000299457938351878	87.5	62.5	2	0	0	"N387/20.1"	2	2020	9	25	"monoclonal"	NA	NA	NA	0
"TRIMMER0069_PDP1"	"H"	"51-SMARTindex"	2337556	0	0	0	0	0	0	0	0	0	0	0	"TRIMMER0069_PDP1"	"PDP1_C7"	"C7"	"N387/20.3"	10	15	"previously sequenced as P20_F10"	NA	NA	NA	"51-SMARTindex"	"CACTAATACAGTGGTATCAACGCAGAGTACA"	0	0	0	0	0	0	0	0	"N387/20.3"	2	2020	9	25	"monoclonal"	NA	NA	NA	0
"TRIMMER0069_PDP1"	"L"	"51-SMARTindex"	2337556	0	0	0	0	0	0	0	0	0	0	0	"TRIMMER0069_PDP1"	"PDP1_C7"	"C7"	"N387/20.3"	10	15	"previously sequenced as P20_F10"	NA	NA	NA	"51-SMARTindex"	"CACTAATACAGTGGTATCAACGCAGAGTACA"	0	0	0	0	0	0	0	0	"N387/20.3"	2	2020	9	25	"monoclonal"	NA	NA	NA	0
"TRIMMER0069_PDP1"	"H"	"52-SMARTindex"	2337556	1	1	0	0	0	0	0	0	1	0	0	"TRIMMER0069_PDP1"	"PDP1_D7"	"D7"	"L126/56.2"	10	15	"previously sequenced as P28_H5"	NA	NA	NA	"52-SMARTindex"	"GGTATATACAGTGGTATCAACGCAGAGTACA"	0	0	4.27797054788397e-05	0	0	1	0	0	"L126/56.2"	2	2020	9	25	"monoclonal"	NA	NA	NA	0
"TRIMMER0069_PDP1"	"L"	"52-SMARTindex"	2337556	1	0	0	0	1	1	0	0	1	0	0	"TRIMMER0069_PDP1"	"PDP1_D7"	"D7"	"L126/56.2"	10	15	"previously sequenced as P28_H5"	NA	NA	NA	"52-SMARTindex"	"GGTATATACAGTGGTATCAACGCAGAGTACA"	0	0	4.27797054788397e-05	0	0	0	0	0	"L126/56.2"	2	2020	9	25	"monoclonal"	NA	NA	NA	0
"TRIMMER0069_PDP1"	"H"	"53-SMARTindex"	2337556	1	1	0	0	0	0	0	0	1	0	0	"TRIMMER0069_PDP1"	"PDP1_E7"	"E7"	"N474/64.1"	10	15	"previously sequenced as P30_D9"	NA	NA	NA	"53-SMARTindex"	"CGCCTGTACAGTGGTATCAACGCAGAGTACA"	0	0	4.27797054788397e-05	0	0	1	0	0	"N474/64.1"	2	2020	9	25	"monoclonal"	NA	NA	NA	0
"TRIMMER0069_PDP1"	"L"	"53-SMARTindex"	2337556	0	0	0	0	0	0	0	0	0	0	0	"TRIMMER0069_PDP1"	"PDP1_E7"	"E7"	"N474/64.1"	10	15	"previously sequenced as P30_D9"	NA	NA	NA	"53-SMARTindex"	"CGCCTGTACAGTGGTATCAACGCAGAGTACA"	0	0	0	0	0	0	0	0	"N474/64.1"	2	2020	9	25	"monoclonal"	NA	NA	NA	0
"TRIMMER0069_PDP1"	"H"	"54-SMARTindex"	2337556	1	1	0	0	0	0	0	0	1	0	0	"TRIMMER0069_PDP1"	"PDP1_F7"	"F7"	"N78/28.1"	10	15	"previously sequenced as P31_E6"	NA	NA	NA	"54-SMARTindex"	"AATGAATACAGTGGTATCAACGCAGAGTACA"	0	0	4.27797054788397e-05	0	0	1	0	0	"N78/28.1"	2	2020	9	25	"monoclonal"	NA	NA	NA	0
"TRIMMER0069_PDP1"	"L"	"54-SMARTindex"	2337556	1	0	0	0	1	1	0	0	1	0	0	"TRIMMER0069_PDP1"	"PDP1_F7"	"F7"	"N78/28.1"	10	15	"previously sequenced as P31_E6"	NA	NA	NA	"54-SMARTindex"	"AATGAATACAGTGGTATCAACGCAGAGTACA"	0	0	4.27797054788397e-05	0	0	0	0	0	"N78/28.1"	2	2020	9	25	"monoclonal"	NA	NA	NA	0
"TRIMMER0069_PDP1"	"H"	"55-SMARTindex"	2337556	0	0	0	0	0	0	0	0	0	0	0	"TRIMMER0069_PDP1"	"PDP1_G7"	"G7"	"N267/52.1"	10	15	"previously sequenced as P33_C9"	NA	NA	NA	"55-SMARTindex"	"ACAACGTACAGTGGTATCAACGCAGAGTACA"	0	0	0	0	0	0	0	0	"N267/52.1"	2	2020	9	25	"monoclonal"	NA	NA	NA	0
"TRIMMER0069_PDP1"	"L"	"55-SMARTindex"	2337556	2	0	0	0	2	0	0	0	2	0	0	"TRIMMER0069_PDP1"	"PDP1_G7"	"G7"	"N267/52.1"	10	15	"previously sequenced as P33_C9"	NA	NA	NA	"55-SMARTindex"	"ACAACGTACAGTGGTATCAACGCAGAGTACA"	0	0	8.55594109576793e-05	0	0	2	0	0	"N267/52.1"	2	2020	9	25	"monoclonal"	NA	NA	NA	0
"TRIMMER0069_PDP1"	"H"	"56-SMARTindex"	2337556	0	0	0	0	0	0	0	0	0	0	0	"TRIMMER0069_PDP1"	"PDP1_H7"	"H7"	"N117/11.1"	10	15	"previously sequenced as P34_G2"	NA	NA	NA	"56-SMARTindex"	"ATATCCTACAGTGGTATCAACGCAGAGTACA"	0	0	0	0	0	0	0	0	"N117/11.1"	2	2020	9	25	"monoclonal"	NA	NA	NA	0
"TRIMMER0069_PDP1"	"L"	"56-SMARTindex"	2337556	1	0	0	0	1	1	0	0	1	0	0	"TRIMMER0069_PDP1"	"PDP1_H7"	"H7"	"N117/11.1"	10	15	"previously sequenced as P34_G2"	NA	NA	NA	"56-SMARTindex"	"ATATCCTACAGTGGTATCAACGCAGAGTACA"	0	0	4.27797054788397e-05	0	0	0	0	0	"N117/11.1"	2	2020	9	25	"monoclonal"	NA	NA	NA	0
"TRIMMER0070_PDP2"	"H"	"68-SMARTindex"	2498629	0	0	0	0	0	0	0	0	0	0	0	"TRIMMER0070_PDP2"	"PDP2_D9"	"D9"	"N137/41.1"	10	15	NA	NA	NA	NA	"68-SMARTindex"	"CCAATTCAGTGGTATCAACGCAGAGTACA"	0	0	0	0	0	0	0	0	"L49/20.1"	2	2020	9	25	"monoclonal"	NA	NA	NA	0
"TRIMMER0070_PDP2"	"L"	"68-SMARTindex"	2498629	1	0	0	0	1	1	0	1	0	1	1	"TRIMMER0070_PDP2"	"PDP2_D9"	"D9"	"N137/41.1"	10	15	NA	NA	NA	NA	"68-SMARTindex"	"CCAATTCAGTGGTATCAACGCAGAGTACA"	0	0	4.00219320187463e-05	50	50	0	0	0	"L49/20.1"	2	2020	9	25	"monoclonal"	NA	NA	NA	0
"TRIMMER0073_PS1"	"H"	"76-SMARTindex"	2748584	2	2	0	0	0	0	0	2	0	2	2	"TRIMMER0073_PS1"	"PS1_D10"	"D10"	"N471/27.9"	10	15	"Copy of sample sequenced before (Plates 15-18)"	NA	NA	NA	"76-SMARTindex"	"ATGGCGACAGTGGTATCAACGCAGAGTACA"	0	0	7.27647134798451e-05	66.6666666666667	66.6666666666667	2	0	0	"L121/27.9"	3	2020	9	25	"monoclonal"	NA	NA	NA	0
"TRIMMER0073_PS1"	"L"	"76-SMARTindex"	2748584	5	0	0	0	5	4	0	4	1	4	4	"TRIMMER0073_PS1"	"PS1_D10"	"D10"	"N471/27.9"	10	15	"Copy of sample sequenced before (Plates 15-18)"	NA	NA	NA	"76-SMARTindex"	"ATGGCGACAGTGGTATCAACGCAGAGTACA"	0	0	0.000181911783699613	66.6666666666667	66.6666666666667	1	0	0	"L121/27.9"	3	2020	9	25	"monoclonal"	NA	NA	NA	0
"TRIMMER0073_PS1"	"H"	"47-SMARTindex"	2748584	0	0	0	0	0	0	0	0	0	0	0	"TRIMMER0073_PS1"	"PS1_G6"	"G6"	"K89/19.1"	10	15	"Copy of sample sequenced before (Plates 15-18)"	NA	NA	NA	"47-SMARTindex"	"GCATGGATCAGTGGTATCAACGCAGAGTACA"	0	0	0	0	0	0	0	0	"K89/19.1"	2	2020	9	25	"monoclonal"	NA	NA	NA	0
"TRIMMER0073_PS1"	"L"	"47-SMARTindex"	2748584	0	0	0	0	0	0	0	0	0	0	0	"TRIMMER0073_PS1"	"PS1_G6"	"G6"	"K89/19.1"	10	15	"Copy of sample sequenced before (Plates 15-18)"	NA	NA	NA	"47-SMARTindex"	"GCATGGATCAGTGGTATCAACGCAGAGTACA"	0	0	0	0	0	0	0	0	"K89/19.1"	2	2020	9	25	"monoclonal"	NA	NA	NA	0
"TRIMMER0073_PS1"	"H"	"48-SMARTindex"	2748584	0	0	0	0	0	0	0	0	0	0	0	"TRIMMER0073_PS1"	"PS1_H6"	"H6"	"L108/92.2"	10	15	"Copy of sample sequenced before (Plates 15-18)"	NA	NA	NA	"48-SMARTindex"	"AATAGCATCAGTGGTATCAACGCAGAGTACA"	0	0	0	0	0	0	0	0	"L108/92.2"	3	2020	9	25	"monoclonal"	NA	NA	NA	0
"TRIMMER0073_PS1"	"L"	"48-SMARTindex"	2748584	4	0	0	0	4	1	0	2	2	2	2	"TRIMMER0073_PS1"	"PS1_H6"	"H6"	"L108/92.2"	10	15	"Copy of sample sequenced before (Plates 15-18)"	NA	NA	NA	"48-SMARTindex"	"AATAGCATCAGTGGTATCAACGCAGAGTACA"	0	0	0.00014552942695969	40	40	3	0	0	"L108/92.2"	3	2020	9	25	"monoclonal"	NA	NA	NA	0
"TRIMMER0074_PS2"	"H"	"89-SMARTindex"	3869822	3	3	0	0	0	0	1	2	0	3	2	"TRIMMER0074_PS2"	"PS2_A12"	"A12"	"L28/9.1"	10	15	"Previously sequenced in plates 18-22"	NA	NA	NA	"89-SMARTindex"	"CGCGGACAGTGGTATCAACGCAGAGTACA"	0	0	7.75229254671338e-05	75	50	3	0	0	"L28/9.1"	2	2020	9	25	"monoclonal"	NA	NA	NA	0
"TRIMMER0074_PS2"	"L"	"89-SMARTindex"	3869822	2	0	0	0	2	2	0	1	1	1	1	"TRIMMER0074_PS2"	"PS2_A12"	"A12"	"L28/9.1"	10	15	"Previously sequenced in plates 18-22"	NA	NA	NA	"89-SMARTindex"	"CGCGGACAGTGGTATCAACGCAGAGTACA"	0	0	5.16819503114225e-05	33.3333333333333	33.3333333333333	0	0	0	"L28/9.1"	2	2020	9	25	"monoclonal"	NA	NA	NA	0
"TRIMMER0074_PS2"	"H"	"90-SMARTindex"	3869822	2	2	0	0	0	0	0	2	0	2	1	"TRIMMER0074_PS2"	"PS2_B12"	"B12"	"L86/2.1"	10	15	"Previously sequenced in plates 18-22"	NA	NA	NA	"90-SMARTindex"	"CCTGCTCAGTGGTATCAACGCAGAGTACA"	0	0	5.16819503114225e-05	66.6666666666667	33.3333333333333	2	0	0	"L86/2.1"	2	2020	9	25	"monoclonal"	NA	NA	NA	0
"TRIMMER0074_PS2"	"L"	"90-SMARTindex"	3869822	2	0	0	0	2	2	1	1	0	2	1	"TRIMMER0074_PS2"	"PS2_B12"	"B12"	"L86/2.1"	10	15	"Previously sequenced in plates 18-22"	NA	NA	NA	"90-SMARTindex"	"CCTGCTCAGTGGTATCAACGCAGAGTACA"	0	0	5.16819503114225e-05	66.6666666666667	33.3333333333333	0	0	0	"L86/2.1"	2	2020	9	25	"monoclonal"	NA	NA	NA	0
"TRIMMER0074_PS2"	"H"	"03-SMARTindex"	3869822	4	4	0	0	0	0	2	1	1	3	1	"TRIMMER0074_PS2"	"PS2_C1"	"C1"	"L86/14.1"	10	15	"Previously sequenced in plates 18-22"	NA	NA	NA	"03-SMARTindex"	"ACCAGTCAGTGGTATCAACGCAGAGTACA"	0	0	0.000103363900622845	60	20	4	0	0	"L86/14.1"	2	2020	9	25	"monoclonal"	NA	NA	NA	0
"TRIMMER0074_PS2"	"L"	"03-SMARTindex"	3869822	1	0	0	0	1	0	0	1	0	1	1	"TRIMMER0074_PS2"	"PS2_C1"	"C1"	"L86/14.1"	10	15	"Previously sequenced in plates 18-22"	NA	NA	NA	"03-SMARTindex"	"ACCAGTCAGTGGTATCAACGCAGAGTACA"	0	0	2.58409751557113e-05	50	50	1	0	0	"L86/14.1"	2	2020	9	25	"monoclonal"	NA	NA	NA	0
"TRIMMER0074_PS2"	"H"	"91-SMARTindex"	3869822	0	0	0	0	0	0	0	0	0	0	0	"TRIMMER0074_PS2"	"PS2_C12"	"C12"	"L48A/9.2"	10	15	"Previously sequenced in plates 18-22"	NA	NA	NA	"91-SMARTindex"	"GCGCTGCAGTGGTATCAACGCAGAGTACA"	0	0	0	0	0	0	0	0	"L48A/09.2"	3	2020	9	25	"monoclonal"	NA	NA	NA	0
"TRIMMER0074_PS2"	"L"	"91-SMARTindex"	3869822	0	0	0	0	0	0	0	0	0	0	0	"TRIMMER0074_PS2"	"PS2_C12"	"C12"	"L48A/9.2"	10	15	"Previously sequenced in plates 18-22"	NA	NA	NA	"91-SMARTindex"	"GCGCTGCAGTGGTATCAACGCAGAGTACA"	0	0	0	0	0	0	0	0	"L48A/09.2"	3	2020	9	25	"monoclonal"	NA	NA	NA	0
"TRIMMER0074_PS2"	"H"	"92-SMARTindex"	3869822	3	3	0	0	0	0	0	2	1	2	2	"TRIMMER0074_PS2"	"PS2_D12"	"D12"	"N387/20.3"	10	15	"Previously sequenced in plates 18-22"	NA	NA	NA	"92-SMARTindex"	"GAACCTCAGTGGTATCAACGCAGAGTACA"	0	0	7.75229254671338e-05	50	50	3	0	0	"N387/20.3"	2	2020	9	25	"monoclonal"	NA	NA	NA	0
"TRIMMER0074_PS2"	"L"	"92-SMARTindex"	3869822	4	0	0	0	4	2	0	4	0	4	4	"TRIMMER0074_PS2"	"PS2_D12"	"D12"	"N387/20.3"	10	15	"Previously sequenced in plates 18-22"	NA	NA	NA	"92-SMARTindex"	"GAACCTCAGTGGTATCAACGCAGAGTACA"	0	0	0.000103363900622845	80	80	2	0	0	"N387/20.3"	2	2020	9	25	"monoclonal"	NA	NA	NA	0
"TRIMMER0075_PS3"	"H"	"50-SMARTindex"	3621378	7	7	0	0	0	0	2	4	1	6	3	"TRIMMER0075_PS3"	"PS3_B7"	"B7"	"N112/16.1"	10	15	"Previously sequenced in plates 22-26"	NA	NA	NA	"50-SMARTindex"	"TCGAGGTACAGTGGTATCAACGCAGAGTACA"	0	0	0.000193296531514652	75	37.5	7	0	0	"N112/16.1"	2	2020	9	25	"monoclonal"	NA	NA	NA	0
"TRIMMER0075_PS3"	"L"	"50-SMARTindex"	3621378	6	0	0	0	6	3	1	5	0	6	4	"TRIMMER0075_PS3"	"PS3_B7"	"B7"	"N112/16.1"	10	15	"Previously sequenced in plates 22-26"	NA	NA	NA	"50-SMARTindex"	"TCGAGGTACAGTGGTATCAACGCAGAGTACA"	0	0	0.000165682741298273	85.7142857142857	57.1428571428571	3	0	0	"N112/16.1"	2	2020	9	25	"monoclonal"	NA	NA	NA	0
