Sample_Name	plate	SMARTindex	MabID	Chain	ChainID	ASVcount	PctSupport	TotalReads	Sequencing	ASV	DuplicatedIn	chain_type	e-value	score	seqstart_index	seqend_index	scheme	frame	AA	numbering	domain
PRnD_N1	PRnD	01-SMARTindex	K91/36.2	HC	PRnD_N1.HC1	1005	91.9	1094	Illumina	AACCTATGATCAGTATCCTCTCAACAGTCCCTGAACACACTGACTCTCACCATGGAATGGAGCGGAGTCTTTATCTTTCTCCTGTCAGTAACTGCAGGTGTTCACTCCCAGGTCCAGCTGCAGCAGTCTGGAGCTGAGTTGGTAAGGCCTGGGACTTCAGTGAAGGTGTCCTGCAAGGCTTCTGGATACGCCTTCACTAATTACTTCATAGAGTGGGTAAAACAGAGGCCTGGACAGGGCCTTGAGTGGATTGGAGTGATTAATCCTGGAAGTGGCGGTACTAAGTTTAATGAGAAGTTCAAGGGCAAGGCTACACTGACTGCAGACAAATCCTCCAGCACTGCCTACATACAGCTCAGCAGCCTGACATCTGATGACTCTGCGGTCTATTTCTGTGCAAGATATAGGTATGATTATGCTATAGACTACTGGGGTCAAGGAACCTCAGTCACCGTCTCCTCA		H	6.1E-57	182.1	33	150	imgt	0	NL*SVSSQQSLNTLTLTMEWSGVFIFLLSVTAGVHS`QVQLQQSGAELVRPGTSVKVSCKASGYAFTNYFIEWVKQRPGQGLEWIGVINPGSGGTKFNEKFKGKATLTADKSSSTAYIQLSSLTSDDSAVYFCARYRYDYAIDYWGQGTSVTVS`S	1,2,3,4,5,6,7,8,9,10,11,12,13,14,15,16,17,18,19,20,21,22,23,24,25,26,27,28,29,30,31,32,33,34,35,36,37,38,39,40,41,42,43,44,45,46,47,48,49,50,51,52,53,54,55,56,57,58,59,60,61,62,63,64,65,66,67,68,69,70,71,72,73,74,75,76,77,78,79,80,81,82,83,84,85,86,87,88,89,90,91,92,93,94,95,96,97,98,99,100,101,102,103,104,105,106,107,108,109,110,111,112,113,114,115,116,117,118,119,120,121,122,123,124,125,126,127,128	Q,V,Q,L,Q,Q,S,G,A,-,E,L,V,R,P,G,T,S,V,K,V,S,C,K,A,S,G,Y,A,F,-,-,-,-,T,N,Y,F,I,E,W,V,K,Q,R,P,G,Q,G,L,E,W,I,G,V,I,N,P,G,-,-,S,G,G,T,K,F,N,E,K,F,K,-,G,K,A,T,L,T,A,D,K,S,S,S,T,A,Y,I,Q,L,S,S,L,T,S,D,D,S,A,V,Y,F,C,A,R,Y,R,Y,D,-,-,Y,A,I,D,Y,W,G,Q,G,T,S,V,T,V,S,S
PRnD_N2	PRnD	03-SMARTindex	L28/4.1	HC	PRnD_N2.HC1	1617	96.7	1672	Illumina	ATATGAGCCCTATCTTCTCTACAGACACTGAATCTCAAGGTCCTTACAATGAAATGCAGCTGGGTTATCTTCTTCCTGATGGCAGTGGTTACAGGGGTCAATTCAGAGGTTCAGCTGCAGCAGTCTGGGGCAGAGCTTGTGAAGCCAGGGGCCTCAGTCAAGTTGTCCTGCACAGCTTCTGGCTTCAACATTAAAGACACCTATATGCACTGGGTGAAGCAGAGGCCTGAACAGGGCCTGGAGTGGATTGGAAGGATTGATCCTGCGAATGGTAATACTGATTATGACCCGAAGTTCCAGGTCAAGGCCACTATAACAGCAGACACATCCTCCAACACAGCCTACCTGCAGCTCAGCAGCCTGACATCTGAGGACACTGCCGTCTATTACTGTGCTAGAAGCTGGGTCTTTGACTACTGGGGCCAAGGCACCACTCTCACAGTCTCCTCA		H	1.5E-57	184.1	33	147	imgt	0	I*ALSSLQTLNLKVLTMKCSWVIFFLMAVVTGVNS`EVQLQQSGAELVKPGASVKLSCTASGFNIKDTYMHWVKQRPEQGLEWIGRIDPANGNTDYDPKFQVKATITADTSSNTAYLQLSSLTSEDTAVYYCARSWVFDYWGQGTTLTVS`S	1,2,3,4,5,6,7,8,9,10,11,12,13,14,15,16,17,18,19,20,21,22,23,24,25,26,27,28,29,30,31,32,33,34,35,36,37,38,39,40,41,42,43,44,45,46,47,48,49,50,51,52,53,54,55,56,57,58,59,60,61,62,63,64,65,66,67,68,69,70,71,72,73,74,75,76,77,78,79,80,81,82,83,84,85,86,87,88,89,90,91,92,93,94,95,96,97,98,99,100,101,102,103,104,105,106,107,108,109,110,111,112,113,114,115,116,117,118,119,120,121,122,123,124,125,126,127,128	E,V,Q,L,Q,Q,S,G,A,-,E,L,V,K,P,G,A,S,V,K,L,S,C,T,A,S,G,F,N,I,-,-,-,-,K,D,T,Y,M,H,W,V,K,Q,R,P,E,Q,G,L,E,W,I,G,R,I,D,P,A,-,-,N,G,N,T,D,Y,D,P,K,F,Q,-,V,K,A,T,I,T,A,D,T,S,S,N,T,A,Y,L,Q,L,S,S,L,T,S,E,D,T,A,V,Y,Y,C,A,R,S,W,-,-,-,-,-,V,F,D,Y,W,G,Q,G,T,T,L,T,V,S,S
PRnD_N3	PRnD	04-SMARTindex	L43/40.1	HC	PRnD_N3.HC1	892	99.4	897	Illumina	AAACAGCATATGATCAGTGTCCTCTCCAAAGTCCTTGAACATAGACTCTAACCATGGAATGGACCTGGGTCTTTCTCTTCCTCCTGTCAGTAACTGCAGGTGTCCACTCCCAGGTTCAGCTGCAGCAGTCTGGAGCTGAACTGATGAAGCCTGGGGCCTCAGTGAAGATATCCTGCAAGGCAACTGGCTACACATTCAGTAGGTCCTGGATAGAGTGGATAAAACAGAGGCCTGGACATGGCCTTGAGTGGATTGGAGAGATTTTACCTGGAAGTGGTAGAACTGAGTACAATGAGAAGTTCAAGGGCAAGGCCTCATTCACTGCAGATACATCCTCCAATACAGCCTACATGCAACTCAGCAGCCTGACATCTGAGGACTCTGCCGTCTATTACTGTGCCGCCGCCTCTCTGCTGGGCCAAGGCACCACTCTCACGGTCTCTTTA		H	1.2E-50	161.8	22	133	imgt	2	TAYDQCPLQSP*T*TLTMEWTWVFLFLLSVTAGVHS`QVQLQQSGAELMKPGASVKISCKATGYTFSRSWIEWIKQRPGHGLEWIGEILPGSGRTEYNEKFKGKASFTADTSSNTAYMQLSSLTSEDSAVYYCAAASLLGQGTTLTVS`L	1,2,3,4,5,6,7,8,9,10,11,12,13,14,15,16,17,18,19,20,21,22,23,24,25,26,27,28,29,30,31,32,33,34,35,36,37,38,39,40,41,42,43,44,45,46,47,48,49,50,51,52,53,54,55,56,57,58,59,60,61,62,63,64,65,66,67,68,69,70,71,72,73,74,75,76,77,78,79,80,81,82,83,84,85,86,87,88,89,90,91,92,93,94,95,96,97,98,99,100,101,102,103,104,105,106,107,108,109,110,111,112,113,114,115,116,117,118,119,120,121,122,123,124,125,126,127,128	Q,V,Q,L,Q,Q,S,G,A,-,E,L,M,K,P,G,A,S,V,K,I,S,C,K,A,T,G,Y,T,F,-,-,-,-,S,R,S,W,I,E,W,I,K,Q,R,P,G,H,G,L,E,W,I,G,E,I,L,P,G,-,-,S,G,R,T,E,Y,N,E,K,F,K,-,G,K,A,S,F,T,A,D,T,S,S,N,T,A,Y,M,Q,L,S,S,L,T,S,E,D,S,A,V,Y,Y,C,A,A,A,-,-,-,-,-,-,-,-,S,L,L,G,Q,G,T,T,L,T,V,S,L
PRnD_N4	PRnD	05-SMARTindex	L111/118.3	HC	PRnD_N4.HC1	852	99.5	856	Illumina	AAAACATGAGATCACAGTTCTCTCTACAGTTACTGAGCACACAGGACCTCACCATGGGATGGAGCTATGTCATTTTCTTTTTGGTAGCAACAGCTACAGGTGTCCACTCCCAGGTCCAACTCCAGCAGCCTGGGGCTGAACTGGTGAAGCCTGGGGCTTCAGTGAAGTTGTCCTGCAAGGCTTCTGGCTTCACCTTCACCAGATACTGGATGCACTGGGTGAAGCTGAGGCCTGGACAAGGCTTTGAGTGGATTGGAGAGATTAATCCTAGCCATGGTGGTACTACCTACAATGAGAAATTCAAAAGAAAGGCCGCACTGACTGTAGACAAATCCTCCAGCACAGCCTACATGCAACTCAACAGCCTGACATCTGAGGACTCTGCGGTCTATTACTGTTCAATTTGGGATTCCTACTTTGACTACTGGGGCCAAGGCACCACTCTCACAGTCTCCTCA		H	2E-56	180.4	36	151	imgt	2	NMRSQFSLQLLSTQDLTMGWSYVIFFLVATATGVHS`QVQLQQPGAELVKPGASVKLSCKASGFTFTRYWMHWVKLRPGQGFEWIGEINPSHGGTTYNEKFKRKAALTVDKSSSTAYMQLNSLTSEDSAVYYCSIWDSYFDYWGQGTTLTVS`S	1,2,3,4,5,6,7,8,9,10,11,12,13,14,15,16,17,18,19,20,21,22,23,24,25,26,27,28,29,30,31,32,33,34,35,36,37,38,39,40,41,42,43,44,45,46,47,48,49,50,51,52,53,54,55,56,57,58,59,60,61,62,63,64,65,66,67,68,69,70,71,72,73,74,75,76,77,78,79,80,81,82,83,84,85,86,87,88,89,90,91,92,93,94,95,96,97,98,99,100,101,102,103,104,105,106,107,108,109,110,111,112,113,114,115,116,117,118,119,120,121,122,123,124,125,126,127,128	Q,V,Q,L,Q,Q,P,G,A,-,E,L,V,K,P,G,A,S,V,K,L,S,C,K,A,S,G,F,T,F,-,-,-,-,T,R,Y,W,M,H,W,V,K,L,R,P,G,Q,G,F,E,W,I,G,E,I,N,P,S,-,-,H,G,G,T,T,Y,N,E,K,F,K,-,R,K,A,A,L,T,V,D,K,S,S,S,T,A,Y,M,Q,L,N,S,L,T,S,E,D,S,A,V,Y,Y,C,S,I,W,D,S,-,-,-,-,Y,F,D,Y,W,G,Q,G,T,T,L,T,V,S,S
PRnD_N5	PRnD	06-SMARTindex	L114/3.3	HC	PRnD_N5.HC1	1364	99.5	1371	Illumina	ATATGAGCCCTATCTTCTCTACAGACACTGAATCTCAAGGTCCTTACAATGAAATGCAGCTGGGTTATCTTCTTCCTGATGGCAGTGGTTACAGGGGTCAATTCAGAGGTTCAGCTGCAGCAGTCTGGGGCAGAGCTTGTGAAGCCAGGGGCCTCAGTCAAGTTGTCCTGCACAGCTTCTGGCTTCAACATTAAAGACACTTATATGCACTGGGTGAAGCAGAGGCCTGAACAGGGCCTGGAGTGGATTGGAAGGATTGATCCTACGAGTGATAATACTAAATATGACCCGAAGTTCCAGGGCAAGGCCACTATAACAGCAGACACATCCTCCAACACAGCCTACCTGCAGCTCAGCAGCCTGACATCTGAGGACACTGCCGTCTATTACTGTGCTAGATGGGAGGTACGACGGATGGACTACTGGGGTCAAGGAACCTCAGTCACCGTCTCCTCA		H	2.3E-58	186.7	33	149	imgt	0	I*ALSSLQTLNLKVLTMKCSWVIFFLMAVVTGVNS`EVQLQQSGAELVKPGASVKLSCTASGFNIKDTYMHWVKQRPEQGLEWIGRIDPTSDNTKYDPKFQGKATITADTSSNTAYLQLSSLTSEDTAVYYCARWEVRRMDYWGQGTSVTVS`S	1,2,3,4,5,6,7,8,9,10,11,12,13,14,15,16,17,18,19,20,21,22,23,24,25,26,27,28,29,30,31,32,33,34,35,36,37,38,39,40,41,42,43,44,45,46,47,48,49,50,51,52,53,54,55,56,57,58,59,60,61,62,63,64,65,66,67,68,69,70,71,72,73,74,75,76,77,78,79,80,81,82,83,84,85,86,87,88,89,90,91,92,93,94,95,96,97,98,99,100,101,102,103,104,105,106,107,108,109,110,111,112,113,114,115,116,117,118,119,120,121,122,123,124,125,126,127,128	E,V,Q,L,Q,Q,S,G,A,-,E,L,V,K,P,G,A,S,V,K,L,S,C,T,A,S,G,F,N,I,-,-,-,-,K,D,T,Y,M,H,W,V,K,Q,R,P,E,Q,G,L,E,W,I,G,R,I,D,P,T,-,-,S,D,N,T,K,Y,D,P,K,F,Q,-,G,K,A,T,I,T,A,D,T,S,S,N,T,A,Y,L,Q,L,S,S,L,T,S,E,D,T,A,V,Y,Y,C,A,R,W,E,V,-,-,-,R,R,M,D,Y,W,G,Q,G,T,S,V,T,V,S,S
PRnD_N6	PRnD	07-SMARTindex	L114/81.7.1	HC	PRnD_N6.HC1	630	99.4	634	Illumina	GTATGAACCTAGCCCTGATTTCCCCAGCCTTCAGTTCCCAGATTCAGTGATCAGCCTTGAACACAGACCTGTCACCATGAAGCTGTGGCTGAACTGGATTTTCCTTGTAACACTTTTAAATGGTATCCTGTGTGAGGTGAACCTGGTGGAATCTGGAGGAGGCTTGGTACAGCCTGGGGGTTCTCTGAGACTCTCCTGTGCAACTTCTGGGTTCCCCTTCACTGATTTCTACATGAGCTGGGTCCGCCAGCCTCCAGGAAAGGCACTTGAGTGGTTGGGTTTTATTAGAAACAGAGCTCATGGTTACACAACAGAATACAGTGCATCTGTGAAGGGTCGATTCACCTTCTCCAGAGATAATTCCCAAAGCATCCTCTATCTTCAAATGAACACCCTGAGAACTGAGGACAGTGCCACTTATTACTGTGGGGGCGGTAGAGGCCTGGGCTACTGGGGTCAAGGCACCTCAGTCACCGTCTCCTCA		H	1.4E-50	161.8	44	160	imgt	1	YEPSPDFPSLQFPDSVISLEHRPVTMKLWLNWIFLVTLLNGILC`EVNLVESGGGLVQPGGSLRLSCATSGFPFTDFYMSWVRQPPGKALEWLGFIRNRAHGYTTEYSASVKGRFTFSRDNSQSILYLQMNTLRTEDSATYYCGGGRGLGYWGQGTSVTVS`S	1,2,3,4,5,6,7,8,9,10,11,12,13,14,15,16,17,18,19,20,21,22,23,24,25,26,27,28,29,30,31,32,33,34,35,36,37,38,39,40,41,42,43,44,45,46,47,48,49,50,51,52,53,54,55,56,57,58,59,60,61,62,63,64,65,66,67,68,69,70,71,72,73,74,75,76,77,78,79,80,81,82,83,84,85,86,87,88,89,90,91,92,93,94,95,96,97,98,99,100,101,102,103,104,105,106,107,108,109,110,111,112,113,114,115,116,117,118,119,120,121,122,123,124,125,126,127,128	E,V,N,L,V,E,S,G,G,-,G,L,V,Q,P,G,G,S,L,R,L,S,C,A,T,S,G,F,P,F,-,-,-,-,T,D,F,Y,M,S,W,V,R,Q,P,P,G,K,A,L,E,W,L,G,F,I,R,N,R,A,H,G,Y,T,T,E,Y,S,A,S,V,K,-,G,R,F,T,F,S,R,D,N,S,Q,S,I,L,Y,L,Q,M,N,T,L,R,T,E,D,S,A,T,Y,Y,C,G,G,G,R,-,-,-,-,-,G,L,G,Y,W,G,Q,G,T,S,V,T,V,S,S
PRnD_N7	PRnD	08-SMARTindex	L122/6.2	HC	PRnD_N7.HC1	811	100	811	Illumina	ATCCTCTTCTCATAGAGCCTCCATCAGAGCATGGCTGTCTTGGGGCTGCTCTTCTGCCTGGTGACATTCCCAAGCTGTGTCCTATCCCAGGTGCAGCTGAAGCAGTCAGGACCTGGCCTAGTGCAGCCCTCACAGAGCCTGTCCATCACCTGCACAGTCTCTGGTTTCTCATTAACTAGCTATGGTGTACACTGGGTTCGCCAGTCTCCAGGAAAGGGTCTGGAGTGGCTGGGAGTGATATGGAGTGGTGGATACACAGACTATAATGCAGCTTTCATATCCAGACTGAGCATCAGCAAGGACGATTCCAAGAGCCAAGTTTTCTTTAAAATGAACAGTCTGCAACCTAATGACACAGCCATATATTACTGTGCCAGTTACTACGGTAATACCTACTGGTACTTCGATGTCTGGGGCGCAGGGACCACGGTCACCGTCTCCTCA		H	2.3E-53	170.5	24	142	imgt	0	ILFS*SLHQSMAVLGLLFCLVTFPSCVLS`QVQLKQSGPGLVQPSQSLSITCTVSGFSLTSYGVHWVRQSPGKGLEWLGVIWSGGYTDYNAAFISRLSISKDDSKSQVFFKMNSLQPNDTAIYYCASYYGNTYWYFDVWGAGTTVTVS`S	1,2,3,4,5,6,7,8,9,10,11,12,13,14,15,16,17,18,19,20,21,22,23,24,25,26,27,28,29,30,31,32,33,34,35,36,37,38,39,40,41,42,43,44,45,46,47,48,49,50,51,52,53,54,55,56,57,58,59,60,61,62,63,64,65,66,67,68,69,70,71,72,73,74,75,76,77,78,79,80,81,82,83,84,85,86,87,88,89,90,91,92,93,94,95,96,97,98,99,100,101,102,103,104,105,106,107,108,109,110,111,112,113,114,115,116,117,118,119,120,121,122,123,124,125,126,127,128	Q,V,Q,L,K,Q,S,G,P,-,G,L,V,Q,P,S,Q,S,L,S,I,T,C,T,V,S,G,F,S,L,-,-,-,-,T,S,Y,G,V,H,W,V,R,Q,S,P,G,K,G,L,E,W,L,G,V,I,W,S,G,-,-,-,G,Y,T,D,Y,N,A,A,F,I,-,S,R,L,S,I,S,K,D,D,S,K,S,Q,V,F,F,K,M,N,S,L,Q,P,N,D,T,A,I,Y,Y,C,A,S,Y,Y,G,N,T,Y,W,Y,F,D,V,W,G,A,G,T,T,V,T,V,S,S
PRnD_N8	PRnD	09-SMARTindex	N28/9.1	HC	PRnD_N8.HC1	1034	99.9	1035	Illumina	ACAGTCATTGAAAACACTGACTCTAATCATGGAATGTAACTGGATACTTCCTTTTTTTCTGTCGGTGATTTCAGGGGTCTACTCAGAGGTTCAACTCCAGCAGTCTGGGACTGTGCTGGCAAGGCCTGGGGCTTCCGTGAAGATGTCCTGCAAGGCTTCTGGCTACAGCTTTACCAGTTACTGGATGTACTGGGTAAAACAGAGGCCTGGACAGGGTCTAGAATGGATTGGTGCTATTTATCCTGGAAATAGTGATACTACCTACAACCAGAAGTTCAAGGGCAAGGCCAAACTGACTGCAGTCACATCCGCCAGCACTGCCTACATGGAGCTCAGCTACCTGACAAATGAGGACTCTGCGGTCTATTACTGCACAAGTCATTACTACGGTAGTGGGTACTTCGATGTCTGGGGCGCAGGGACCGCGGTCACCGTCTCCTCA		H	1.1E-52	168.4	28	146	imgt	1	QSLKTLTLIMECNWILPFFLSVISGVYS`EVQLQQSGTVLARPGASVKMSCKASGYSFTSYWMYWVKQRPGQGLEWIGAIYPGNSDTTYNQKFKGKAKLTAVTSASTAYMELSYLTNEDSAVYYCTSHYYGSGYFDVWGAGTAVTVS`S	1,2,3,4,5,6,7,8,9,10,11,12,13,14,15,16,17,18,19,20,21,22,23,24,25,26,27,28,29,30,31,32,33,34,35,36,37,38,39,40,41,42,43,44,45,46,47,48,49,50,51,52,53,54,55,56,57,58,59,60,61,62,63,64,65,66,67,68,69,70,71,72,73,74,75,76,77,78,79,80,81,82,83,84,85,86,87,88,89,90,91,92,93,94,95,96,97,98,99,100,101,102,103,104,105,106,107,108,109,110,111,112,113,114,115,116,117,118,119,120,121,122,123,124,125,126,127,128	E,V,Q,L,Q,Q,S,G,T,-,V,L,A,R,P,G,A,S,V,K,M,S,C,K,A,S,G,Y,S,F,-,-,-,-,T,S,Y,W,M,Y,W,V,K,Q,R,P,G,Q,G,L,E,W,I,G,A,I,Y,P,G,-,-,N,S,D,T,T,Y,N,Q,K,F,K,-,G,K,A,K,L,T,A,V,T,S,A,S,T,A,Y,M,E,L,S,Y,L,T,N,E,D,S,A,V,Y,Y,C,T,S,H,Y,Y,G,-,S,G,Y,F,D,V,W,G,A,G,T,A,V,T,V,S,S
PRnD_N9	PRnD	10-SMARTindex	N263/31.1	HC	PRnD_N9.HC1	681	99.9	682	Illumina	ATCATCTTCTCATAGAGCCTCCATCAGAGCATGGCTGTCCTGGCATTACTCTTCTGCCTGGTAACATTCCCAAGCTGTATCCTTTCCCAGGTACAGCTGAAGGAGTCAGGACCTGGCCTGGTGGCGCCCTCACAGAGCCTGTCCATCACATGCACCGTCTCAGGGTTCTCATTAACCGGCTATGGTTTAAACTGGGTTCGCCAGCCTCCAGGAAAGGGTCTGGAGTGGCTGGGAATGATATGGACTGATGGAAGCACAGACTATAATTCAGCTCTCAAATCCAGACTGAGCATCAGCAAGGACAACTCCAAGAGCCAGGTTTTCTTAAAGATGAACAGTCTTCAAACTGATGACACAGCCAGGTACTACTGTGCCAGAGATCGCTACGGCGGGTTTGCTTACTGGGGCCAAGGGACTCTGGTCACTGTCTCTGCA		H	7.4E-55	175.4	24	139	imgt	0	IIFS*SLHQSMAVLALLFCLVTFPSCILS`QVQLKESGPGLVAPSQSLSITCTVSGFSLTGYGLNWVRQPPGKGLEWLGMIWTDGSTDYNSALKSRLSISKDNSKSQVFLKMNSLQTDDTARYYCARDRYGGFAYWGQGTLVTVS`A	1,2,3,4,5,6,7,8,9,10,11,12,13,14,15,16,17,18,19,20,21,22,23,24,25,26,27,28,29,30,31,32,33,34,35,36,37,38,39,40,41,42,43,44,45,46,47,48,49,50,51,52,53,54,55,56,57,58,59,60,61,62,63,64,65,66,67,68,69,70,71,72,73,74,75,76,77,78,79,80,81,82,83,84,85,86,87,88,89,90,91,92,93,94,95,96,97,98,99,100,101,102,103,104,105,106,107,108,109,110,111,112,113,114,115,116,117,118,119,120,121,122,123,124,125,126,127,128	Q,V,Q,L,K,E,S,G,P,-,G,L,V,A,P,S,Q,S,L,S,I,T,C,T,V,S,G,F,S,L,-,-,-,-,T,G,Y,G,L,N,W,V,R,Q,P,P,G,K,G,L,E,W,L,G,M,I,W,T,D,-,-,-,G,S,T,D,Y,N,S,A,L,K,-,S,R,L,S,I,S,K,D,N,S,K,S,Q,V,F,L,K,M,N,S,L,Q,T,D,D,T,A,R,Y,Y,C,A,R,D,R,Y,-,-,-,G,G,F,A,Y,W,G,Q,G,T,L,V,T,V,S,A
PRnD_N10	PRnD	11-SMARTindex	N486/32.1	HC	PRnD_N10.HC1	894	99.9	895	Illumina	ATATGAACACTGTTTTCTCTACAGTCACTGAATCTCAAGGTCCTTACAATGAAATGCAGCTGGGTCATCTTCTTCCTGATGGCAGTGGTTATAGGAATCAATTCAGAGGTTCAGCTGCAGCAGTCTGGGGCAGAGCTTGTGAGGTCAGGGGCCTCAGTCAAGTTGTCCTGCACAGCTTCTGGCTTCAACATTAAAGACTACTATATGCACTGGGTGAAGCAGAGGCCTGAACAGGGCCTGGAGTGGATTGGATGGATGGATCCTAAGAATGGAGATACTGAATATGCCCCGAAATTCCAGGGCAAGGCCACTATGACTGCAGACACATCCTCCAACACAGCCTACCTGCAGCTCAGCAGCCTGACATCTGATGACACTGCCGTCTATTACTGTCATGACGCGATTACTACGCCTACCCGGAACTTCGATGTCTGGGGCGCAGGGACCACGGTCACCGTCTCCTCA		H	1.8E-55	177.4	33	152	imgt	0	I*TLFSLQSLNLKVLTMKCSWVIFFLMAVVIGINS`EVQLQQSGAELVRSGASVKLSCTASGFNIKDYYMHWVKQRPEQGLEWIGWMDPKNGDTEYAPKFQGKATMTADTSSNTAYLQLSSLTSDDTAVYYCHDAITTPTRNFDVWGAGTTVTVS`S	1,2,3,4,5,6,7,8,9,10,11,12,13,14,15,16,17,18,19,20,21,22,23,24,25,26,27,28,29,30,31,32,33,34,35,36,37,38,39,40,41,42,43,44,45,46,47,48,49,50,51,52,53,54,55,56,57,58,59,60,61,62,63,64,65,66,67,68,69,70,71,72,73,74,75,76,77,78,79,80,81,82,83,84,85,86,87,88,89,90,91,92,93,94,95,96,97,98,99,100,101,102,103,104,105,106,107,108,109,110,111,112,113,114,115,116,117,118,119,120,121,122,123,124,125,126,127,128	E,V,Q,L,Q,Q,S,G,A,-,E,L,V,R,S,G,A,S,V,K,L,S,C,T,A,S,G,F,N,I,-,-,-,-,K,D,Y,Y,M,H,W,V,K,Q,R,P,E,Q,G,L,E,W,I,G,W,M,D,P,K,-,-,N,G,D,T,E,Y,A,P,K,F,Q,-,G,K,A,T,M,T,A,D,T,S,S,N,T,A,Y,L,Q,L,S,S,L,T,S,D,D,T,A,V,Y,Y,C,H,D,A,I,T,T,P,T,R,N,F,D,V,W,G,A,G,T,T,V,T,V,S,S
PRnD_N11	PRnD	12-SMARTindex	N149/25.1	HC	PRnD_N11.HC1	520	99.6	522	Illumina	ATGATCAGTGTCCTCTCCACAGTTCCTGAAGACACTGACTCTAACCATGGGATGGAGCTGGATCTTTCTTTTCCTCCTGTCAGGAACTGCAGGTGTCCATTGTCAGATCCAGCTGCAGCAGTCTGGACCTGAGCTGGTGAAGCCTGGGGCTTCAGTGAAGATATCCTGCAAGGCTTCTGGCTACACTTTCATAGACTACTATATAAACTGGGTGAAACAGAAGCCTGGGCAGGGACTTGAGTGGATTGGATGGATTTATCGTGGAAGCGGTTATATTAACTACAATGATAAATTCAAGGGCAAGGCCACATTGACTGTGGACACATCCTCCAGCACAGCCCACATGCAGCTCAGTAGCCTGACATCTGAAGACACTGCTGTCTATTTCTGTGCAAGTGGGAACTATGATTACGACTTTGCTTACTGGGGCCAAGGGACTCTGGTCACTGTCTCTGAA		H	1.1E-56	181.3	33	150	imgt	1	*SVSSPQFLKTLTLTMGWSWIFLFLLSGTAGVHC`QIQLQQSGPELVKPGASVKISCKASGYTFIDYYINWVKQKPGQGLEWIGWIYRGSGYINYNDKFKGKATLTVDTSSSTAHMQLSSLTSEDTAVYFCASGNYDYDFAYWGQGTLVTVS`E	1,2,3,4,5,6,7,8,9,10,11,12,13,14,15,16,17,18,19,20,21,22,23,24,25,26,27,28,29,30,31,32,33,34,35,36,37,38,39,40,41,42,43,44,45,46,47,48,49,50,51,52,53,54,55,56,57,58,59,60,61,62,63,64,65,66,67,68,69,70,71,72,73,74,75,76,77,78,79,80,81,82,83,84,85,86,87,88,89,90,91,92,93,94,95,96,97,98,99,100,101,102,103,104,105,106,107,108,109,110,111,112,113,114,115,116,117,118,119,120,121,122,123,124,125,126,127,128	Q,I,Q,L,Q,Q,S,G,P,-,E,L,V,K,P,G,A,S,V,K,I,S,C,K,A,S,G,Y,T,F,-,-,-,-,I,D,Y,Y,I,N,W,V,K,Q,K,P,G,Q,G,L,E,W,I,G,W,I,Y,R,G,-,-,S,G,Y,I,N,Y,N,D,K,F,K,-,G,K,A,T,L,T,V,D,T,S,S,S,T,A,H,M,Q,L,S,S,L,T,S,E,D,T,A,V,Y,F,C,A,S,G,N,Y,D,-,-,Y,D,F,A,Y,W,G,Q,G,T,L,V,T,V,S,E
PRnD_N12	PRnD	13-SMARTindex	N15/4.1	HC	PRnD_N12.HC1	1168	99.9	1169	Illumina	AAGGGAGTGACCAGTCAGTCTTAAGGCACCACTGAGCCCAAGTCTTAGACCTCATGGCTTGGGTGTGGACCTTGCTATTCCTGATGGCAGCTGCCCAAGGTATCCAAGCACAGATCCAGTTGGTGCAGTCTGGACCTGAACTGAAGAAGCCTGGAGAGACAGTCAAGATATCCTGTAAGGCTTCTGGTTATACCTTCACAGTCTATTCAATGCACTGGGTGAAACAGACTCCAGGAAAGGGTTTAAAGTGGATGGGCTGGATAAACACTGAGACTGGTGAGCCAACATATGAAGATGACTTCAAGGGACGGTTTGACTTCTCTTTGGAGACCTCTGCCAGCACTGCCTATTTGCAGATCAACAACCTCAAAAATGAGGACACGGCTACTTATTTCTGTACTAGGAATTCCCACTTTGACTACTGGGGCCAAGGCGCCACTCTCACAGTCTCCTCA		H	3E-52	167	25	139	imgt	2	GSDQSVLRHH*AQVLDLMAWVWTLLFLMAAAQGIQA`QIQLVQSGPELKKPGETVKISCKASGYTFTVYSMHWVKQTPGKGLKWMGWINTETGEPTYEDDFKGRFDFSLETSASTAYLQINNLKNEDTATYFCTRNSHFDYWGQGATLTVS`S	1,2,3,4,5,6,7,8,9,10,11,12,13,14,15,16,17,18,19,20,21,22,23,24,25,26,27,28,29,30,31,32,33,34,35,36,37,38,39,40,41,42,43,44,45,46,47,48,49,50,51,52,53,54,55,56,57,58,59,60,61,62,63,64,65,66,67,68,69,70,71,72,73,74,75,76,77,78,79,80,81,82,83,84,85,86,87,88,89,90,91,92,93,94,95,96,97,98,99,100,101,102,103,104,105,106,107,108,109,110,111,112,113,114,115,116,117,118,119,120,121,122,123,124,125,126,127,128	Q,I,Q,L,V,Q,S,G,P,-,E,L,K,K,P,G,E,T,V,K,I,S,C,K,A,S,G,Y,T,F,-,-,-,-,T,V,Y,S,M,H,W,V,K,Q,T,P,G,K,G,L,K,W,M,G,W,I,N,T,E,-,-,T,G,E,P,T,Y,E,D,D,F,K,-,G,R,F,D,F,S,L,E,T,S,A,S,T,A,Y,L,Q,I,N,N,L,K,N,E,D,T,A,T,Y,F,C,T,R,N,S,-,-,-,-,-,H,F,D,Y,W,G,Q,G,A,T,L,T,V,S,S
PRnD_N13	PRnD	14-SMARTindex	N15/39.1	HC	PRnD_N13.HC1	1289	98.6	1307	Illumina	AAGGGAGTGACCAGTTAGTCTTAAGGCACCACTGAGCCCAAGTCTTAGACATCATGGCTTGGGTGTGGACCTTGCTATTCCTGATGGCAGCTGCCCAAAGTATCCAAGGACAGATCCAGTTGGTGCAGTCTGGACCTGAGCTGAAGAAGCCTGGAGAGACAGTCAAGATCTCCTGCAAGGCTTTTGATTATACCTTCACACGCTATTCAATGCACTGGGTGAAACAGGCTCCAGGAAAGGGTTTAAAGTGGATGGGCTGGCTGAACACTGCGACTGGTGAGCCATCATATGCAGATGACTTCAAGGGACGGTTTGCCTTCTCTTTGGAAGCCTCTGCCAGCACTGCCTTTTTGCAGATCAACATCCTAAAAAATGAGGACACGGCTACATATTTCTGTACTCGAAATTCTCACTTTGACTACTGGGGCCAAGGCACCACTCTCACAGTCTCCTCA		H	3.5E-50	160.3	25	139	imgt	2	GSDQLVLRHH*AQVLDIMAWVWTLLFLMAAAQSIQG`QIQLVQSGPELKKPGETVKISCKAFDYTFTRYSMHWVKQAPGKGLKWMGWLNTATGEPSYADDFKGRFAFSLEASASTAFLQINILKNEDTATYFCTRNSHFDYWGQGTTLTVS`S	1,2,3,4,5,6,7,8,9,10,11,12,13,14,15,16,17,18,19,20,21,22,23,24,25,26,27,28,29,30,31,32,33,34,35,36,37,38,39,40,41,42,43,44,45,46,47,48,49,50,51,52,53,54,55,56,57,58,59,60,61,62,63,64,65,66,67,68,69,70,71,72,73,74,75,76,77,78,79,80,81,82,83,84,85,86,87,88,89,90,91,92,93,94,95,96,97,98,99,100,101,102,103,104,105,106,107,108,109,110,111,112,113,114,115,116,117,118,119,120,121,122,123,124,125,126,127,128	Q,I,Q,L,V,Q,S,G,P,-,E,L,K,K,P,G,E,T,V,K,I,S,C,K,A,F,D,Y,T,F,-,-,-,-,T,R,Y,S,M,H,W,V,K,Q,A,P,G,K,G,L,K,W,M,G,W,L,N,T,A,-,-,T,G,E,P,S,Y,A,D,D,F,K,-,G,R,F,A,F,S,L,E,A,S,A,S,T,A,F,L,Q,I,N,I,L,K,N,E,D,T,A,T,Y,F,C,T,R,N,S,-,-,-,-,-,H,F,D,Y,W,G,Q,G,T,T,L,T,V,S,S
PRnD_N14	PRnD	15-SMARTindex	N148/30.1.1	HC	PRnD_N14.HC1	91	95.8	95	Illumina	GACAGAGGAGGCAGGTCCTGGATTCGATTCCCAGTTCCTCACATTCAGTCAGCACTGAACACGGACCCCTCACCATGAACTTTGTGCTCAGCTTGATTTTCCTTGCCCTCATTTTAAAAGGTGTCCAGTGTGAAGTGCAGCTGGTGGAGTCTGGGGGAGGCTTAGTGAAGCCTGGAGGGTCCCTAAAACTCTCCTGTGCAACTTCTGGATTCACTTTCAGTAGCTATGCCATGTCTTGGGTTCGCCAGACTCCGGAGAAGAGGCTGGAGTGGGTCGCAACCATTAGTAGTGGTGGTTTTTACACCCACTATCCAGACAGTGTGAAGGGTCGATTCACCATCTCCAGAGACAATGCCAAGAACACCCTGTACCTGCAAATGAACAGTCTGAGGTCTGAGGACACGGCCATATATTTCTGTGCAAGACATAGGAATACATACGACGTGGACAAGTACTTCGATGTCTGGGGCGCTGGGACCACGGTCACCGTCTCCTCA		H	1.5E-59	190.9	43	164	imgt	2	QRRQVLDSIPSSSHSVSTEHGPLTMNFVLSLIFLALILKGVQC`EVQLVESGGGLVKPGGSLKLSCATSGFTFSSYAMSWVRQTPEKRLEWVATISSGGFYTHYPDSVKGRFTISRDNAKNTLYLQMNSLRSEDTAIYFCARHRNTYDVDKYFDVWGAGTTVTVS`S	1,2,3,4,5,6,7,8,9,10,11,12,13,14,15,16,17,18,19,20,21,22,23,24,25,26,27,28,29,30,31,32,33,34,35,36,37,38,39,40,41,42,43,44,45,46,47,48,49,50,51,52,53,54,55,56,57,58,59,60,61,62,63,64,65,66,67,68,69,70,71,72,73,74,75,76,77,78,79,80,81,82,83,84,85,86,87,88,89,90,91,92,93,94,95,96,97,98,99,100,101,102,103,104,105,106,107,108,109,110,111,111,112,112,113,114,115,116,117,118,119,120,121,122,123,124,125,126,127,128	E,V,Q,L,V,E,S,G,G,-,G,L,V,K,P,G,G,S,L,K,L,S,C,A,T,S,G,F,T,F,-,-,-,-,S,S,Y,A,M,S,W,V,R,Q,T,P,E,K,R,L,E,W,V,A,T,I,S,S,G,-,-,G,F,Y,T,H,Y,P,D,S,V,K,-,G,R,F,T,I,S,R,D,N,A,K,N,T,L,Y,L,Q,M,N,S,L,R,S,E,D,T,A,I,Y,F,C,A,R,H,R,N,T,Y,A,A,D,K,Y,F,D,V,W,G,A,G,T,T,V,T,V,S,S
PRnD_N15	PRnD	16-SMARTindex	N67/15.1	HC	PRnD_N15.HC1	247	98.4	251	Illumina	AAAATATGTCCAATGTCCTCTCCACAGACACTGAACACACTGACTCTAACCATGGAATGGAGCTGGATCTTTCTCTTTCTCCTGTCAGGAACTGCAGGTGTCCTCTCTGAGGTCCAGGTGCAACAGTTTGGAGCTGAGCTGGTGAGGCCTGGGACTTCAGTGAAGATATCCTGCAAGACTTCTGGCTTCACATCCACTGACTACAACATGGACTGGGTGAAGCAGAGCCATGGAAAGGGCCTTGAGTGGATTGGAGATATTAATCCTAAGTATGAAAGAACTAGGTACACCCAGAAGTTCAAGGGAAAGGTCACATTGACTGTAGACAAGTCCTCCAGTACAGCCTACATGGAGCTCCGCAGCCTGACATCTGAGGACGCTGCAGTCTATTACTGTGCAATCGATGGTTACTACTGGGGCCAAGGCACCACTCTCACTGTCTCCTCA		H	9.6E-50	158.8	36	148	imgt	0	KICPMSSPQTLNTLTLTMEWSWIFLFLLSGTAGVLS`EVQVQQFGAELVRPGTSVKISCKTSGFTSTDYNMDWVKQSHGKGLEWIGDINPKYERTRYTQKFKGKVTLTVDKSSSTAYMELRSLTSEDAAVYYCAIDGYYWGQGTTLTVS`S	1,2,3,4,5,6,7,8,9,10,11,12,13,14,15,16,17,18,19,20,21,22,23,24,25,26,27,28,29,30,31,32,33,34,35,36,37,38,39,40,41,42,43,44,45,46,47,48,49,50,51,52,53,54,55,56,57,58,59,60,61,62,63,64,65,66,67,68,69,70,71,72,73,74,75,76,77,78,79,80,81,82,83,84,85,86,87,88,89,90,91,92,93,94,95,96,97,98,99,100,101,102,103,104,105,106,107,108,109,110,111,112,113,114,115,116,117,118,119,120,121,122,123,124,125,126,127,128	E,V,Q,V,Q,Q,F,G,A,-,E,L,V,R,P,G,T,S,V,K,I,S,C,K,T,S,G,F,T,S,-,-,-,-,T,D,Y,N,M,D,W,V,K,Q,S,H,G,K,G,L,E,W,I,G,D,I,N,P,K,-,-,Y,E,R,T,R,Y,T,Q,K,F,K,-,G,K,V,T,L,T,V,D,K,S,S,S,T,A,Y,M,E,L,R,S,L,T,S,E,D,A,A,V,Y,Y,C,A,I,D,-,-,-,-,-,-,-,G,Y,Y,W,G,Q,G,T,T,L,T,V,S,S
PRnD_N16	PRnD	17-SMARTindex	N173B/13.1	HC	PRnD_N16.HC1	698	98.9	706	Illumina	AGACATAGGAGCTTGGCTCTGGTTCCCAAGACCTCTCACTCACTTCTCAACATGGAGTGGGAACTGAGCTTAATTTTCATTTTTGCTCTTTTAAAAGATGTCCAGTGTGAAGTGCAGCTGTTGGAGACTGGAGGAGGCTTGGTGCAACCTGGGGGGTCACGGGGACTCTCTTGTGAAGGCTCAGGGTTTACTTTTAGTGGCTTCTGGATGAGCTGGGTTCGACAGACACCTGGGAAGACCCTGGAGTGGATTGGAGACATTAATTCTGATGGCAGTGCAATAAACTACGCACCATCCATAAAGGATCGATTCACTATCTTCAGAGACAATGACAAGAGCACCCTGTACCTGCAGATGAGCAATGTGCGATCTGAGGACACAGCCACGTATTTCTGTATGACCTGGGACAACTGGGGCCAAGGCACCACTCTCACAGTCTCCTCA		H	4.6E-48	153.4	36	147	imgt	0	RHRSLALVPKTSHSLLNMEWELSLIFIFALLKDVQC`EVQLLETGGGLVQPGGSRGLSCEGSGFTFSGFWMSWVRQTPGKTLEWIGDINSDGSAINYAPSIKDRFTIFRDNDKSTLYLQMSNVRSEDTATYFCMTWDNWGQGTTLTVS`S	1,2,3,4,5,6,7,8,9,10,11,12,13,14,15,16,17,18,19,20,21,22,23,24,25,26,27,28,29,30,31,32,33,34,35,36,37,38,39,40,41,42,43,44,45,46,47,48,49,50,51,52,53,54,55,56,57,58,59,60,61,62,63,64,65,66,67,68,69,70,71,72,73,74,75,76,77,78,79,80,81,82,83,84,85,86,87,88,89,90,91,92,93,94,95,96,97,98,99,100,101,102,103,104,105,106,107,108,109,110,111,112,113,114,115,116,117,118,119,120,121,122,123,124,125,126,127,128	E,V,Q,L,L,E,T,G,G,-,G,L,V,Q,P,G,G,S,R,G,L,S,C,E,G,S,G,F,T,F,-,-,-,-,S,G,F,W,M,S,W,V,R,Q,T,P,G,K,T,L,E,W,I,G,D,I,N,S,D,-,-,G,S,A,I,N,Y,A,P,S,I,K,-,D,R,F,T,I,F,R,D,N,D,K,S,T,L,Y,L,Q,M,S,N,V,R,S,E,D,T,A,T,Y,F,C,M,T,W,-,-,-,-,-,-,-,-,D,N,W,G,Q,G,T,T,L,T,V,S,S
PRnD_N17	PRnD	18-SMARTindex	N271/44.1	HC	PRnD_N17.HC1	910	99.8	912	Illumina	AGACATAGGAGCTTGGCTCTGGTTCCCAAGACCTCTCACTCACTTCTCAACATGGAGTGGGAACTGAGCTTAATTTTCATTTTTGCTCTTTTAAAAGATGTCCAGTGTGAAGTGCAGCTGTTGGAGACTGGAGGAGGCTTGGTGCAACCTGGGGGGTCACGGGGACTCTCTTGTGAAGGCTCAGGGTTTACTTTTAGTGGCTTCTGGATGAGCTGGGTTCGACAGACACCTGGGAAGACCCTGGAGTGGATTGGAGACATTAATTCTGATGGCAGTGCAATAAACTACGCACCATCCATAAAGGATCGATTCACTATCTTCAGAGACAATGACAAGAACACCCTGTATTTGCAGATGAGCAATGTGCGATCTGAGGACACAGCCACTTATTTCTGTATGACATATGATTATACTATGGACTACTGGGGTCAAGGAACCTCAGTCACCGTCTCCTCA		H	4.3E-51	163.5	36	151	imgt	0	RHRSLALVPKTSHSLLNMEWELSLIFIFALLKDVQC`EVQLLETGGGLVQPGGSRGLSCEGSGFTFSGFWMSWVRQTPGKTLEWIGDINSDGSAINYAPSIKDRFTIFRDNDKNTLYLQMSNVRSEDTATYFCMTYDYTMDYWGQGTSVTVS`S	1,2,3,4,5,6,7,8,9,10,11,12,13,14,15,16,17,18,19,20,21,22,23,24,25,26,27,28,29,30,31,32,33,34,35,36,37,38,39,40,41,42,43,44,45,46,47,48,49,50,51,52,53,54,55,56,57,58,59,60,61,62,63,64,65,66,67,68,69,70,71,72,73,74,75,76,77,78,79,80,81,82,83,84,85,86,87,88,89,90,91,92,93,94,95,96,97,98,99,100,101,102,103,104,105,106,107,108,109,110,111,112,113,114,115,116,117,118,119,120,121,122,123,124,125,126,127,128	E,V,Q,L,L,E,T,G,G,-,G,L,V,Q,P,G,G,S,R,G,L,S,C,E,G,S,G,F,T,F,-,-,-,-,S,G,F,W,M,S,W,V,R,Q,T,P,G,K,T,L,E,W,I,G,D,I,N,S,D,-,-,G,S,A,I,N,Y,A,P,S,I,K,-,D,R,F,T,I,F,R,D,N,D,K,N,T,L,Y,L,Q,M,S,N,V,R,S,E,D,T,A,T,Y,F,C,M,T,Y,D,Y,-,-,-,-,T,M,D,Y,W,G,Q,G,T,S,V,T,V,S,S
PRnD_N18	PRnD	19-SMARTindex	K75/41.1	HC	PRnD_N18.HC1	171	100	171	Illumina	TCTGACAGAGGAGGCAGGTCCTGGATTCGATTCCCAGTTCCTCACATTCAGTCAGCACTGAACACGGACCCCTCACCATGAACTTTGTGCTCAGCTTGATTTTCCTTGCCCTCATTTTAAAAGGTGTCCAGTGTGAAGTGCACGTGGTGGAGTCTGGGGGAGGCTTAGTGAAGCCTGGAGGGTCCCTGAAACTCTCCTGTGCAGCCTCTGGATTCACTTTCAGTAGCTATGCCATGTCTTGGGTTCGCCAGACTCCGGAGAAGAGGCTGGAGTGGGTCGCAACCATTAGTAGTGGTGGTAGTTACACCTACTATGCAGACAATGTGAAGGGTCGATTCACCATCTCCAGAGACCTTGCCAGGAACACCCTGTACCTGCAAATGAGCAGTCTGAGGTCTGAGGACACGGCCATGTTTTACTGTGCAAGAGGGTTCGATTACTACGGCTATGCTGTGGACTACTGGGGTCAAGGAACCTCAGTCACCGTCTCCTCA		H	1E-58	188.2	43	162	imgt	2	*QRRQVLDSIPSSSHSVSTEHGPLTMNFVLSLIFLALILKGVQC`EVHVVESGGGLVKPGGSLKLSCAASGFTFSSYAMSWVRQTPEKRLEWVATISSGGSYTYYADNVKGRFTISRDLARNTLYLQMSSLRSEDTAMFYCARGFDYYGYAVDYWGQGTSVTVS`S	1,2,3,4,5,6,7,8,9,10,11,12,13,14,15,16,17,18,19,20,21,22,23,24,25,26,27,28,29,30,31,32,33,34,35,36,37,38,39,40,41,42,43,44,45,46,47,48,49,50,51,52,53,54,55,56,57,58,59,60,61,62,63,64,65,66,67,68,69,70,71,72,73,74,75,76,77,78,79,80,81,82,83,84,85,86,87,88,89,90,91,92,93,94,95,96,97,98,99,100,101,102,103,104,105,106,107,108,109,110,111,112,113,114,115,116,117,118,119,120,121,122,123,124,125,126,127,128	E,V,H,V,V,E,S,G,G,-,G,L,V,K,P,G,G,S,L,K,L,S,C,A,A,S,G,F,T,F,-,-,-,-,S,S,Y,A,M,S,W,V,R,Q,T,P,E,K,R,L,E,W,V,A,T,I,S,S,G,-,-,G,S,Y,T,Y,Y,A,D,N,V,K,-,G,R,F,T,I,S,R,D,L,A,R,N,T,L,Y,L,Q,M,S,S,L,R,S,E,D,T,A,M,F,Y,C,A,R,G,F,D,Y,Y,G,Y,A,V,D,Y,W,G,Q,G,T,S,V,T,V,S,S
PRnD_N19	PRnD	20-SMARTindex	N106/65.1	HC	PRnD_N19.HC1	1228	99.9	1229	Illumina	AACATATGTCCAATGTCCTCTCCACAGGCACTGAACACACTGACTCTAACCATGGGATGGAGCTGGATCTTTCTCTTCTTCCTGTCAGGAACTGCAGGTGTCCTCTCTGAGGTCCTGCTGCAACAGTCTGGACCTGAGGTGGTGAAGCCTGGGGCTTCAGTGAAGATACCCTGCAAGGCTTCTGGATACACATTCACTGACTACAACTTCGACTGGGTGAAGCAGAGCCATGGAAAGAGACTTGAGTGGATTGGAGATATTAATCCTAATTATGGTGGTACTATCTACAACCAGAAGTTCAAGGGCAAGGCCACATTGACTGTAGACAAGTCCTCCAGCACAGCCTACATGGAGCTCCGCAGCCTGACATCTGAGGACACTGCAGTCTATTACTGTGCAATATTACGACGAGGTGGTGCTATGGACTACTGGGGTCAAGGAACCTCAGTCACCGTCTCCTCA		H	3.7E-55	176.3	36	153	imgt	0	NICPMSSPQALNTLTLTMGWSWIFLFFLSGTAGVLS`EVLLQQSGPEVVKPGASVKIPCKASGYTFTDYNFDWVKQSHGKRLEWIGDINPNYGGTIYNQKFKGKATLTVDKSSSTAYMELRSLTSEDTAVYYCAILRRGGAMDYWGQGTSVTVS`S	1,2,3,4,5,6,7,8,9,10,11,12,13,14,15,16,17,18,19,20,21,22,23,24,25,26,27,28,29,30,31,32,33,34,35,36,37,38,39,40,41,42,43,44,45,46,47,48,49,50,51,52,53,54,55,56,57,58,59,60,61,62,63,64,65,66,67,68,69,70,71,72,73,74,75,76,77,78,79,80,81,82,83,84,85,86,87,88,89,90,91,92,93,94,95,96,97,98,99,100,101,102,103,104,105,106,107,108,109,110,111,112,113,114,115,116,117,118,119,120,121,122,123,124,125,126,127,128	E,V,L,L,Q,Q,S,G,P,-,E,V,V,K,P,G,A,S,V,K,I,P,C,K,A,S,G,Y,T,F,-,-,-,-,T,D,Y,N,F,D,W,V,K,Q,S,H,G,K,R,L,E,W,I,G,D,I,N,P,N,-,-,Y,G,G,T,I,Y,N,Q,K,F,K,-,G,K,A,T,L,T,V,D,K,S,S,S,T,A,Y,M,E,L,R,S,L,T,S,E,D,T,A,V,Y,Y,C,A,I,L,R,R,G,-,-,G,A,M,D,Y,W,G,Q,G,T,S,V,T,V,S,S
PRnD_N20	PRnD	21-SMARTindex	K14/16.2	HC	PRnD_N20.HC1	834	99.9	835	Illumina	TCTGACAGAGGAGGCAGGTCCTGGATTCGATTCCCAGTTCCTCACATTCAGTCAGCACTGAACACGGACCCCTCACCATGAACTTTGTGCTCAGCTTGATTTTCCTTGCCCTCATTTTAAAAGGTGTCCAGTGTGAAGTGCAGCTGGTGGAGTCTGGGGGAGGCTTAGTGAAGCCTGGAGGGTCCCTGAAACTCTCCTGTGCAGCCTCTGGATTCACTTTCAGTGATTATGCCATGTCTTGGGTTCGCCAGACTCCGGAGAAGAGGCTGGAGTGGGTCGCAACCATTAGTGGTGGTGGTACTTACACCTACTATCCAGACAGTGTGAAGGGTCGATTCACCATCTCCAGAGACAATGCCAAGAACACCCTGTACCTGCAAATGAGCAGTCTGAGGTCTGAGGACACGGCCATGTATTACTGTGTAAGACGTGGGGACTACTGGGGCCAAGGCACCACTCTCACAGTCTCCTCA		H	2.6E-58	186.9	43	155	imgt	2	*QRRQVLDSIPSSSHSVSTEHGPLTMNFVLSLIFLALILKGVQC`EVQLVESGGGLVKPGGSLKLSCAASGFTFSDYAMSWVRQTPEKRLEWVATISGGGTYTYYPDSVKGRFTISRDNAKNTLYLQMSSLRSEDTAMYYCVRRGDYWGQGTTLTVS`S	1,2,3,4,5,6,7,8,9,10,11,12,13,14,15,16,17,18,19,20,21,22,23,24,25,26,27,28,29,30,31,32,33,34,35,36,37,38,39,40,41,42,43,44,45,46,47,48,49,50,51,52,53,54,55,56,57,58,59,60,61,62,63,64,65,66,67,68,69,70,71,72,73,74,75,76,77,78,79,80,81,82,83,84,85,86,87,88,89,90,91,92,93,94,95,96,97,98,99,100,101,102,103,104,105,106,107,108,109,110,111,112,113,114,115,116,117,118,119,120,121,122,123,124,125,126,127,128	E,V,Q,L,V,E,S,G,G,-,G,L,V,K,P,G,G,S,L,K,L,S,C,A,A,S,G,F,T,F,-,-,-,-,S,D,Y,A,M,S,W,V,R,Q,T,P,E,K,R,L,E,W,V,A,T,I,S,G,G,-,-,G,T,Y,T,Y,Y,P,D,S,V,K,-,G,R,F,T,I,S,R,D,N,A,K,N,T,L,Y,L,Q,M,S,S,L,R,S,E,D,T,A,M,Y,Y,C,V,R,R,-,-,-,-,-,-,-,G,D,Y,W,G,Q,G,T,T,L,T,V,S,S
PRnD_N21	PRnD	22-SMARTindex	N144/32.1	HC	PRnD_N21.HC1	908	99.1	916	Illumina	ATCCTCTTCTCATAGAGCCTCCATCAGAGCATGGCTGTCCTGGTGCTGCTCCTCTGCCTGGTGACATTCCCAAGCTGTGTCCTGTCCCAGGTGCAGCTGAAGCAGTCAGGACCTGGCCTAGTGCAGCCCTCACAGAGCCTGTCCATAACCTGCACAGTCTCTGGTTTCTCATTAACTACCTATGGTGTACACTGGGTTCGCCAGTCTCCAGGAAAGGGTCTGGAGTGGCTGGGAGTGATATGGAGAGGTGGAAGAACAGACTACAATGCAGCTTTCATGTCCAGACTGAGCATCACCAAGGACAACTCCAAGAGCCAAGTTTTCTTTAAAATGAACAGTCTGCAAGCTGATGACACTGCCATATACTACTGTGCCAAACCCCAACTGGACTGGTACTTCGATGTCTGGGGCGCAGGGACCACGGTCACCGTCTCCTCA		H	1.3E-54	174.6	24	140	imgt	0	ILFS*SLHQSMAVLVLLLCLVTFPSCVLS`QVQLKQSGPGLVQPSQSLSITCTVSGFSLTTYGVHWVRQSPGKGLEWLGVIWRGGRTDYNAAFMSRLSITKDNSKSQVFFKMNSLQADDTAIYYCAKPQLDWYFDVWGAGTTVTVS`S	1,2,3,4,5,6,7,8,9,10,11,12,13,14,15,16,17,18,19,20,21,22,23,24,25,26,27,28,29,30,31,32,33,34,35,36,37,38,39,40,41,42,43,44,45,46,47,48,49,50,51,52,53,54,55,56,57,58,59,60,61,62,63,64,65,66,67,68,69,70,71,72,73,74,75,76,77,78,79,80,81,82,83,84,85,86,87,88,89,90,91,92,93,94,95,96,97,98,99,100,101,102,103,104,105,106,107,108,109,110,111,112,113,114,115,116,117,118,119,120,121,122,123,124,125,126,127,128	Q,V,Q,L,K,Q,S,G,P,-,G,L,V,Q,P,S,Q,S,L,S,I,T,C,T,V,S,G,F,S,L,-,-,-,-,T,T,Y,G,V,H,W,V,R,Q,S,P,G,K,G,L,E,W,L,G,V,I,W,R,G,-,-,-,G,R,T,D,Y,N,A,A,F,M,-,S,R,L,S,I,T,K,D,N,S,K,S,Q,V,F,F,K,M,N,S,L,Q,A,D,D,T,A,I,Y,Y,C,A,K,P,Q,L,D,-,-,W,Y,F,D,V,W,G,A,G,T,T,V,T,V,S,S
PRnD_N22	PRnD	23-SMARTindex	N147/6.1	HC	PRnD_N22.HC1	2451	99.9	2454	Illumina	ACATCGCTCTCACTGGAGGCTGATCTCTGAAGATAAGGAGGTGTAGCCTAAAAGATGAGAGTGCTGCTTCTTTTGTGTCTGTTCACAGCCTTTCCTGGTATCCTGTCTGATGTGCAGCTTCAGGAGTCGGGGCCTGGCCTGGTGAGACCTTCTCAGTCTCTGTCCCTCACCTGCACTGTCACTGGCTACTCAATCACCAGTGATTATGCCTGGTACTGGATCCGGCAGTTTCCTGGAAACAAACTGGAGTGGATGGGCTACATAAGCTTCAGTGATAGCACTAGCTACAACCCATCTCTCAAAAGTCGAGTCTCTATCACTCGAGACACATCCAAGAACCAGTTCTTCCTGCAGTTGAATTCTGTGACTACTGAGGACACAGCCACATATTACTGTTCAAGAAGGCGATACTACGGTAGTAGCTCGGGGTACTTCGATGTCTGGGGCGCAGGGACCACGGTCACCGTCTCCTCA		H	3.1E-53	170.1	19	140	imgt	0	TSLSLEADL*R*GGVA*KMRVLLLLCLFTAFPGILS`DVQLQESGPGLVRPSQSLSLTCTVTGYSITSDYAWYWIRQFPGNKLEWMGYISFSDSTSYNPSLKSRVSITRDTSKNQFFLQLNSVTTEDTATYYCSRRRYYGSSSGYFDVWGAGTTVTVS`S	1,2,3,4,5,6,7,8,9,10,11,12,13,14,15,16,17,18,19,20,21,22,23,24,25,26,27,28,29,30,31,32,33,34,35,36,37,38,39,40,41,42,43,44,45,46,47,48,49,50,51,52,53,54,55,56,57,58,59,60,61,62,63,64,65,66,67,68,69,70,71,72,73,74,75,76,77,78,79,80,81,82,83,84,85,86,87,88,89,90,91,92,93,94,95,96,97,98,99,100,101,102,103,104,105,106,107,108,109,110,111,111,112,112,113,114,115,116,117,118,119,120,121,122,123,124,125,126,127,128	D,V,Q,L,Q,E,S,G,P,-,G,L,V,R,P,S,Q,S,L,S,L,T,C,T,V,T,G,Y,S,I,T,-,-,-,S,D,Y,A,W,Y,W,I,R,Q,F,P,G,N,K,L,E,W,M,G,Y,I,S,F,S,-,-,-,D,S,T,S,Y,N,P,S,L,K,-,S,R,V,S,I,T,R,D,T,S,K,N,Q,F,F,L,Q,L,N,S,V,T,T,E,D,T,A,T,Y,Y,C,S,R,R,R,Y,Y,G,A,A,S,G,Y,F,D,V,W,G,A,G,T,T,V,T,V,S,S
PRnD_N23	PRnD	24-SMARTindex	N117/95	HC	PRnD_N23.HC1	1344	99.8	1347	Illumina	GCATATGATCAGTAACCTCTTCACAGTCACTGAAAACACTGACTCTAATCATGGAATGTAACTGGATACTTCCTTTTATTCTGTCAGTAACTTCAGGTGTCTACTCACAGGTTCAGCTCCAGCAGTCTGGGGCTGAGCTGGCAAGACCTGGGACTTCAGTGAGATTGTCCTGCAAGGCTTCTGGCTACATCTTTACTACCTACTGGGTGCAGTGGATAAAACAGAGGCCTGGACAGGGTCTGGAATGGATTGGGGCTATTTATCCTGGAGATGGTGATACTATCTACACTCAGAAGTTCAAGGGCAAGGCCACGTTGACTGCAGATAAATCCTCCAGCACAGCCTACATGGAAATCACCAGCTTGGCATCTGAGGACTCTGCGGTCTATTACTGTGCAATAGATGAATACTGGGGCCAAGGCGCCACTCTCACAGTCTCCTCA		H	2.3E-51	164.1	33	144	imgt	2	I*SVTSSQSLKTLTLIMECNWILPFILSVTSGVYS`QVQLQQSGAELARPGTSVRLSCKASGYIFTTYWVQWIKQRPGQGLEWIGAIYPGDGDTIYTQKFKGKATLTADKSSSTAYMEITSLASEDSAVYYCAIDEYWGQGATLTVS`S	1,2,3,4,5,6,7,8,9,10,11,12,13,14,15,16,17,18,19,20,21,22,23,24,25,26,27,28,29,30,31,32,33,34,35,36,37,38,39,40,41,42,43,44,45,46,47,48,49,50,51,52,53,54,55,56,57,58,59,60,61,62,63,64,65,66,67,68,69,70,71,72,73,74,75,76,77,78,79,80,81,82,83,84,85,86,87,88,89,90,91,92,93,94,95,96,97,98,99,100,101,102,103,104,105,106,107,108,109,110,111,112,113,114,115,116,117,118,119,120,121,122,123,124,125,126,127,128	Q,V,Q,L,Q,Q,S,G,A,-,E,L,A,R,P,G,T,S,V,R,L,S,C,K,A,S,G,Y,I,F,-,-,-,-,T,T,Y,W,V,Q,W,I,K,Q,R,P,G,Q,G,L,E,W,I,G,A,I,Y,P,G,-,-,D,G,D,T,I,Y,T,Q,K,F,K,-,G,K,A,T,L,T,A,D,K,S,S,S,T,A,Y,M,E,I,T,S,L,A,S,E,D,S,A,V,Y,Y,C,A,I,D,-,-,-,-,-,-,-,-,E,Y,W,G,Q,G,A,T,L,T,V,S,S
PRnD_N24	PRnD	25-SMARTindex	N143/38.2	HC	PRnD_N24.HC1	273	97.2	281	Illumina	AAGGGAGTGACCAGTTAGTCTTAAGGCACCACTGAGCCCAAGTCTTAGACATCATGGCTTGGGTGTGGACCTTGCTATTCCTGATGGCAGCTGCCCAAAGTATCCAAGCACAGATCCAGTTGGTGCAGTCTGGACCTGAGCTGAAGAAGCCTGGAGAGACAGTCAAGATTTCCTGCAAGACTTATGGTTATACCTTCACAGACTATTCAATGCACTGGGTGAAGCAGGCTCCAGGAAAGGGTTTAAAGTGGATGGGCTGGATAAACACTGAGACTGGTGCGCCGGCATATGGAGATGAGTTCAAGGGACGGCTTGCCTTCTCTTTGGAAACCTCTGCCAGCACTGCCTATTTGCAGATCAACAACCTCAAAAATGAGGACACGGCTACATATTTCTGTGCCAGATATGGTTACGACTACTGGGGCCAAGGCACCACTCTCACAGTCTCCTCA		H	1.1E-51	165.1	25	138	imgt	2	GSDQLVLRHH*AQVLDIMAWVWTLLFLMAAAQSIQA`QIQLVQSGPELKKPGETVKISCKTYGYTFTDYSMHWVKQAPGKGLKWMGWINTETGAPAYGDEFKGRLAFSLETSASTAYLQINNLKNEDTATYFCARYGYDYWGQGTTLTVS`S	1,2,3,4,5,6,7,8,9,10,11,12,13,14,15,16,17,18,19,20,21,22,23,24,25,26,27,28,29,30,31,32,33,34,35,36,37,38,39,40,41,42,43,44,45,46,47,48,49,50,51,52,53,54,55,56,57,58,59,60,61,62,63,64,65,66,67,68,69,70,71,72,73,74,75,76,77,78,79,80,81,82,83,84,85,86,87,88,89,90,91,92,93,94,95,96,97,98,99,100,101,102,103,104,105,106,107,108,109,110,111,112,113,114,115,116,117,118,119,120,121,122,123,124,125,126,127,128	Q,I,Q,L,V,Q,S,G,P,-,E,L,K,K,P,G,E,T,V,K,I,S,C,K,T,Y,G,Y,T,F,-,-,-,-,T,D,Y,S,M,H,W,V,K,Q,A,P,G,K,G,L,K,W,M,G,W,I,N,T,E,-,-,T,G,A,P,A,Y,G,D,E,F,K,-,G,R,L,A,F,S,L,E,T,S,A,S,T,A,Y,L,Q,I,N,N,L,K,N,E,D,T,A,T,Y,F,C,A,R,Y,G,-,-,-,-,-,-,Y,D,Y,W,G,Q,G,T,T,L,T,V,S,S
PRnD_N25	PRnD	26-SMARTindex	N143/36.11	HC	PRnD_N25.HC1	381	95.5	399	Illumina	TCTGACAGAGGAGGCCAGTCCTGGATTTGAGTTCCTCACATTCAGTGATGAGCACTGAACACAGACACCTCACCATGAACTTCGGGTTCAGCTTGATTTTCCTTGTCCTTGTTTTAAAAGGTGTCCAGTGTGAGGTGAAACTGGTGGAGTCTGGGGGAGGCTTAGTGAAGCCTGGAGGGTCCCTGAAACTCTCCTGTGCCGCCTCTGGATTCACTTTCAGTGATTATGGCATGTCTTGGGTTCGCCAGACTCCAGAGATGAGACTGGAGTGGCTCGCATCCATTAATATTGGTGGCACCGCGTTCTATTCAGACATTGTGAAGGGCCGTTTCACCATCTCCAGAGATAATGCCAGGAACTTCCTGTATCTGCAAATGAACAGTCTGAGGTCTGAGGACACGGCCATGTATTACTGTGAATATGGTATGAACTACTGGGGTCAAGGTACCCCAGTCACCGTCTCCTCA		H	9.7E-54	172.1	42	153	imgt	2	*QRRPVLDLSSSHSVMSTEHRHLTMNFGFSLIFLVLVLKGVQC`EVKLVESGGGLVKPGGSLKLSCAASGFTFSDYGMSWVRQTPEMRLEWLASINIGGTAFYSDIVKGRFTISRDNARNFLYLQMNSLRSEDTAMYYCEYGMNYWGQGTPVTVS`S	1,2,3,4,5,6,7,8,9,10,11,12,13,14,15,16,17,18,19,20,21,22,23,24,25,26,27,28,29,30,31,32,33,34,35,36,37,38,39,40,41,42,43,44,45,46,47,48,49,50,51,52,53,54,55,56,57,58,59,60,61,62,63,64,65,66,67,68,69,70,71,72,73,74,75,76,77,78,79,80,81,82,83,84,85,86,87,88,89,90,91,92,93,94,95,96,97,98,99,100,101,102,103,104,105,106,107,108,109,110,111,112,113,114,115,116,117,118,119,120,121,122,123,124,125,126,127,128	E,V,K,L,V,E,S,G,G,-,G,L,V,K,P,G,G,S,L,K,L,S,C,A,A,S,G,F,T,F,-,-,-,-,S,D,Y,G,M,S,W,V,R,Q,T,P,E,M,R,L,E,W,L,A,S,I,N,I,G,-,-,-,G,T,A,F,Y,S,D,I,V,K,-,G,R,F,T,I,S,R,D,N,A,R,N,F,L,Y,L,Q,M,N,S,L,R,S,E,D,T,A,M,Y,Y,C,E,Y,G,-,-,-,-,-,-,-,M,N,Y,W,G,Q,G,T,P,V,T,V,S,S
PRnD_N26	PRnD	27-SMARTindex	N144/17.2	HC	PRnD_N26.HC1	27	62.8	43	Illumina	ATAAGTCTCTGCCCAGACAAGACTGGTGTCTCTGGGGAAGGCAGCATTGTTATCTAGAAGATGAGACTACTAGGGTTTCTCCTGTGCTTGGCAGCAGCTCTAAAAAGTGTTCTGTCCCAGATTCAGCTGAAGGAGTCTGGACCTGCTGTCATCAAGCCATCACAGTCACTGTCTCTCACCTGCAGAGTCTCTGGATTCTCCATCATAAGTAGTAGTTATTGCTGGCACTGGATCCGCCAGCCCCCAGGAAAGGGATTAGAGTGGATGGGGCGCATGTGTTATGAAGGTTCAATATATTATAGTCCATCCATCAAAAGCCGCTTCACCTTCTCCAGAGACACATCTCTGAACAAATTCTTTATCCAGCTGAGCTCTGTGACAAATGAGGACACAGCCAGGTACTACTGTTCCAGGGAAATCTATGATTCCAGTGCTATGGACTATTGGGGTCAAGGAACCTCAGTCACCGTCTCCTCA		H	5.7E-53	169.4	20	139	imgt	0	ISLCPDKTGVSGEGSIVI*KMRLLGFLLCLAAALKSVLS`QIQLKESGPAVIKPSQSLSLTCRVSGFSIISSSYCWHWIRQPPGKGLEWMGRMCYEGSIYYSPSIKSRFTFSRDTSLNKFFIQLSSVTNEDTARYYCSREIYDSSAMDYWGQGTSVTVS`S	1,2,3,4,5,6,7,8,9,10,11,12,13,14,15,16,17,18,19,20,21,22,23,24,25,26,27,28,29,30,31,32,33,34,35,36,37,38,39,40,41,42,43,44,45,46,47,48,49,50,51,52,53,54,55,56,57,58,59,60,61,62,63,64,65,66,67,68,69,70,71,72,73,74,75,76,77,78,79,80,81,82,83,84,85,86,87,88,89,90,91,92,93,94,95,96,97,98,99,100,101,102,103,104,105,106,107,108,109,110,111,112,113,114,115,116,117,118,119,120,121,122,123,124,125,126,127,128	Q,I,Q,L,K,E,S,G,P,-,A,V,I,K,P,S,Q,S,L,S,L,T,C,R,V,S,G,F,S,I,I,-,-,S,S,S,Y,C,W,H,W,I,R,Q,P,P,G,K,G,L,E,W,M,G,R,M,C,Y,E,-,-,-,G,S,I,Y,Y,S,P,S,I,K,-,S,R,F,T,F,S,R,D,T,S,L,N,K,F,F,I,Q,L,S,S,V,T,N,E,D,T,A,R,Y,Y,C,S,R,E,I,Y,D,-,S,S,A,M,D,Y,W,G,Q,G,T,S,V,T,V,S,S
PRnD_N27	PRnD	K28-43	K28/43.2	HC	PRnD_N27.HC1	401	100	401	Illumina	TCTGACAGAGGAGGCCGGTCCTGGATTCGATTCCCAGTTCCTCACATTCAGTCAGCACTGAACACGGACCCCTCACCATGAACTTCGGGCTCAGCTTGATTTTCCTTGCCCTCATTTTAAAAGGTGTCCAGTGTGAGGTGCAACTGGTGGAGTCTGGGGGAGACTTAGTGAAGCCTGGAGGGTCCCTGAAACTCTCCTGTGCAGCCTCTGGATTCACTTTCAGTACCTATGGCATGTCTTGGGTTCGCCAGACTCCAGACAAGAGGCTGGAGTGGGTCGCAGCCATTAGTAGTGGTGGTTATTACACCTACTATCCAGACAGTGTGAAGGGGCGATTCACCATCTCCAGAGACGATGCCAAGAACACCCTGTACCTGCAAATGAGCAGTCTGAAGTCTGAGGACACAGCCATGTATTACTGTGCAAGAAGGGATTACGACGACGGTTATACTATGGATTACTGGGGTCAAGGAACCTCAGTCACCGTCTCCTCA		H	6.2E-61	195.3	43	162	imgt	2	*QRRPVLDSIPSSSHSVSTEHGPLTMNFGLSLIFLALILKGVQC`EVQLVESGGDLVKPGGSLKLSCAASGFTFSTYGMSWVRQTPDKRLEWVAAISSGGYYTYYPDSVKGRFTISRDDAKNTLYLQMSSLKSEDTAMYYCARRDYDDGYTMDYWGQGTSVTVS`S	1,2,3,4,5,6,7,8,9,10,11,12,13,14,15,16,17,18,19,20,21,22,23,24,25,26,27,28,29,30,31,32,33,34,35,36,37,38,39,40,41,42,43,44,45,46,47,48,49,50,51,52,53,54,55,56,57,58,59,60,61,62,63,64,65,66,67,68,69,70,71,72,73,74,75,76,77,78,79,80,81,82,83,84,85,86,87,88,89,90,91,92,93,94,95,96,97,98,99,100,101,102,103,104,105,106,107,108,109,110,111,112,113,114,115,116,117,118,119,120,121,122,123,124,125,126,127,128	E,V,Q,L,V,E,S,G,G,-,D,L,V,K,P,G,G,S,L,K,L,S,C,A,A,S,G,F,T,F,-,-,-,-,S,T,Y,G,M,S,W,V,R,Q,T,P,D,K,R,L,E,W,V,A,A,I,S,S,G,-,-,G,Y,Y,T,Y,Y,P,D,S,V,K,-,G,R,F,T,I,S,R,D,D,A,K,N,T,L,Y,L,Q,M,S,S,L,K,S,E,D,T,A,M,Y,Y,C,A,R,R,D,Y,D,D,G,Y,T,M,D,Y,W,G,Q,G,T,S,V,T,V,S,S
PRnD_N28	PRnD	K39-25	K39/25.3	HC	PRnD_N28.HC1	605	99.3	609	Illumina	AGCTCTGACAGAGGAGGCCAGTCCTGGATTCGATTCCCAGTTCCTCACATTCAGTGATCAGCACTGAACACGGACCCCTCACCATGAACTTTGGGCTGAGCTTGATTTTCCTTGTCCTAATTTTAAAAGGTGTCCAGTGTGAAGTGAAGCTGGTGGAGTCTGGGGGAGGCTTAGTGAAGCCTGGAGGGTCCCTGAAACTCTCCTGTGCAGCCTCTGGATTCGCTTTCAGTAGCTATGACATGTCTTGGGTTCGCCGGACTCCGGAGAAGAGGCTGGAGTGGGTCGCGAGTATTAGTTCTAGTGGTACTTATATGTACTATCCAGACAGTGTGAAGGGCCGATTCACCATCTCCAGAGACAATGCCAGGAACACGCTGTATCTGCAAATGAGTAGTCTGAGGTCTGAGGACACGGCCTTGTATTATTGTGTAAGACGGAAAACGGCTACAGGGTACTTCGATGTCTGGGGCGCAGGGACCACGGTCACCGTCTCCTCA		H	2.7E-56	180.3	44	162	imgt	2	L*QRRPVLDSIPSSSHSVISTEHGPLTMNFGLSLIFLVLILKGVQC`EVKLVESGGGLVKPGGSLKLSCAASGFAFSSYDMSWVRRTPEKRLEWVASISSSGTYMYYPDSVKGRFTISRDNARNTLYLQMSSLRSEDTALYYCVRRKTATGYFDVWGAGTTVTVS`S	1,2,3,4,5,6,7,8,9,10,11,12,13,14,15,16,17,18,19,20,21,22,23,24,25,26,27,28,29,30,31,32,33,34,35,36,37,38,39,40,41,42,43,44,45,46,47,48,49,50,51,52,53,54,55,56,57,58,59,60,61,62,63,64,65,66,67,68,69,70,71,72,73,74,75,76,77,78,79,80,81,82,83,84,85,86,87,88,89,90,91,92,93,94,95,96,97,98,99,100,101,102,103,104,105,106,107,108,109,110,111,112,113,114,115,116,117,118,119,120,121,122,123,124,125,126,127,128	E,V,K,L,V,E,S,G,G,-,G,L,V,K,P,G,G,S,L,K,L,S,C,A,A,S,G,F,A,F,-,-,-,-,S,S,Y,D,M,S,W,V,R,R,T,P,E,K,R,L,E,W,V,A,S,I,S,S,S,-,-,G,T,Y,M,Y,Y,P,D,S,V,K,-,G,R,F,T,I,S,R,D,N,A,R,N,T,L,Y,L,Q,M,S,S,L,R,S,E,D,T,A,L,Y,Y,C,V,R,R,K,T,A,-,T,G,Y,F,D,V,W,G,A,G,T,T,V,T,V,S,S
PRnD_N29	PRnD	K58-35	K58/35.4	HC	PRnD_N29.HC1	727	100	727	Illumina	ATGAGCACTGTTTTCTCTACAGTCACTGAATCTCAAGGTCCTTACAATGAAATGCAGCTGGGTCATCTTCTTCCTGATGGCAGTGGTTACAGGGGTCAATTCAGAGGTTCAGCTGCAGCAGTCTGGGGCTGAGCTTGTGAGGCCAGGGGCCTTAGTCAAGTTGTCCTGCACAGCTTCTGGCTTCAACATTAGAGACTACTATATGCACTGGATGAGACAGAGGCCTGAACAGGGCCTGGAGTGGATTGGATGGATTGATCTTGAGAATGGTAATGCTATATTTGACCCGAAGTTCCAGGACAAGGCCACTATGACACTTGACACATCCTCCATCACAGCCTTCCTGCACCTCAGCAGCCTGACATCTGAGGACACTGCCGTCTATTACTGTGCCGTCCTCTTCTATGGTAACTTCCCCTATGCTATGGACTACTGGGGTCAAGGAACCTCAGTCACCGTCTCCTCA		H	2.6E-51	163.9	33	153	imgt	1	*ALFSLQSLNLKVLTMKCSWVIFFLMAVVTGVNS`EVQLQQSGAELVRPGALVKLSCTASGFNIRDYYMHWMRQRPEQGLEWIGWIDLENGNAIFDPKFQDKATMTLDTSSITAFLHLSSLTSEDTAVYYCAVLFYGNFPYAMDYWGQGTSVTVS`S	1,2,3,4,5,6,7,8,9,10,11,12,13,14,15,16,17,18,19,20,21,22,23,24,25,26,27,28,29,30,31,32,33,34,35,36,37,38,39,40,41,42,43,44,45,46,47,48,49,50,51,52,53,54,55,56,57,58,59,60,61,62,63,64,65,66,67,68,69,70,71,72,73,74,75,76,77,78,79,80,81,82,83,84,85,86,87,88,89,90,91,92,93,94,95,96,97,98,99,100,101,102,103,104,105,106,107,108,109,110,111,112,112,113,114,115,116,117,118,119,120,121,122,123,124,125,126,127,128	E,V,Q,L,Q,Q,S,G,A,-,E,L,V,R,P,G,A,L,V,K,L,S,C,T,A,S,G,F,N,I,-,-,-,-,R,D,Y,Y,M,H,W,M,R,Q,R,P,E,Q,G,L,E,W,I,G,W,I,D,L,E,-,-,N,G,N,A,I,F,D,P,K,F,Q,-,D,K,A,T,M,T,L,D,T,S,S,I,T,A,F,L,H,L,S,S,L,T,S,E,D,T,A,V,Y,Y,C,A,V,L,F,Y,G,N,A,P,Y,A,M,D,Y,W,G,Q,G,T,S,V,T,V,S,S
PRnD_N30	PRnD	L109-57	L109/57.1	HC	PRnD_N30.HC1	1713	99.6	1720	Illumina	GACATAGAGTCTAACCATGGAATGGAACTGGGTCGTTCTCTTCCTCCTGTCATTAACTGCAGGTGTCTATGCCCAGGGTCAGATGCAGCAGTCTGGAGCTGAGCTGGTGAAGCCTGGGGCTTCAGTGAAGCTGTCCTGCAAGACTTCTGGCTTCACCTTCAGCAGTAGCTATATAAGTTGGTTGAAGCAAAAGCCTGGACAGAGTCTTGAGTGGATTGCATGGATTTATGCTGGAACTGGTGATACTAACTATAATCAGAAGTTCACAGGCAAGGCCCAACTGACTGTAGACACATCCTCCAGCACAGCCTACATGCAATTCAGCAGCCTGACAGCTGAGGACTCTGCCATCTATTACTGTGCAAGACACAAATATAGGTACCTTGACTACTGGGGCCAAGGCACCACTCTCACAGTCTCCTCA		H	9.3E-54	171.8	22	138	imgt	1	T*SLTMEWNWVVLFLLSLTAGVYA`QGQMQQSGAELVKPGASVKLSCKTSGFTFSSSYISWLKQKPGQSLEWIAWIYAGTGDTNYNQKFTGKAQLTVDTSSSTAYMQFSSLTAEDSAIYYCARHKYRYLDYWGQGTTLTVS`S	1,2,3,4,5,6,7,8,9,10,11,12,13,14,15,16,17,18,19,20,21,22,23,24,25,26,27,28,29,30,31,32,33,34,35,36,37,38,39,40,41,42,43,44,45,46,47,48,49,50,51,52,53,54,55,56,57,58,59,60,61,62,63,64,65,66,67,68,69,70,71,72,73,74,75,76,77,78,79,80,81,82,83,84,85,86,87,88,89,90,91,92,93,94,95,96,97,98,99,100,101,102,103,104,105,106,107,108,109,110,111,112,113,114,115,116,117,118,119,120,121,122,123,124,125,126,127,128	Q,G,Q,M,Q,Q,S,G,A,-,E,L,V,K,P,G,A,S,V,K,L,S,C,K,T,S,G,F,T,F,-,-,-,-,S,S,S,Y,I,S,W,L,K,Q,K,P,G,Q,S,L,E,W,I,A,W,I,Y,A,G,-,-,T,G,D,T,N,Y,N,Q,K,F,T,-,G,K,A,Q,L,T,V,D,T,S,S,S,T,A,Y,M,Q,F,S,S,L,T,A,E,D,S,A,I,Y,Y,C,A,R,H,K,Y,-,-,-,R,Y,L,D,Y,W,G,Q,G,T,T,L,T,V,S,S
PRnD_N1	PRnD	01-SMARTindex	K91/36.2	LC	PRnD_N1.LC1	2697	78.9	3418	Illumina	ACCAAAGTTCAAAGACAAAATGGATTTTCAAGTGCAGATTTTCAGCTTCCTGCTAATCAGTGCCTCAGTCATACTGTCCAGAGGACAAATTGTTCTCACCCAGTCTCCAGCAATCATGTCTGCATCTCCAGGGGAGAAGGTCACCATGACCTGCAGTGCCAGCTCAAGTGTAAGTTACATGTATTGGTACCAGCAGAAGCCAGGATCCTCCCCCAGACTCCTGATTTATGACACATCCAACCTGGCTTCTGGAATCCCTATTCGCTTCAGTGGCAGTGGGTCTGGGACCTCTTACTCTCTCACAATCAGCCGAATGGAGGCTGAAGATGCTGCCACTTATTACTGCCAGCAGTGGAGTAGTTACCCGGTCACGTTCGGTGCTGGGACCAAGCTGGAGCTGAAACGGGCT		K	7.2E-53	169	28	133	imgt	1	PKFKDKMDFQVQIFSFLLISASVILSRG`QIVLTQSPAIMSASPGEKVTMTCSASSSVSYMYWYQQKPGSSPRLLIYDTSNLASGIPIRFSGSGSGTSYSLTISRMEAEDAATYYCQQWSSYPVTFGAGTKLEL`KRA	1,2,3,4,5,6,7,8,9,10,11,12,13,14,15,16,17,18,19,20,21,22,23,24,25,26,27,28,29,30,31,32,33,34,35,36,37,38,39,40,41,42,43,44,45,46,47,48,49,50,51,52,53,54,55,56,57,58,59,60,61,62,63,64,65,66,67,68,69,70,71,72,73,74,75,76,77,78,79,80,81,82,83,84,85,86,87,88,89,90,91,92,93,94,95,96,97,98,99,100,101,102,103,104,105,106,107,108,109,110,111,112,113,114,115,116,117,118,119,120,121,122,123,124,125,126,127	Q,I,V,L,T,Q,S,P,A,I,M,S,A,S,P,G,E,K,V,T,M,T,C,S,A,S,S,S,V,-,-,-,-,-,-,-,S,Y,M,Y,W,Y,Q,Q,K,P,G,S,S,P,R,L,L,I,Y,D,T,-,-,-,-,-,-,-,S,N,L,A,S,G,I,P,-,I,R,F,S,G,S,G,-,-,S,G,T,S,Y,S,L,T,I,S,R,M,E,A,E,D,A,A,T,Y,Y,C,Q,Q,W,S,S,-,-,-,-,Y,P,V,T,F,G,A,G,T,K,L,E,L,K
PRnD_N2	PRnD	03-SMARTindex	L28/4.1	LC	PRnD_N2.LC1	1596	83.4	1913	Illumina	GAGCCACACAAACTCAGGGAAAGCTCGAAGATGGTTTTCACACCTCAGATACTTGGACTTATGCTTTTTTGGATTTCAGCCTCCAGAGGTGATATTGTGCTAACTCAGTCTCCAGCCACCCTGTCTGTGACTCCAGGAGATAGCGTCAGTCTTTCCTGCAGGGCCAGCCAAAGTATTAGCAACAACCTACACTGGTATCAACTAAAGTCACATGAGTCTCCAAGGCTTCTCATCAAGTATGCTTCCCAGTCCATCTCTGGGATCCCCTCCAGGTTCAGTGGCAGTGGATCAGGGACAGATTTCACTCTCAGTATCAACAGTGTGGAGACTGAAGATTTTGGAATGTATTTCTGTCAACAGAGTAACAGCTGGCCTCAGACGTTCGGTGGAGGCACCAAGCTGGAAATCAAACGGGCT		K	5.8E-50	159.6	30	136	imgt	0	EPHKLRESSKMVFTPQILGLMLFWISASRG`DIVLTQSPATLSVTPGDSVSLSCRASQSISNNLHWYQLKSHESPRLLIKYASQSISGIPSRFSGSGSGTDFTLSINSVETEDFGMYFCQQSNSWPQTFGGGTKLEI`KRA	1,2,3,4,5,6,7,8,9,10,11,12,13,14,15,16,17,18,19,20,21,22,23,24,25,26,27,28,29,30,31,32,33,34,35,36,37,38,39,40,41,42,43,44,45,46,47,48,49,50,51,52,53,54,55,56,57,58,59,60,61,62,63,64,65,66,67,68,69,70,71,72,73,74,75,76,77,78,79,80,81,82,83,84,85,86,87,88,89,90,91,92,93,94,95,96,97,98,99,100,101,102,103,104,105,106,107,108,109,110,111,112,113,114,115,116,117,118,119,120,121,122,123,124,125,126,127	D,I,V,L,T,Q,S,P,A,T,L,S,V,T,P,G,D,S,V,S,L,S,C,R,A,S,Q,S,I,-,-,-,-,-,-,S,N,N,L,H,W,Y,Q,L,K,S,H,E,S,P,R,L,L,I,K,Y,A,-,-,-,-,-,-,-,S,Q,S,I,S,G,I,P,-,S,R,F,S,G,S,G,-,-,S,G,T,D,F,T,L,S,I,N,S,V,E,T,E,D,F,G,M,Y,F,C,Q,Q,S,N,S,-,-,-,-,W,P,Q,T,F,G,G,G,T,K,L,E,I,K
PRnD_N3	PRnD	04-SMARTindex	L43/40.1	LC	PRnD_N3.LC1	1126	81	1390	Illumina	ACTGATCACTCTCCTATGTTCATTTCCTCAAAATGATGAGTCCTGCCCAGGTCCTGTTTCTGTTAGTGCTCTGGATTCGGGAAACCAACGGTGATGTCGTGATGACCCAGACTCCACTCACTTTGTCGGTTACCATTGGACAACCAGCCTCCATCTCTTGCAAGTCAAGTCAGAGCCTCTTAGATAGTGATGGAAAGACATATTTGCATTGGCTATTTCAGAGGCCAGGCCAGTCACCAAAGCGCCTAATCTATTTGGTGTCTAAACTGGACTCTGGAGTCCCTGACAGGTTCACTGGCAGTGGATCAGGGACAGATTTCACACTGAAAATCAGCAGAGTGGAGGCTGAGGATTTGGGAGTTTATTGGTGCTGGCAAGGTACTCATTTTCCGTACACGTTCGGAGGGGGGACCACGCTGGAAATAAAACGGGCT		K	1.8E-51	164.4	29	140	imgt	2	*SLSYVHFLKMMSPAQVLFLLVLWIRETNG`DVVMTQTPLTLSVTIGQPASISCKSSQSLLDSDGKTYLHWLFQRPGQSPKRLIYLVSKLDSGVPDRFTGSGSGTDFTLKISRVEAEDLGVYWCWQGTHFPYTFGGGTTLEI`KRA	1,2,3,4,5,6,7,8,9,10,11,12,13,14,15,16,17,18,19,20,21,22,23,24,25,26,27,28,29,30,31,32,33,34,35,36,37,38,39,40,41,42,43,44,45,46,47,48,49,50,51,52,53,54,55,56,57,58,59,60,61,62,63,64,65,66,67,68,69,70,71,72,73,74,75,76,77,78,79,80,81,82,83,84,85,86,87,88,89,90,91,92,93,94,95,96,97,98,99,100,101,102,103,104,105,106,107,108,109,110,111,112,113,114,115,116,117,118,119,120,121,122,123,124,125,126,127	D,V,V,M,T,Q,T,P,L,T,L,S,V,T,I,G,Q,P,A,S,I,S,C,K,S,S,Q,S,L,L,D,S,-,D,G,K,T,Y,L,H,W,L,F,Q,R,P,G,Q,S,P,K,R,L,I,Y,L,V,-,-,-,-,-,-,-,S,K,L,D,S,G,V,P,-,D,R,F,T,G,S,G,-,-,S,G,T,D,F,T,L,K,I,S,R,V,E,A,E,D,L,G,V,Y,W,C,W,Q,G,T,H,-,-,-,-,F,P,Y,T,F,G,G,G,T,T,L,E,I,K
PRnD_N4	PRnD	05-SMARTindex	L111/118.3	LC	PRnD_N4.LC1	1043	80.6	1294	Illumina	ACTGATCAGTCTCCTCAGGCTGTCTCCTCAGGTTGCCTCCTCAAAATGAAGTTGCCTGTTAGGCTGTTGGTGCTGATGTTCTGGATTCCTGCTTCCAGCAGTGATGTTGTGATGACCCAAACTCCACTCTCCCTGCCTGTCAGTCTTGGAGATCAAGCCTCCATCTCTTGCAGATCTAGTCAGAGCCTTGTACACAGTAATGGAGACACCTATTTACATTGGTACCTGCAGAAGCCAGGCCAGTCTCCAAAGCTCCTGATCTACAAAGTTTCCAACCGATTTTCTGGGGTCCCAGACAGGTTCAGTGGCAGTGGATCAGGGACAGATTTCACACTCAAGATCAGCAGAGTGGAGGCTGAGGATCTGGGAGTTTATTTCTGCTCTCAAAGTATATATGTTCCTTACACGTTCGGAGGGGGGACCAAGCTGGAAATAAAACGGGCT		K	2.8E-57	183.1	34	145	imgt	0	TDQSPQAVSSGCLLKMKLPVRLLVLMFWIPASSS`DVVMTQTPLSLPVSLGDQASISCRSSQSLVHSNGDTYLHWYLQKPGQSPKLLIYKVSNRFSGVPDRFSGSGSGTDFTLKISRVEAEDLGVYFCSQSIYVPYTFGGGTKLEI`KRA	1,2,3,4,5,6,7,8,9,10,11,12,13,14,15,16,17,18,19,20,21,22,23,24,25,26,27,28,29,30,31,32,33,34,35,36,37,38,39,40,41,42,43,44,45,46,47,48,49,50,51,52,53,54,55,56,57,58,59,60,61,62,63,64,65,66,67,68,69,70,71,72,73,74,75,76,77,78,79,80,81,82,83,84,85,86,87,88,89,90,91,92,93,94,95,96,97,98,99,100,101,102,103,104,105,106,107,108,109,110,111,112,113,114,115,116,117,118,119,120,121,122,123,124,125,126,127	D,V,V,M,T,Q,T,P,L,S,L,P,V,S,L,G,D,Q,A,S,I,S,C,R,S,S,Q,S,L,V,H,S,-,N,G,D,T,Y,L,H,W,Y,L,Q,K,P,G,Q,S,P,K,L,L,I,Y,K,V,-,-,-,-,-,-,-,S,N,R,F,S,G,V,P,-,D,R,F,S,G,S,G,-,-,S,G,T,D,F,T,L,K,I,S,R,V,E,A,E,D,L,G,V,Y,F,C,S,Q,S,I,Y,-,-,-,-,V,P,Y,T,F,G,G,G,T,K,L,E,I,K
PRnD_N5	PRnD	06-SMARTindex	L114/3.3	LC	PRnD_N5.LC1	669	79.5	842	Illumina	AATTGAAGTCAAGACTCAGCCTGGACATGATGTCCTCTGCTCAGTTCCTTGGTCTCCTGTTGCTCTGTTTTCAAGGTACCAGATGTAATATCCAGATGACACAGACTACATCCTCCCTGTCTGCCTCTCTGGGAGACAGAGTCACCATCAGTTGCAGTGCAAGTCAGGACATTAGCAATTATTTAAACTGGTATCAGCAGAAACCAGATGGAACTGTTAAACTCCTGATCTATTACACGTCAAGTTTACACTCAGGAGTCCCATCAAGATTCAGTGGCAGTGGGTCTGGGACAGATTATTCTCTCACCATCAGCAACCTGGAACCTGAAGATATTGCCACTTACTATTGTCAGCAGCATAGTCAGTTTCCGTGGACGTTCGGTGGAGGCACCAAGCTGGAAATCAAACGGGCT		K	1.5E-54	174.4	28	134	imgt	2	LKSRLSLDMMSSAQFLGLLLLCFQGTRC`NIQMTQTTSSLSASLGDRVTISCSASQDISNYLNWYQQKPDGTVKLLIYYTSSLHSGVPSRFSGSGSGTDYSLTISNLEPEDIATYYCQQHSQFPWTFGGGTKLEI`KRA	1,2,3,4,5,6,7,8,9,10,11,12,13,14,15,16,17,18,19,20,21,22,23,24,25,26,27,28,29,30,31,32,33,34,35,36,37,38,39,40,41,42,43,44,45,46,47,48,49,50,51,52,53,54,55,56,57,58,59,60,61,62,63,64,65,66,67,68,69,70,71,72,73,74,75,76,77,78,79,80,81,82,83,84,85,86,87,88,89,90,91,92,93,94,95,96,97,98,99,100,101,102,103,104,105,106,107,108,109,110,111,112,113,114,115,116,117,118,119,120,121,122,123,124,125,126,127	N,I,Q,M,T,Q,T,T,S,S,L,S,A,S,L,G,D,R,V,T,I,S,C,S,A,S,Q,D,I,-,-,-,-,-,-,S,N,Y,L,N,W,Y,Q,Q,K,P,D,G,T,V,K,L,L,I,Y,Y,T,-,-,-,-,-,-,-,S,S,L,H,S,G,V,P,-,S,R,F,S,G,S,G,-,-,S,G,T,D,Y,S,L,T,I,S,N,L,E,P,E,D,I,A,T,Y,Y,C,Q,Q,H,S,Q,-,-,-,-,F,P,W,T,F,G,G,G,T,K,L,E,I,K
PRnD_N6	PRnD	07-SMARTindex	L114/81.7.1	LC	PRnD_N6.LC1	1212	77.1	1572	Illumina	ATTGTCATTGCAGTCAGGACTCAGCATGGACATGAGGGCTCCTGCACAGATTTTTGGCTTCTTGTTGCTCTGGTTTCCAGGTACCAGATGTGACATCCAGATGACCCAGTCTCCATCCTCCTTATCTGCCTCTCTGGGAGAAAGAGTCAGTCTCACTTGTCGGGCAAGTCAGGACATTGGTAGTAGCTTAAACTGGCTTCAGCAGGAACCAGATGGAACTATTAAACGCCTGATCTATGCCACATCCATTTTAGATTCTGGTGTCCCCAAAAGGTTCAGTGGCAGTAGGTCTGGGTCAGATTATTCTCTCACCATCAGCAGCCTTGAGTCTGAAGATTTTGTAGACTATTACTGTCTACAATATGCTAGTTCTCCGTGGACGTTCGGTGGAGGCACCAAGCTGGAAATCAAACGGGCT		K	1E-48	155.6	30	136	imgt	1	LSLQSGLSMDMRAPAQIFGFLLLWFPGTRC`DIQMTQSPSSLSASLGERVSLTCRASQDIGSSLNWLQQEPDGTIKRLIYATSILDSGVPKRFSGSRSGSDYSLTISSLESEDFVDYYCLQYASSPWTFGGGTKLEI`KRA	1,2,3,4,5,6,7,8,9,10,11,12,13,14,15,16,17,18,19,20,21,22,23,24,25,26,27,28,29,30,31,32,33,34,35,36,37,38,39,40,41,42,43,44,45,46,47,48,49,50,51,52,53,54,55,56,57,58,59,60,61,62,63,64,65,66,67,68,69,70,71,72,73,74,75,76,77,78,79,80,81,82,83,84,85,86,87,88,89,90,91,92,93,94,95,96,97,98,99,100,101,102,103,104,105,106,107,108,109,110,111,112,113,114,115,116,117,118,119,120,121,122,123,124,125,126,127	D,I,Q,M,T,Q,S,P,S,S,L,S,A,S,L,G,E,R,V,S,L,T,C,R,A,S,Q,D,I,-,-,-,-,-,-,G,S,S,L,N,W,L,Q,Q,E,P,D,G,T,I,K,R,L,I,Y,A,T,-,-,-,-,-,-,-,S,I,L,D,S,G,V,P,-,K,R,F,S,G,S,R,-,-,S,G,S,D,Y,S,L,T,I,S,S,L,E,S,E,D,F,V,D,Y,Y,C,L,Q,Y,A,S,-,-,-,-,S,P,W,T,F,G,G,G,T,K,L,E,I,K
PRnD_N7	PRnD	08-SMARTindex	L122/6.2	LC	PRnD_N7.LC1	1014	78.5	1291	Illumina	AGCATCAGACAGGCTGGGCAGCAAGATGGAATCACAGACCCAGGTCCTCATGTTTCTTCTGCTCTGGGTATCTGGTGCCTGTGCAGACATTGTGATGACACAGTCTCCATCCTCCCTGGCTATGTCAGTAGGACAGAAGGTCACTATGAGCTGCAAGTCCAGTCAGAGCCTTTTAAATAGTAGCAATCAAAAGAACTATTTGGCCTGGTACCAGCAGAAACCAGGACAGTCTCCTAAACTTCTGGTATACTTTGCATCCACTAGGGAATCTGGGGTCCCTGATCGCTTCATAGGCAGTGGATCTGGGACAGATTTCATTCTTACCATCAGCAGTGTGCAGGCTGAAGACCTGGCAGATTACTTCTGTCAGCAACATTATAGCACTCCGCTCACGTTCGGTGCTGGGACCAAGCTGGAGCTGAAACGGGCT		K	3.9E-57	182.8	28	140	imgt	1	ASDRLGSKMESQTQVLMFLLLWVSGACA`DIVMTQSPSSLAMSVGQKVTMSCKSSQSLLNSSNQKNYLAWYQQKPGQSPKLLVYFASTRESGVPDRFIGSGSGTDFILTISSVQAEDLADYFCQQHYSTPLTFGAGTKLEL`KRA	1,2,3,4,5,6,7,8,9,10,11,12,13,14,15,16,17,18,19,20,21,22,23,24,25,26,27,28,29,30,31,32,33,34,35,36,37,38,39,40,41,42,43,44,45,46,47,48,49,50,51,52,53,54,55,56,57,58,59,60,61,62,63,64,65,66,67,68,69,70,71,72,73,74,75,76,77,78,79,80,81,82,83,84,85,86,87,88,89,90,91,92,93,94,95,96,97,98,99,100,101,102,103,104,105,106,107,108,109,110,111,112,113,114,115,116,117,118,119,120,121,122,123,124,125,126,127	D,I,V,M,T,Q,S,P,S,S,L,A,M,S,V,G,Q,K,V,T,M,S,C,K,S,S,Q,S,L,L,N,S,S,N,Q,K,N,Y,L,A,W,Y,Q,Q,K,P,G,Q,S,P,K,L,L,V,Y,F,A,-,-,-,-,-,-,-,S,T,R,E,S,G,V,P,-,D,R,F,I,G,S,G,-,-,S,G,T,D,F,I,L,T,I,S,S,V,Q,A,E,D,L,A,D,Y,F,C,Q,Q,H,Y,S,-,-,-,-,T,P,L,T,F,G,A,G,T,K,L,E,L,K
PRnD_N8	PRnD	09-SMARTindex	N28/9.1	LC	PRnD_N8.LC1	270	73.4	368	Illumina	ACTTTTGACTCACCATATCAAGTTCGCAGAATGAGGTTCTCTGCTCAGCTTCTGGGGCTGCTTGTGCTCTGGATCCCTGGATCCACTGCAGATATTGTGATGACGCAGGCTGCATTCTCCAATCCAGTCACTCTTGGAACATCAGCTTCCATCTCCTGCAGGTCTAGTAAGAGTCTCCTATATAGTAATGGCATCACTTATTTGTATTGGTATCTGCAGAAGCCAGGCCAGTCTCCTCAGCTCCTGATTTATCAGATGTCCAACCTTGCCTCAGGAGTCCCAGACAGGTTCAGTAGCAGTGGGTCAGGAACTGATTTCACACTGAGAATCAGCAGAGTGGAGGCTGAGGATGTGGGTGTTTATTACTGTGCTCAAAATCTAGAAGTTCCGTGGACGTTCGGTGGAGGCACCAAGCTGGAAATCAAACGGGCT		K	1.1E-52	168.4	30	141	imgt	0	TFDSPYQVRRMRFSAQLLGLLVLWIPGSTA`DIVMTQAAFSNPVTLGTSASISCRSSKSLLYSNGITYLYWYLQKPGQSPQLLIYQMSNLASGVPDRFSSSGSGTDFTLRISRVEAEDVGVYYCAQNLEVPWTFGGGTKLEI`KRA	1,2,3,4,5,6,7,8,9,10,11,12,13,14,15,16,17,18,19,20,21,22,23,24,25,26,27,28,29,30,31,32,33,34,35,36,37,38,39,40,41,42,43,44,45,46,47,48,49,50,51,52,53,54,55,56,57,58,59,60,61,62,63,64,65,66,67,68,69,70,71,72,73,74,75,76,77,78,79,80,81,82,83,84,85,86,87,88,89,90,91,92,93,94,95,96,97,98,99,100,101,102,103,104,105,106,107,108,109,110,111,112,113,114,115,116,117,118,119,120,121,122,123,124,125,126,127	D,I,V,M,T,Q,A,A,F,S,N,P,V,T,L,G,T,S,A,S,I,S,C,R,S,S,K,S,L,L,Y,S,-,N,G,I,T,Y,L,Y,W,Y,L,Q,K,P,G,Q,S,P,Q,L,L,I,Y,Q,M,-,-,-,-,-,-,-,S,N,L,A,S,G,V,P,-,D,R,F,S,S,S,G,-,-,S,G,T,D,F,T,L,R,I,S,R,V,E,A,E,D,V,G,V,Y,Y,C,A,Q,N,L,E,-,-,-,-,V,P,W,T,F,G,G,G,T,K,L,E,I,K
PRnD_N9	PRnD	10-SMARTindex	N263/31.1	LC	PRnD_N9.LC1	1585	76.3	2078	Illumina	AGACAGGCAGGGGAAGCAAGATGGATTCACAGGCCCAGGTTCTTATGTTACTGCTGCTATGGGTATCTGGTACCTGTGGGGACATTGTGATGTCACAGTCTCCATCCTCCCTAGCTGTGTCAGTTGGAGAGAAGGTTACTATGAGCTGCAAGTCCAGTCAGAGCCTTTTATATAGTAGCAATCAAAAGAACTACTTGGCCTGGTACCAGCAGAAACCAGGGCAGTCTCCTAAACTGCTGATTTACTGGGCATCCACTAGGGAATCTGGGGTCCCTGATCGCTTCACAGGCAGTGGATCTGGGACAGATTTCACTCTCACCATCAGCAGTGTGAAGGCTGAAGACCTGGCAGTTTATTACTGTCAGCAATATTATCACTATCCGCTCACGTTCGGTGCTGGGACCAAGCTGGAGCTGAAACGGGCT		K	2.8E-59	189.7	26	138	imgt	2	TGRGSKMDSQAQVLMLLLLWVSGTCG`DIVMSQSPSSLAVSVGEKVTMSCKSSQSLLYSSNQKNYLAWYQQKPGQSPKLLIYWASTRESGVPDRFTGSGSGTDFTLTISSVKAEDLAVYYCQQYYHYPLTFGAGTKLEL`KRA	1,2,3,4,5,6,7,8,9,10,11,12,13,14,15,16,17,18,19,20,21,22,23,24,25,26,27,28,29,30,31,32,33,34,35,36,37,38,39,40,41,42,43,44,45,46,47,48,49,50,51,52,53,54,55,56,57,58,59,60,61,62,63,64,65,66,67,68,69,70,71,72,73,74,75,76,77,78,79,80,81,82,83,84,85,86,87,88,89,90,91,92,93,94,95,96,97,98,99,100,101,102,103,104,105,106,107,108,109,110,111,112,113,114,115,116,117,118,119,120,121,122,123,124,125,126,127	D,I,V,M,S,Q,S,P,S,S,L,A,V,S,V,G,E,K,V,T,M,S,C,K,S,S,Q,S,L,L,Y,S,S,N,Q,K,N,Y,L,A,W,Y,Q,Q,K,P,G,Q,S,P,K,L,L,I,Y,W,A,-,-,-,-,-,-,-,S,T,R,E,S,G,V,P,-,D,R,F,T,G,S,G,-,-,S,G,T,D,F,T,L,T,I,S,S,V,K,A,E,D,L,A,V,Y,Y,C,Q,Q,Y,Y,H,-,-,-,-,Y,P,L,T,F,G,A,G,T,K,L,E,L,K
PRnD_N10	PRnD	11-SMARTindex	N486/32.1	LC	PRnD_N10.LC1	903	84.3	1071	Illumina	ACTGATCAGTCTCCTCAGGCTGTCTCCTCAGGTTGCCTCCTCAAAATGAAGTTGCCTGTTAGGCTGTTGGTGCTGATGTTCTGGATTCCTGCTTCCAGCAGTGATGTTGTGATGACCCAAACTCCACTCTCCCTGCCTGTCAGTCTTGGAGATCAAGCCTCCATCTCTTGCAGATCTAGTCAGAGCCTTGTACACAGTAATGGAAACACCTATTTACATTGGTACCTGCAGAAGCCAGGCCAGTCTCCAAAGCTCCTGATGTACAAAGTTTCCAACCGATTTTCTGGGGTCCCAGACAGGTTCAGTGGCAGTGGATCAGGGACAGATTTCACACTCAAGATCAGCAGAGTGGAGGCTGAGGATCTGGGAGTTTATTTCTGCTCTCAAAGTACACATGTTCCATTCACGTTCGGCTCGGGGACAAAGTTGGAAATAAAACGGGCT		K	6.9E-57	181.9	34	145	imgt	0	TDQSPQAVSSGCLLKMKLPVRLLVLMFWIPASSS`DVVMTQTPLSLPVSLGDQASISCRSSQSLVHSNGNTYLHWYLQKPGQSPKLLMYKVSNRFSGVPDRFSGSGSGTDFTLKISRVEAEDLGVYFCSQSTHVPFTFGSGTKLEI`KRA	1,2,3,4,5,6,7,8,9,10,11,12,13,14,15,16,17,18,19,20,21,22,23,24,25,26,27,28,29,30,31,32,33,34,35,36,37,38,39,40,41,42,43,44,45,46,47,48,49,50,51,52,53,54,55,56,57,58,59,60,61,62,63,64,65,66,67,68,69,70,71,72,73,74,75,76,77,78,79,80,81,82,83,84,85,86,87,88,89,90,91,92,93,94,95,96,97,98,99,100,101,102,103,104,105,106,107,108,109,110,111,112,113,114,115,116,117,118,119,120,121,122,123,124,125,126,127	D,V,V,M,T,Q,T,P,L,S,L,P,V,S,L,G,D,Q,A,S,I,S,C,R,S,S,Q,S,L,V,H,S,-,N,G,N,T,Y,L,H,W,Y,L,Q,K,P,G,Q,S,P,K,L,L,M,Y,K,V,-,-,-,-,-,-,-,S,N,R,F,S,G,V,P,-,D,R,F,S,G,S,G,-,-,S,G,T,D,F,T,L,K,I,S,R,V,E,A,E,D,L,G,V,Y,F,C,S,Q,S,T,H,-,-,-,-,V,P,F,T,F,G,S,G,T,K,L,E,I,K
PRnD_N11	PRnD	12-SMARTindex	N149/25.1	LC	PRnD_N11.LC1	2170	71.3	3042	Illumina	CTACATCTGAAAGGCAGGTGGAGCAAGATGGAATCACAGACTCAGGTCCTCATCTCCTTGCTGTTCTGGGTATCTGGTACCTGTGGGGACATTGTGATGACACAGTCTCCATCCTCCCTGAGTGTGTCAGCAGGAGAGAAGGTCACTATGAGTTGCAAGTCCAGTCAGAGTCTGTTAAGCAGTGGAAATCAAAAGAACTACTTGGCCTGGTACCAGCAGAAACCAGGGCAGCCTCCTAAAGTGTTGATCTACGGGGCATCCAGTAGGGGATCTGGGGTCCCTGATCGCTTCACAGGCAGTGGATCTGGAACCGATTTCACTCTTACCATCAGCAGTGTGCAGGCTGAAGACCTGGCAGTTTATTACTGTCAGAATGATCATAGTTATCCGCTCACGTTCGGTGCTGGGACCAAGCTGGAGCTGAAACGGGCT		K	2.1E-57	183.6	29	141	imgt	0	LHLKGRWSKMESQTQVLISLLFWVSGTCG`DIVMTQSPSSLSVSAGEKVTMSCKSSQSLLSSGNQKNYLAWYQQKPGQPPKVLIYGASSRGSGVPDRFTGSGSGTDFTLTISSVQAEDLAVYYCQNDHSYPLTFGAGTKLEL`KRA	1,2,3,4,5,6,7,8,9,10,11,12,13,14,15,16,17,18,19,20,21,22,23,24,25,26,27,28,29,30,31,32,33,34,35,36,37,38,39,40,41,42,43,44,45,46,47,48,49,50,51,52,53,54,55,56,57,58,59,60,61,62,63,64,65,66,67,68,69,70,71,72,73,74,75,76,77,78,79,80,81,82,83,84,85,86,87,88,89,90,91,92,93,94,95,96,97,98,99,100,101,102,103,104,105,106,107,108,109,110,111,112,113,114,115,116,117,118,119,120,121,122,123,124,125,126,127	D,I,V,M,T,Q,S,P,S,S,L,S,V,S,A,G,E,K,V,T,M,S,C,K,S,S,Q,S,L,L,S,S,G,N,Q,K,N,Y,L,A,W,Y,Q,Q,K,P,G,Q,P,P,K,V,L,I,Y,G,A,-,-,-,-,-,-,-,S,S,R,G,S,G,V,P,-,D,R,F,T,G,S,G,-,-,S,G,T,D,F,T,L,T,I,S,S,V,Q,A,E,D,L,A,V,Y,Y,C,Q,N,D,H,S,-,-,-,-,Y,P,L,T,F,G,A,G,T,K,L,E,L,K
PRnD_N12	PRnD	13-SMARTindex	N15/4.1	LC	PRnD_N12.LC1	1965	70.3	2796	Illumina	ACTGATCAGTCTCCTCAGGCTGTCTCCTCAGGTTGCCTCCTCAAAATGAAGTTGCCTGTTAGGCTGTTGGTGCTGATGTTCTGGATTCCTGCTTCCAGCAGTGATGTTTTGATGACCCAAACTCCACTCTCCCTGCCTGTCAGTCTTGGAGATCAAGCCTCCATCTCTTGCAGATCAAGTCAGAACATTGTACATAGTAATGGCAATACCTATTTAGACTGGTACCTGCAGAAACCAGGCCAGTCCCCAAAGCTCCTGATCTACAAAGTTTCCAACCGATTTTCTGGGGTCCCAGTCAGGTTCAGTGGCAGTCGATCAGGGACAGAATTCACACTCAAGATCAGCAGAGTGGAGGCTGAGGATCTGGGAGTTTATTACTGCCTTCAAGGTTCACATGTTCCTTATACGTTCGGAGGGGGGACCAGGCTGGAAATAAAACGGGCT		K	1.7E-54	174.1	34	145	imgt	0	TDQSPQAVSSGCLLKMKLPVRLLVLMFWIPASSS`DVLMTQTPLSLPVSLGDQASISCRSSQNIVHSNGNTYLDWYLQKPGQSPKLLIYKVSNRFSGVPVRFSGSRSGTEFTLKISRVEAEDLGVYYCLQGSHVPYTFGGGTRLEI`KRA	1,2,3,4,5,6,7,8,9,10,11,12,13,14,15,16,17,18,19,20,21,22,23,24,25,26,27,28,29,30,31,32,33,34,35,36,37,38,39,40,41,42,43,44,45,46,47,48,49,50,51,52,53,54,55,56,57,58,59,60,61,62,63,64,65,66,67,68,69,70,71,72,73,74,75,76,77,78,79,80,81,82,83,84,85,86,87,88,89,90,91,92,93,94,95,96,97,98,99,100,101,102,103,104,105,106,107,108,109,110,111,112,113,114,115,116,117,118,119,120,121,122,123,124,125,126,127	D,V,L,M,T,Q,T,P,L,S,L,P,V,S,L,G,D,Q,A,S,I,S,C,R,S,S,Q,N,I,V,H,S,-,N,G,N,T,Y,L,D,W,Y,L,Q,K,P,G,Q,S,P,K,L,L,I,Y,K,V,-,-,-,-,-,-,-,S,N,R,F,S,G,V,P,-,V,R,F,S,G,S,R,-,-,S,G,T,E,F,T,L,K,I,S,R,V,E,A,E,D,L,G,V,Y,Y,C,L,Q,G,S,H,-,-,-,-,V,P,Y,T,F,G,G,G,T,R,L,E,I,K
PRnD_N13	PRnD	14-SMARTindex	N15/39.1	LC	PRnD_N13.LC1	1863	91.5	2037	Illumina	ACTGATCAGTCTCCTCAGGCTGTCTCCTCAGGTTGCCTCCTCAAAATGAAGTTGCCTGTTAGGCTGTTGGTGCTGATGTTCTGGATTCCTGTTTCCAGCAGTGATGTTTTGCTGACCCAAACTCCACTCTCCCTTCCTGTCAGTCTTGGAGATCAAGCCTCCATCTCTTGCAGATCTAGTCAGCCCATTGTACATAGTAATGGAAACACCTATTTAGACTGGTACCTGCAGAAACCAGGCCAGTCTCCAAAGCTCCTGATCTACAAAGTTTCCAACCGATTTTCTGGGGTCCCAGACAGATTCAGTGGCAGTGGATCAGGGACAGATTTCACACTCAAGATCAGCAGAGTGGAGGCTGAGGATCTGGGACTTTATTACTGCTTTCAAGGTTCACATGTTCCGTTCTCGTTCGGAGGGGGGACCAAGTTGGAAATAAAACGGGCT		K	8.3E-55	175.1	34	145	imgt	0	TDQSPQAVSSGCLLKMKLPVRLLVLMFWIPVSSS`DVLLTQTPLSLPVSLGDQASISCRSSQPIVHSNGNTYLDWYLQKPGQSPKLLIYKVSNRFSGVPDRFSGSGSGTDFTLKISRVEAEDLGLYYCFQGSHVPFSFGGGTKLEI`KRA	1,2,3,4,5,6,7,8,9,10,11,12,13,14,15,16,17,18,19,20,21,22,23,24,25,26,27,28,29,30,31,32,33,34,35,36,37,38,39,40,41,42,43,44,45,46,47,48,49,50,51,52,53,54,55,56,57,58,59,60,61,62,63,64,65,66,67,68,69,70,71,72,73,74,75,76,77,78,79,80,81,82,83,84,85,86,87,88,89,90,91,92,93,94,95,96,97,98,99,100,101,102,103,104,105,106,107,108,109,110,111,112,113,114,115,116,117,118,119,120,121,122,123,124,125,126,127	D,V,L,L,T,Q,T,P,L,S,L,P,V,S,L,G,D,Q,A,S,I,S,C,R,S,S,Q,P,I,V,H,S,-,N,G,N,T,Y,L,D,W,Y,L,Q,K,P,G,Q,S,P,K,L,L,I,Y,K,V,-,-,-,-,-,-,-,S,N,R,F,S,G,V,P,-,D,R,F,S,G,S,G,-,-,S,G,T,D,F,T,L,K,I,S,R,V,E,A,E,D,L,G,L,Y,Y,C,F,Q,G,S,H,-,-,-,-,V,P,F,S,F,G,G,G,T,K,L,E,I,K
PRnD_N14	PRnD	15-SMARTindex	N148/30.1.1	LC	PRnD_N14.LC1	788	69.7	1131	Illumina	ACTGATCAGTCTCCTCAGGCTGTCTCCTCAGGTTGCCTCCTCAAAATGAAGTTGCCTGTTAGGCTGTTGGTGCTGATGTTCTGGATTCCTGTTTGCAGCAGTGATGTTTTGATGACCCAAACTCCACTCTCCCTGCCTGTCAGTCTTGGAGATCAAGCCTCTATCTCTTGCAGATCTAGTCAGAGCATTATACATAGTAATGGAAACACCTATTTAGAATGGTTCCTGCAGAAACCAGGCCAGTCTCCAAAGCTCCTGATCTACAAAGTTTCCAACCGATTTTCTGGGGTCCCAGACAGGTTCAGTGGCAGTGGATCAGGGACAGATTTCACACTCAAGATCAGCAGAGTGGAGGCTGAGGATCTGGGAGTTTATTACTGCTTTCAAGGTTCACATGTTCCTCCGACGTTCGGTGGAGGCACCAAGCTGGAAATCAAACGGGCT		K	5.7E-56	178.9	34	145	imgt	0	TDQSPQAVSSGCLLKMKLPVRLLVLMFWIPVCSS`DVLMTQTPLSLPVSLGDQASISCRSSQSIIHSNGNTYLEWFLQKPGQSPKLLIYKVSNRFSGVPDRFSGSGSGTDFTLKISRVEAEDLGVYYCFQGSHVPPTFGGGTKLEI`KRA	1,2,3,4,5,6,7,8,9,10,11,12,13,14,15,16,17,18,19,20,21,22,23,24,25,26,27,28,29,30,31,32,33,34,35,36,37,38,39,40,41,42,43,44,45,46,47,48,49,50,51,52,53,54,55,56,57,58,59,60,61,62,63,64,65,66,67,68,69,70,71,72,73,74,75,76,77,78,79,80,81,82,83,84,85,86,87,88,89,90,91,92,93,94,95,96,97,98,99,100,101,102,103,104,105,106,107,108,109,110,111,112,113,114,115,116,117,118,119,120,121,122,123,124,125,126,127	D,V,L,M,T,Q,T,P,L,S,L,P,V,S,L,G,D,Q,A,S,I,S,C,R,S,S,Q,S,I,I,H,S,-,N,G,N,T,Y,L,E,W,F,L,Q,K,P,G,Q,S,P,K,L,L,I,Y,K,V,-,-,-,-,-,-,-,S,N,R,F,S,G,V,P,-,D,R,F,S,G,S,G,-,-,S,G,T,D,F,T,L,K,I,S,R,V,E,A,E,D,L,G,V,Y,Y,C,F,Q,G,S,H,-,-,-,-,V,P,P,T,F,G,G,G,T,K,L,E,I,K
PRnD_N15	PRnD	16-SMARTindex	N67/15.1	LC	PRnD_N15.LC1	1571	78.5	2001	Illumina	ACTGATCACTCTCCTATGTTCATTTCCTCAAAATGATGAGTCCTGCCCAGTTCCTGTTTCTGTTAGTGCTCTGGATTCGGGAAAGCAACGGTGATGTTGTGATGACCCCGATTCCACTCACTTTGTCGGTTACCATTGGACAACCAGCCTCCATCTCTTGCAAGTCAAGTCAGAGCCTCTTAGATAGTGATGGAAGGACATATTTGAATTGGTTGTTACAGAGGCCAGGCCAGTCTCCAAAGCGCCTAATCTATCTGGTGTCTAAACTGGACTCTGGAGTCCCTGACAGGTTCACTGGCAGTGGATCAGGGACAAATTTCACACTGAAAATCAGCAGAGTGGAGGCTGAGGATTTGGGAATTTATTATTGCTGGCAAGGTACACATTTTCCTTGGACGTTCGGTGGAGGCACCAAGCTGGAAATCAAACGGGCT		K	4.1E-51	163.3	29	140	imgt	2	*SLSYVHFLKMMSPAQFLFLLVLWIRESNG`DVVMTPIPLTLSVTIGQPASISCKSSQSLLDSDGRTYLNWLLQRPGQSPKRLIYLVSKLDSGVPDRFTGSGSGTNFTLKISRVEAEDLGIYYCWQGTHFPWTFGGGTKLEI`KRA	1,2,3,4,5,6,7,8,9,10,11,12,13,14,15,16,17,18,19,20,21,22,23,24,25,26,27,28,29,30,31,32,33,34,35,36,37,38,39,40,41,42,43,44,45,46,47,48,49,50,51,52,53,54,55,56,57,58,59,60,61,62,63,64,65,66,67,68,69,70,71,72,73,74,75,76,77,78,79,80,81,82,83,84,85,86,87,88,89,90,91,92,93,94,95,96,97,98,99,100,101,102,103,104,105,106,107,108,109,110,111,112,113,114,115,116,117,118,119,120,121,122,123,124,125,126,127	D,V,V,M,T,P,I,P,L,T,L,S,V,T,I,G,Q,P,A,S,I,S,C,K,S,S,Q,S,L,L,D,S,-,D,G,R,T,Y,L,N,W,L,L,Q,R,P,G,Q,S,P,K,R,L,I,Y,L,V,-,-,-,-,-,-,-,S,K,L,D,S,G,V,P,-,D,R,F,T,G,S,G,-,-,S,G,T,N,F,T,L,K,I,S,R,V,E,A,E,D,L,G,I,Y,Y,C,W,Q,G,T,H,-,-,-,-,F,P,W,T,F,G,G,G,T,K,L,E,I,K
PRnD_N16	PRnD	17-SMARTindex	N173B/13.1	LC	PRnD_N16.LC1	1408	70.3	2002	Illumina	ACTGATCACTCTCCTATGTTCATTTCCTCAAAATGATGAGTCCTGCCCAGTTCCTGTTTCTGTTAGTGCTCTGGATTCGGGAAACCAGCGGTGATGTTGTGATGACCCAGACTCCACTCGCTTTGTCGGTTACCATTGGACAACCAGCCTCCATCTCTTGCAAGTCAAGTCAGAGCCTCTTAGATAGTGATGGAAAGACATATTTGAATTGGTTGTTACAGAGGCCAGGCCAGTCTCCAAAGCGCCTAATCTATCGGGTGTCTAAACTGGACTCTGGAGTCCCTGACAGGTTCACTGGCAGTGGATCAGGGACAGATTTCACACTGAAAATCAGCAGAGTGGAGGCTGAGGATTTGGGAGTTTATTATTGCTGGCAAGGTACACATTTTCCTCAGACGTTCGGTGGAGGCACCAAGCTGGAAATCAAACGGGCT		K	2.8E-53	170.4	29	140	imgt	2	*SLSYVHFLKMMSPAQFLFLLVLWIRETSG`DVVMTQTPLALSVTIGQPASISCKSSQSLLDSDGKTYLNWLLQRPGQSPKRLIYRVSKLDSGVPDRFTGSGSGTDFTLKISRVEAEDLGVYYCWQGTHFPQTFGGGTKLEI`KRA	1,2,3,4,5,6,7,8,9,10,11,12,13,14,15,16,17,18,19,20,21,22,23,24,25,26,27,28,29,30,31,32,33,34,35,36,37,38,39,40,41,42,43,44,45,46,47,48,49,50,51,52,53,54,55,56,57,58,59,60,61,62,63,64,65,66,67,68,69,70,71,72,73,74,75,76,77,78,79,80,81,82,83,84,85,86,87,88,89,90,91,92,93,94,95,96,97,98,99,100,101,102,103,104,105,106,107,108,109,110,111,112,113,114,115,116,117,118,119,120,121,122,123,124,125,126,127	D,V,V,M,T,Q,T,P,L,A,L,S,V,T,I,G,Q,P,A,S,I,S,C,K,S,S,Q,S,L,L,D,S,-,D,G,K,T,Y,L,N,W,L,L,Q,R,P,G,Q,S,P,K,R,L,I,Y,R,V,-,-,-,-,-,-,-,S,K,L,D,S,G,V,P,-,D,R,F,T,G,S,G,-,-,S,G,T,D,F,T,L,K,I,S,R,V,E,A,E,D,L,G,V,Y,Y,C,W,Q,G,T,H,-,-,-,-,F,P,Q,T,F,G,G,G,T,K,L,E,I,K
PRnD_N17	PRnD	18-SMARTindex	N271/44.1	LC	PRnD_N17.LC1	760	62.2	1222	Illumina	AATCAGAACTCTTCACACCAAGTTCTCAGAATGAGGTGCTCTCTTCAGTTCCTGGGGGTGCTTATGTTCTGGATCTCTGGAGTCAGTGGGGATATTGTGATAACCCAGGATGAACTCTCCAATCCTGTCACCTCTGGAGAATCAGTTTCCATCTCCTGCAGGTCTAGTAAGCGCCTCTTATATAAGGATGGGAAGACATACTTGAATTGGTTTCTGCAGAGACCAGGACAATCTCCTCAGCTCCTGATCTATTTCATGTCCACCCGTGCATCAGGAGTCTCAGACCGGTTTAGTGGCAGTGGGTCAGGAACAGATTTCACCCTGGAAATCAGTAGAGTGAAGGCTGAGGATGTGGGTGTGTATTACTGTCAACAAGTTGTAGAGTATCCATTCACGTTCGGCTCGGGGACAAAGTTGGAAATAAAACGGGCT		K	5.6E-50	159.6	30	141	imgt	0	NQNSSHQVLRMRCSLQFLGVLMFWISGVSG`DIVITQDELSNPVTSGESVSISCRSSKRLLYKDGKTYLNWFLQRPGQSPQLLIYFMSTRASGVSDRFSGSGSGTDFTLEISRVKAEDVGVYYCQQVVEYPFTFGSGTKLEI`KRA	1,2,3,4,5,6,7,8,9,10,11,12,13,14,15,16,17,18,19,20,21,22,23,24,25,26,27,28,29,30,31,32,33,34,35,36,37,38,39,40,41,42,43,44,45,46,47,48,49,50,51,52,53,54,55,56,57,58,59,60,61,62,63,64,65,66,67,68,69,70,71,72,73,74,75,76,77,78,79,80,81,82,83,84,85,86,87,88,89,90,91,92,93,94,95,96,97,98,99,100,101,102,103,104,105,106,107,108,109,110,111,112,113,114,115,116,117,118,119,120,121,122,123,124,125,126,127	D,I,V,I,T,Q,D,E,L,S,N,P,V,T,S,G,E,S,V,S,I,S,C,R,S,S,K,R,L,L,Y,K,-,D,G,K,T,Y,L,N,W,F,L,Q,R,P,G,Q,S,P,Q,L,L,I,Y,F,M,-,-,-,-,-,-,-,S,T,R,A,S,G,V,S,-,D,R,F,S,G,S,G,-,-,S,G,T,D,F,T,L,E,I,S,R,V,K,A,E,D,V,G,V,Y,Y,C,Q,Q,V,V,E,-,-,-,-,Y,P,F,T,F,G,S,G,T,K,L,E,I,K
PRnD_N18	PRnD	19-SMARTindex	K75/41.1	LC	PRnD_N18.LC1	1682	79	2130	Illumina	ACTGATCAGTCTCCTCAGGCTGTCTCCTCAGGTTGCCTCCTCAAAATGAAGTTGCCTGTTAGGCTGTTGGTGCTGATGTTCTGGATTCCTGCTTCCAGCAGTGATGTTGTGATGACCCAAACTCCACTCTCCCTGCCTGTCAGTCTTGGAGATCAGGCCTCCATCTCTTGCAGATCTAGTCAGAGCCTTGTACACAGTAATGGAAACACCTATTTACATTGGTACCTGCAGAAGCCAGGCCAGTCTCCAAACCTCCTGATCTACAAAGTTTCCAACCGATTTTCTGGGGTCCCAGACAGGTTCAGTGGCAGTGGATCAGGGACAGATTTCACACTCAAGATCAGCAGAGTGGAGGCTGAGGATCTGGGAGTTTATTTCTGCTCTCAAAATACACATGTTCCGTGGACGTTCGGTGGAGGCACCAAGCTGGAAATCAAACGGGCT		K	6.7E-58	185.3	34	145	imgt	0	TDQSPQAVSSGCLLKMKLPVRLLVLMFWIPASSS`DVVMTQTPLSLPVSLGDQASISCRSSQSLVHSNGNTYLHWYLQKPGQSPNLLIYKVSNRFSGVPDRFSGSGSGTDFTLKISRVEAEDLGVYFCSQNTHVPWTFGGGTKLEI`KRA	1,2,3,4,5,6,7,8,9,10,11,12,13,14,15,16,17,18,19,20,21,22,23,24,25,26,27,28,29,30,31,32,33,34,35,36,37,38,39,40,41,42,43,44,45,46,47,48,49,50,51,52,53,54,55,56,57,58,59,60,61,62,63,64,65,66,67,68,69,70,71,72,73,74,75,76,77,78,79,80,81,82,83,84,85,86,87,88,89,90,91,92,93,94,95,96,97,98,99,100,101,102,103,104,105,106,107,108,109,110,111,112,113,114,115,116,117,118,119,120,121,122,123,124,125,126,127	D,V,V,M,T,Q,T,P,L,S,L,P,V,S,L,G,D,Q,A,S,I,S,C,R,S,S,Q,S,L,V,H,S,-,N,G,N,T,Y,L,H,W,Y,L,Q,K,P,G,Q,S,P,N,L,L,I,Y,K,V,-,-,-,-,-,-,-,S,N,R,F,S,G,V,P,-,D,R,F,S,G,S,G,-,-,S,G,T,D,F,T,L,K,I,S,R,V,E,A,E,D,L,G,V,Y,F,C,S,Q,N,T,H,-,-,-,-,V,P,W,T,F,G,G,G,T,K,L,E,I,K
PRnD_N19	PRnD	20-SMARTindex	N106/65.1	LC	PRnD_N19.LC1	1341	83.2	1611	Illumina	AGCTTCACACATGTTACACAGAGACATGAACATGCTCACTCAGCTCCTGGGATTACTGCTGCTCTGGTTTGCAGGTGGTAAATGTGACATTCAGATGACCCAGTCTCCTGCCTCCCAGTCTGCATCTCTGGGAGAAAGTGTCACCATCACATGCCTGGCAAGTCAGACCATTGGTACATGGTTAGCATGGTATCAGCAGAAACCAGGGAAATCTCCTCAGCTCCTGATTTATGCTGCAACCAGCTTGGCAGATGGGGTCCCATCAAGGTTCAGTGGTAGTGGATCTGGCACAAAATTTTCTTTCAAGATCAGCAGCCTACAGGCTGAAGATTTTGTAAGTTATTACTGTCAACAACTTTACAGTACTCCTCTGACGTTCGGTGGAGGCACCAAGCTGGAAATCAAACGGGCT		K	3.8E-51	163.5	28	134	imgt	1	ASHMLHRDMNMLTQLLGLLLLWFAGGKC`DIQMTQSPASQSASLGESVTITCLASQTIGTWLAWYQQKPGKSPQLLIYAATSLADGVPSRFSGSGSGTKFSFKISSLQAEDFVSYYCQQLYSTPLTFGGGTKLEI`KRA	1,2,3,4,5,6,7,8,9,10,11,12,13,14,15,16,17,18,19,20,21,22,23,24,25,26,27,28,29,30,31,32,33,34,35,36,37,38,39,40,41,42,43,44,45,46,47,48,49,50,51,52,53,54,55,56,57,58,59,60,61,62,63,64,65,66,67,68,69,70,71,72,73,74,75,76,77,78,79,80,81,82,83,84,85,86,87,88,89,90,91,92,93,94,95,96,97,98,99,100,101,102,103,104,105,106,107,108,109,110,111,112,113,114,115,116,117,118,119,120,121,122,123,124,125,126,127	D,I,Q,M,T,Q,S,P,A,S,Q,S,A,S,L,G,E,S,V,T,I,T,C,L,A,S,Q,T,I,-,-,-,-,-,-,G,T,W,L,A,W,Y,Q,Q,K,P,G,K,S,P,Q,L,L,I,Y,A,A,-,-,-,-,-,-,-,T,S,L,A,D,G,V,P,-,S,R,F,S,G,S,G,-,-,S,G,T,K,F,S,F,K,I,S,S,L,Q,A,E,D,F,V,S,Y,Y,C,Q,Q,L,Y,S,-,-,-,-,T,P,L,T,F,G,G,G,T,K,L,E,I,K
PRnD_N20	PRnD	21-SMARTindex	K14/16.2	LC	PRnD_N20.LC1	1186	81.7	1452	Illumina	ACTGATCACTCTCCTATGTTCATTTCCTCAAAATGATGAGTCCTGCCCAGTTCCTGTTTCTGTTAGTGCTCTGGATTCGGGAAACCAACGGTGATGTTGTGATGACCCAGACTCCACTCACTTTGTCGGTTACCATTGGACAACCAGCCTCCATCTCTTGCAAGTCAAGTCAGAGCCTCTTAGATAGTGATGGAAAGACATTTTTGAATTGGTTGTTACTGAGGCCAGGCCAGTCTCCAAAGCGCCTACTCTATCAGGTGTCTAAACTGGACTCTGGAGTCCCTGACAGGTTCACTGGCAGTGGATCAGGGACAGATTTCACACTGAAAATCAGCAGAGTGGAGGCTGAAGATTTGGGAGTTTATTATTGCTGGCAAGGTACACATTTTCCTCAGACATTCGGTGGAGGCACCAACCTGGAAATCAAACGGGCT		K	1E-49	158.7	29	140	imgt	2	*SLSYVHFLKMMSPAQFLFLLVLWIRETNG`DVVMTQTPLTLSVTIGQPASISCKSSQSLLDSDGKTFLNWLLLRPGQSPKRLLYQVSKLDSGVPDRFTGSGSGTDFTLKISRVEAEDLGVYYCWQGTHFPQTFGGGTNLEI`KRA	1,2,3,4,5,6,7,8,9,10,11,12,13,14,15,16,17,18,19,20,21,22,23,24,25,26,27,28,29,30,31,32,33,34,35,36,37,38,39,40,41,42,43,44,45,46,47,48,49,50,51,52,53,54,55,56,57,58,59,60,61,62,63,64,65,66,67,68,69,70,71,72,73,74,75,76,77,78,79,80,81,82,83,84,85,86,87,88,89,90,91,92,93,94,95,96,97,98,99,100,101,102,103,104,105,106,107,108,109,110,111,112,113,114,115,116,117,118,119,120,121,122,123,124,125,126,127	D,V,V,M,T,Q,T,P,L,T,L,S,V,T,I,G,Q,P,A,S,I,S,C,K,S,S,Q,S,L,L,D,S,-,D,G,K,T,F,L,N,W,L,L,L,R,P,G,Q,S,P,K,R,L,L,Y,Q,V,-,-,-,-,-,-,-,S,K,L,D,S,G,V,P,-,D,R,F,T,G,S,G,-,-,S,G,T,D,F,T,L,K,I,S,R,V,E,A,E,D,L,G,V,Y,Y,C,W,Q,G,T,H,-,-,-,-,F,P,Q,T,F,G,G,G,T,N,L,E,I,K
PRnD_N21	PRnD	22-SMARTindex	N144/32.1	LC	PRnD_N21.LC1	1631	83.8	1947	Illumina	ACTGATCAGTCTCCTCAGGCTGTCTCCTCAGGTTGCCTCCTCAAAATGAAGTTGCCTGTTAGGCTGTTGGTGCTGATGTTCTGGATTCCTGCTTCCAGCAGCGATGTTTTGATGACCCAAACTCCACTCTCCCTGCCTGTCAGTCTTGGAGAACAAGCCTCCATTTCTTGCAGATCTAGTCAGAGCATTGTACAGAGTGATGGAAACACCTTTTTAGAATGGTACCTGCAGAAACCAGGCCAGTCTCCAAAGCTCCTGATCTACAAAGTTTCCAACCGATTTTCTGGGGTCCCAGACAGATTCAGTGGCAGTGGATCAGGGACAGATTTCACACTCAAGATCAGCAGAGTGGAGGCTGAGGATCTGGGAATTTATTACTGCTTTCAAGGTTCACATGTTCCGCTCACGTTCGGTGCTGGGACCAAGCTGGAGCTGAAACGGGCT		K	9E-56	178.3	34	145	imgt	0	TDQSPQAVSSGCLLKMKLPVRLLVLMFWIPASSS`DVLMTQTPLSLPVSLGEQASISCRSSQSIVQSDGNTFLEWYLQKPGQSPKLLIYKVSNRFSGVPDRFSGSGSGTDFTLKISRVEAEDLGIYYCFQGSHVPLTFGAGTKLEL`KRA	1,2,3,4,5,6,7,8,9,10,11,12,13,14,15,16,17,18,19,20,21,22,23,24,25,26,27,28,29,30,31,32,33,34,35,36,37,38,39,40,41,42,43,44,45,46,47,48,49,50,51,52,53,54,55,56,57,58,59,60,61,62,63,64,65,66,67,68,69,70,71,72,73,74,75,76,77,78,79,80,81,82,83,84,85,86,87,88,89,90,91,92,93,94,95,96,97,98,99,100,101,102,103,104,105,106,107,108,109,110,111,112,113,114,115,116,117,118,119,120,121,122,123,124,125,126,127	D,V,L,M,T,Q,T,P,L,S,L,P,V,S,L,G,E,Q,A,S,I,S,C,R,S,S,Q,S,I,V,Q,S,-,D,G,N,T,F,L,E,W,Y,L,Q,K,P,G,Q,S,P,K,L,L,I,Y,K,V,-,-,-,-,-,-,-,S,N,R,F,S,G,V,P,-,D,R,F,S,G,S,G,-,-,S,G,T,D,F,T,L,K,I,S,R,V,E,A,E,D,L,G,I,Y,Y,C,F,Q,G,S,H,-,-,-,-,V,P,L,T,F,G,A,G,T,K,L,E,L,K
PRnD_N22	PRnD	23-SMARTindex	N147/6.1	LC	PRnD_N22.LC1	4020	83	4844	Illumina	ACTTATGATAATAGCAGTAATTAGCTAGGGACCAAAATTCAAAGGAAAAATGGATTTTCAGGTGCAGATTTTCAGCTTCCTGCTAATCAGTGCCTCAGTCATTATGTCCAGAGGACAAATTGTTCTCACCCAGTCTCCAGCAATCATGTCTGCATCTCTAGGGGAACGGGTCACCATGACCTGCACTGCCAGTTCAAGTGTAAGTTCCACTTATTTGCACTGGTACCAGCAGAAGCCAGGATCCTCCCCCAAACTCTGGATTTACAGCACATCCAACCTGGCTTCTGGAGTCCCAGTTCGCTTCAGTGGCAGTGGGTCTGGGACCTCTTTCTCTCTCACAATCAGCAGCATGGAGGCTGAAGATGCTGCCACTTATTACTGCCACCAGTATCATCGTTCCCCACCCACGTTCGGTGGAGGCACCAAGCTGGAAATCAAACGGGCT		K	7.2E-55	175.4	29	136	imgt	1	LMIIAVIS*GPKFKGKMDFQVQIFSFLLISASVIMSRG`QIVLTQSPAIMSASLGERVTMTCTASSSVSSTYLHWYQQKPGSSPKLWIYSTSNLASGVPVRFSGSGSGTSFSLTISSMEAEDAATYYCHQYHRSPPTFGGGTKLEI`KRA	1,2,3,4,5,6,7,8,9,10,11,12,13,14,15,16,17,18,19,20,21,22,23,24,25,26,27,28,29,30,31,32,33,34,35,36,37,38,39,40,41,42,43,44,45,46,47,48,49,50,51,52,53,54,55,56,57,58,59,60,61,62,63,64,65,66,67,68,69,70,71,72,73,74,75,76,77,78,79,80,81,82,83,84,85,86,87,88,89,90,91,92,93,94,95,96,97,98,99,100,101,102,103,104,105,106,107,108,109,110,111,112,113,114,115,116,117,118,119,120,121,122,123,124,125,126,127	Q,I,V,L,T,Q,S,P,A,I,M,S,A,S,L,G,E,R,V,T,M,T,C,T,A,S,S,S,V,S,-,-,-,-,-,S,T,Y,L,H,W,Y,Q,Q,K,P,G,S,S,P,K,L,W,I,Y,S,T,-,-,-,-,-,-,-,S,N,L,A,S,G,V,P,-,V,R,F,S,G,S,G,-,-,S,G,T,S,F,S,L,T,I,S,S,M,E,A,E,D,A,A,T,Y,Y,C,H,Q,Y,H,R,-,-,-,-,S,P,P,T,F,G,G,G,T,K,L,E,I,K
PRnD_N23	PRnD	24-SMARTindex	N117/95	LC	PRnD_N23.LC1	1524	86.6	1759	Illumina	ACTGATCACTCTCCTATGTTCATTTCCTCAAAATGATGAGTCCTGCCCAGTTCCTGTTTCTGTTAGTGCTCTGGATTCGGGAAACCAACGCTGATGTTGTGATGACCCAGACTCCACTCACTTTGTCGGTTACCATTGGACAACCAGCCTCCATCTCTTGCAAGTCAAGTCAGAGCCTCTTAGATGGTTATGGAATGGCGTATTTGAATTGGTTATTACAGAGGCCAGGCCAGTCTCCAAAGCGCCTAATCTATCAGATGTCTAAACTGGACTCTGGAGTCCCTGACAGGTTCACTGGCAGTGGATCAGGGACAGATTTCACACTGAACATCAGCAGAGTGGAGGCTGAGGATTTGGGAGTTTATTATTGCTGGCAAGGTACACATTTCCCGCTCACGTTCGGTGCTGGGACCAAGCTGGAGCTGAAACGGGCT		K	7.9E-52	165.7	29	140	imgt	2	*SLSYVHFLKMMSPAQFLFLLVLWIRETNA`DVVMTQTPLTLSVTIGQPASISCKSSQSLLDGYGMAYLNWLLQRPGQSPKRLIYQMSKLDSGVPDRFTGSGSGTDFTLNISRVEAEDLGVYYCWQGTHFPLTFGAGTKLEL`KRA	1,2,3,4,5,6,7,8,9,10,11,12,13,14,15,16,17,18,19,20,21,22,23,24,25,26,27,28,29,30,31,32,33,34,35,36,37,38,39,40,41,42,43,44,45,46,47,48,49,50,51,52,53,54,55,56,57,58,59,60,61,62,63,64,65,66,67,68,69,70,71,72,73,74,75,76,77,78,79,80,81,82,83,84,85,86,87,88,89,90,91,92,93,94,95,96,97,98,99,100,101,102,103,104,105,106,107,108,109,110,111,112,113,114,115,116,117,118,119,120,121,122,123,124,125,126,127	D,V,V,M,T,Q,T,P,L,T,L,S,V,T,I,G,Q,P,A,S,I,S,C,K,S,S,Q,S,L,L,D,G,-,Y,G,M,A,Y,L,N,W,L,L,Q,R,P,G,Q,S,P,K,R,L,I,Y,Q,M,-,-,-,-,-,-,-,S,K,L,D,S,G,V,P,-,D,R,F,T,G,S,G,-,-,S,G,T,D,F,T,L,N,I,S,R,V,E,A,E,D,L,G,V,Y,Y,C,W,Q,G,T,H,-,-,-,-,F,P,L,T,F,G,A,G,T,K,L,E,L,K
PRnD_N24	PRnD	25-SMARTindex	N143/38.2	LC	PRnD_N24.LC1	208	77	270	Illumina	ACTGATCACTCTCCTATGTTCATTTCCTCAAAATGATGAGTCCTGCCCAGTTCCTGTTTCTGTTAGTGCTCTGGATTCGGGAAACCAACGGTGATGTTGTGATGACCCAGACTCCACTCACTTTGTCGGTTACCATTGGACAACCAGCCTCCATCTCTTGCAAGTCAAGTCAGAGCCTCTTAGATAGTGATGGAAAGACATATTTGAATTGGTTGTTACAGAGGCCAGGCCAGTCTCCAAAGTGCCTAATCTATCAGGTGTCTACACTGGACTCTGGAGTCCCTGACAGGTTCACTGGCAGTGGATCAGGGACAGATTTCACACTGAAAATCAGCAGAGTGGAGGCTGAGGATTTGGGAGTTTATTATTGCTGGCAAGGTACACATTTTCCTCTCACGTTCGGTGCTGGGACCAAGCTGGAGCTGAAACGGGCT		K	8.1E-54	172.1	29	140	imgt	2	*SLSYVHFLKMMSPAQFLFLLVLWIRETNG`DVVMTQTPLTLSVTIGQPASISCKSSQSLLDSDGKTYLNWLLQRPGQSPKCLIYQVSTLDSGVPDRFTGSGSGTDFTLKISRVEAEDLGVYYCWQGTHFPLTFGAGTKLEL`KRA	1,2,3,4,5,6,7,8,9,10,11,12,13,14,15,16,17,18,19,20,21,22,23,24,25,26,27,28,29,30,31,32,33,34,35,36,37,38,39,40,41,42,43,44,45,46,47,48,49,50,51,52,53,54,55,56,57,58,59,60,61,62,63,64,65,66,67,68,69,70,71,72,73,74,75,76,77,78,79,80,81,82,83,84,85,86,87,88,89,90,91,92,93,94,95,96,97,98,99,100,101,102,103,104,105,106,107,108,109,110,111,112,113,114,115,116,117,118,119,120,121,122,123,124,125,126,127	D,V,V,M,T,Q,T,P,L,T,L,S,V,T,I,G,Q,P,A,S,I,S,C,K,S,S,Q,S,L,L,D,S,-,D,G,K,T,Y,L,N,W,L,L,Q,R,P,G,Q,S,P,K,C,L,I,Y,Q,V,-,-,-,-,-,-,-,S,T,L,D,S,G,V,P,-,D,R,F,T,G,S,G,-,-,S,G,T,D,F,T,L,K,I,S,R,V,E,A,E,D,L,G,V,Y,Y,C,W,Q,G,T,H,-,-,-,-,F,P,L,T,F,G,A,G,T,K,L,E,L,K
PRnD_N25	PRnD	26-SMARTindex	N143/36.11	LC	PRnD_N25.LC1	127	41.4	307	Illumina	ACTGATCAGTCTCCTCAGGCTGTCTCCTCAGGTTGCCTCCTCAAAATGAAGTTGCCTGTTAGGCTGTTGGTGCTGATGTTCTGGATTCCTGCTTCCAGTAGTGATGTTGTGCTGACCCAAACTCCACTCTCCCTGTCTGTCAGTGTTGGAGATCAAGCCTCCATCTCTTGCAGATCTAGTCAGAGCCATGTACACAGTGATGGAAACACCTATTTACATTGGTACCTGCAGAAGCCAGGCCAGTCTCCAAAGCTCCTGATCTACAAAGTTTCCAACCGATTTTCTGGGGTCCCAGACAGGTTCAGTGGCAGTGGCTCAGGGACAGATTTCACACTCAAGATCAGCAGAGTGGAGGCTGAGGATCTGGGAGTTTATTTCTGCTCTCAAAGTACACGTCTTCCGTGGACGTTCGGTGGAGGCACCAAGCTGGAAATCAAACGGGCT		K	2.6E-57	183.4	34	145	imgt	0	TDQSPQAVSSGCLLKMKLPVRLLVLMFWIPASSS`DVVLTQTPLSLSVSVGDQASISCRSSQSHVHSDGNTYLHWYLQKPGQSPKLLIYKVSNRFSGVPDRFSGSGSGTDFTLKISRVEAEDLGVYFCSQSTRLPWTFGGGTKLEI`KRA	1,2,3,4,5,6,7,8,9,10,11,12,13,14,15,16,17,18,19,20,21,22,23,24,25,26,27,28,29,30,31,32,33,34,35,36,37,38,39,40,41,42,43,44,45,46,47,48,49,50,51,52,53,54,55,56,57,58,59,60,61,62,63,64,65,66,67,68,69,70,71,72,73,74,75,76,77,78,79,80,81,82,83,84,85,86,87,88,89,90,91,92,93,94,95,96,97,98,99,100,101,102,103,104,105,106,107,108,109,110,111,112,113,114,115,116,117,118,119,120,121,122,123,124,125,126,127	D,V,V,L,T,Q,T,P,L,S,L,S,V,S,V,G,D,Q,A,S,I,S,C,R,S,S,Q,S,H,V,H,S,-,D,G,N,T,Y,L,H,W,Y,L,Q,K,P,G,Q,S,P,K,L,L,I,Y,K,V,-,-,-,-,-,-,-,S,N,R,F,S,G,V,P,-,D,R,F,S,G,S,G,-,-,S,G,T,D,F,T,L,K,I,S,R,V,E,A,E,D,L,G,V,Y,F,C,S,Q,S,T,R,-,-,-,-,L,P,W,T,F,G,G,G,T,K,L,E,I,K
PRnD_N26	PRnD	27-SMARTindex	N144/17.2	LC	PRnD_N26.LC1	982	85.3	1151	Illumina	AGACAGGCAGTGGGAGCAAGATGGATTCACAGGCCCAGGTTCTTATATTGCTGCTGCTATGGGTATCTGGTACCTGTGGGGACATTGTGATGTCACAGTCTCCATCCTCCCTGGCTGTGTCAGCAGGAGAGATGGTCACTATGAGCTGCAAATCCAGTCAGAGTCTGCTCAACAGTAGCACCCGAAAGAACTACTTGGCTTGGTACCAGCAGAAACCAGGGCAGTCTCCTAAACTGCTGATCTACTGGGCGTCCACTAGGGAATCTGGGGTCCCTGATCGCTTCACAGGCAGTGGATCTGGGACAGATTTCACTCTCACCATCAGCAGTGTGCAGGCTGAAGACCTGGCAGTTTATTACTGCACGCAATCTTATAATCTTCCGTGGACGTTCGGTGGAGGCACCAAACTGGAAATCAAACGGGCT		K	7.1E-59	188.4	26	138	imgt	2	TGSGSKMDSQAQVLILLLLWVSGTCG`DIVMSQSPSSLAVSAGEMVTMSCKSSQSLLNSSTRKNYLAWYQQKPGQSPKLLIYWASTRESGVPDRFTGSGSGTDFTLTISSVQAEDLAVYYCTQSYNLPWTFGGGTKLEI`KRA	1,2,3,4,5,6,7,8,9,10,11,12,13,14,15,16,17,18,19,20,21,22,23,24,25,26,27,28,29,30,31,32,33,34,35,36,37,38,39,40,41,42,43,44,45,46,47,48,49,50,51,52,53,54,55,56,57,58,59,60,61,62,63,64,65,66,67,68,69,70,71,72,73,74,75,76,77,78,79,80,81,82,83,84,85,86,87,88,89,90,91,92,93,94,95,96,97,98,99,100,101,102,103,104,105,106,107,108,109,110,111,112,113,114,115,116,117,118,119,120,121,122,123,124,125,126,127	D,I,V,M,S,Q,S,P,S,S,L,A,V,S,A,G,E,M,V,T,M,S,C,K,S,S,Q,S,L,L,N,S,S,T,R,K,N,Y,L,A,W,Y,Q,Q,K,P,G,Q,S,P,K,L,L,I,Y,W,A,-,-,-,-,-,-,-,S,T,R,E,S,G,V,P,-,D,R,F,T,G,S,G,-,-,S,G,T,D,F,T,L,T,I,S,S,V,Q,A,E,D,L,A,V,Y,Y,C,T,Q,S,Y,N,-,-,-,-,L,P,W,T,F,G,G,G,T,K,L,E,I,K
PRnD_N28	PRnD	K39-25	K39/25.3	LC	PRnD_N28.LC1	1216	76	1599	Illumina	ATGGTCCACACAAACTCAGGGAAAGTTTGAAGATGGTATCCACACCTCAGTTCCTTGTATTTTTGCTTTTCTGGATTCCAGCCTCCAGAGGTGACATCTTGCTGACTCAGTCTCCAGCCATCCTGTCTGTGAGTCCAGGAGAAAGAGTCAGTTTCTCCTGCAGGGCCAGTCAGAGCATTGGCACAAGCATACACTGGTATCAGCAAAGAACAAATGGTTCTCCAAGGCTTCTCATAAAGTATGCTTCTGAGTCTATCTCTGGGATCCCTTCCAGGTTTAGTGGCAGTGGATCAGGGACAGATTTTACTCTTAGCATCAACAGTGTGGAGTCTGAAGATATTGCAGATTATTACTGTCAACAAAGTATTACCTGGCCAACGTTCACGTTCGGTGCTGGGACCAAGCTGGAGCTGAAACGGGCT		K	8.8E-51	162.2	30	137	imgt	2	GPHKLRESLKMVSTPQFLVFLLFWIPASRG`DILLTQSPAILSVSPGERVSFSCRASQSIGTSIHWYQQRTNGSPRLLIKYASESISGIPSRFSGSGSGTDFTLSINSVESEDIADYYCQQSITWPTFTFGAGTKLEL`KRA	1,2,3,4,5,6,7,8,9,10,11,12,13,14,15,16,17,18,19,20,21,22,23,24,25,26,27,28,29,30,31,32,33,34,35,36,37,38,39,40,41,42,43,44,45,46,47,48,49,50,51,52,53,54,55,56,57,58,59,60,61,62,63,64,65,66,67,68,69,70,71,72,73,74,75,76,77,78,79,80,81,82,83,84,85,86,87,88,89,90,91,92,93,94,95,96,97,98,99,100,101,102,103,104,105,106,107,108,109,110,111,112,113,114,115,116,117,118,119,120,121,122,123,124,125,126,127	D,I,L,L,T,Q,S,P,A,I,L,S,V,S,P,G,E,R,V,S,F,S,C,R,A,S,Q,S,I,-,-,-,-,-,-,G,T,S,I,H,W,Y,Q,Q,R,T,N,G,S,P,R,L,L,I,K,Y,A,-,-,-,-,-,-,-,S,E,S,I,S,G,I,P,-,S,R,F,S,G,S,G,-,-,S,G,T,D,F,T,L,S,I,N,S,V,E,S,E,D,I,A,D,Y,Y,C,Q,Q,S,I,T,-,-,-,W,P,T,F,T,F,G,A,G,T,K,L,E,L,K
PRnD_N29	PRnD	K58-35	K58/35.4	LC	PRnD_N29.LC1	1595	92.7	1721	Illumina	GAAATACATCAGATCAGCATGGGCATCAAGATGGAGTCACAGACTCAGGTCTTTGTATACATGTTGCTGTGGTTGTCTGGTGTTGATGGAGACATTGTGATGACCCAGTCTCCAAAATTCATGTCCACATCAGTAGGAGACAGAGTCAGCGTCACCTGCAAGGCCAGTCAGAATGTGGATACTGATGTAGCCTGGTATCAACAGAAAGCAGGGCAATCTCCTAAAGCAATGATTTATTCGGCATCCTACCGGTACAGTGAAGTCCCTGATCGCTTCACAGGCAGTGGATCTGGGACAGATTTCACTCTCACCATCAGCAATGTGCAGTCTGAAGACTTGGCAGAGTATTTCTGTCAGCAATATAACAGCCATCCTCTCACGTTCGGAGGGGGGACCAAGCTGGAAATAAAACGGGCT		K	3.7E-52	166.6	30	136	imgt	0	EIHQISMGIKMESQTQVFVYMLLWLSGVDG`DIVMTQSPKFMSTSVGDRVSVTCKASQNVDTDVAWYQQKAGQSPKAMIYSASYRYSEVPDRFTGSGSGTDFTLTISNVQSEDLAEYFCQQYNSHPLTFGGGTKLEI`KRA	1,2,3,4,5,6,7,8,9,10,11,12,13,14,15,16,17,18,19,20,21,22,23,24,25,26,27,28,29,30,31,32,33,34,35,36,37,38,39,40,41,42,43,44,45,46,47,48,49,50,51,52,53,54,55,56,57,58,59,60,61,62,63,64,65,66,67,68,69,70,71,72,73,74,75,76,77,78,79,80,81,82,83,84,85,86,87,88,89,90,91,92,93,94,95,96,97,98,99,100,101,102,103,104,105,106,107,108,109,110,111,112,113,114,115,116,117,118,119,120,121,122,123,124,125,126,127	D,I,V,M,T,Q,S,P,K,F,M,S,T,S,V,G,D,R,V,S,V,T,C,K,A,S,Q,N,V,-,-,-,-,-,-,D,T,D,V,A,W,Y,Q,Q,K,A,G,Q,S,P,K,A,M,I,Y,S,A,-,-,-,-,-,-,-,S,Y,R,Y,S,E,V,P,-,D,R,F,T,G,S,G,-,-,S,G,T,D,F,T,L,T,I,S,N,V,Q,S,E,D,L,A,E,Y,F,C,Q,Q,Y,N,S,-,-,-,-,H,P,L,T,F,G,G,G,T,K,L,E,I,K
PRnD_N30	PRnD	L109-57	L109/57.1	LC	PRnD_N30.LC1	629	48.3	1301	Illumina	ATCCTCTCTTCCAGCTCTCAGAGATGGAGACAGACACACTCCTGTTATGGGTACTGCTGCTCTGGGTTCCAGGTTCCACTGGTGACATTGTGCTGACACAGTCTCCTGCTTCCTTACCTGTATCTCTGGGGCAGAGGGCCACCATCTCATGCAGGGCCAGCAAAAGTGTCAGTACATCTGGCTATAGTTATATGCACTGGTACCAACACAAACCAGGACAGCCACCCAAACTCCTCATCTATCTTGCATCCAACCTAGAATCTGGGGTCCCTGCCAGGTTCAGTGGCAGTGGGTCTGGGACAGACTTCACCCTCAACATCCATCCTGTGGAGGAGGAGGATGCTGCAACCTATTACTGTCAACACACTAGGGAGCTTCCGTGGACGTTCGGTGGAGGCACCAAGCTGGAAATCAAACGGGCT		K	7.9E-56	178.5	27	137	imgt	2	PLFQLSEMETDTLLLWVLLLWVPGSTG`DIVLTQSPASLPVSLGQRATISCRASKSVSTSGYSYMHWYQHKPGQPPKLLIYLASNLESGVPARFSGSGSGTDFTLNIHPVEEEDAATYYCQHTRELPWTFGGGTKLEI`KRA	1,2,3,4,5,6,7,8,9,10,11,12,13,14,15,16,17,18,19,20,21,22,23,24,25,26,27,28,29,30,31,32,33,34,35,36,37,38,39,40,41,42,43,44,45,46,47,48,49,50,51,52,53,54,55,56,57,58,59,60,61,62,63,64,65,66,67,68,69,70,71,72,73,74,75,76,77,78,79,80,81,82,83,84,85,86,87,88,89,90,91,92,93,94,95,96,97,98,99,100,101,102,103,104,105,106,107,108,109,110,111,112,113,114,115,116,117,118,119,120,121,122,123,124,125,126,127	D,I,V,L,T,Q,S,P,A,S,L,P,V,S,L,G,Q,R,A,T,I,S,C,R,A,S,K,S,V,S,T,-,-,S,G,Y,S,Y,M,H,W,Y,Q,H,K,P,G,Q,P,P,K,L,L,I,Y,L,A,-,-,-,-,-,-,-,S,N,L,E,S,G,V,P,-,A,R,F,S,G,S,G,-,-,S,G,T,D,F,T,L,N,I,H,P,V,E,E,E,D,A,A,T,Y,Y,C,Q,H,T,R,E,-,-,-,-,L,P,W,T,F,G,G,G,T,K,L,E,I,K
