sample_name	trimmer_id	PlateName	Category	ShowOnWeb	ProteinTarget	StartOrder	ChangeReason
P2_A1	positivecontrol1_N263/31.1	plate2		F		1	
P2_B1	L130/1.1	plate2	1	T	Tiam1	2	
P2_C1	L80/21.1	plate2	1	T	Kv2.1 K+ channel	3	
P2_D1	L106/83.1	plate2	1	T	Gephyrin	4	
P2_E1	N486/76.1	plate2	1	T	cFos	5	
P2_F1	N123/48.1	plate2		F	Histone H3-pThr11	6	Restricted clone
P2_G1	L120/12.1	plate2	1	T	Collybistin	7	
P2_H1	N123/19.1	plate2		F	Histone H3-pThr11	8	Restricted clone
P2_A2	L106/4.2.9.2	plate2	1	T	Gephyrin	9	
P2_B2	positivecontrol2	plate2		F		10	
P2_C2	L86/36.6	plate2	1	T	AMIGO-1	11	
P2_D2	L113/13.5	plate2	1	T	Homer1	12	
P2_E2	L108/92.1	plate2	1	T	VIP	13	
P2_F2	N154/32.2.1.1	plate2	1	T	JMJD2A	14	
P2_G2	N450/53.1	plate2	1	T	BDNF	15	
P2_H2	L124/59.1	plate2	1	T	Bassoon	16	
P2_A3	L125/121.1	plate2	1	T	Synapsin-3	17	
P2_B3	L129/93.1	plate2	1	T	Neurabin-1/Ppp1r9a	18	
P2_C3	L71/5.5	plate2	1	T	Kv1.4 K+ channel	19	
P2_D3	L115/13.3	plate2	1	T	NPY	20	
P2_E3	62-3G1	plate2		F		21	Restricted clone
P2_F3	N408/79.9	plate2	1	T	Npas4	22	
P2_G3	K69/3.2	plate2	1	T	Nav1.2 Na+ channel	23	
P2_H3	L127/8.3	plate2	1	T	GAD65/67	24	
P2_A4	L122/68.1.3	plate2	1	T	Calretinin	25	
P2_B4	L129/96.1.1	plate2	1	T	Neurabin-1/Ppp1r9a	26	
P2_C4	N422/18.1	plate2	1	T	GluN2C/NR2C glutamate receptor	27	
P2_D4	L125/129.1	plate2	1	T	Pan-Synapsin	28	
P2_E4	1D8	plate2		F		29	Restricted clone
P2_F4	K88/64.1	plate2	1	T	Zinedin	30	
P2_G4	N219/5.1	plate2	1	T	RBM17/SPF45	31	
P2_H4	N43/6.1	plate2	1	T	Kv7.4/KCNQ4 K+ channel	32	
P2_A5	L122/144.9	plate2	1	T	Calretinin	33	
P2_B5	L128/43.1,2	plate2	1	T	Tmem119	34	
P2_C5	EA7.2	plate2		F		35	Restricted clone
P2_D5	L23/27.1	plate2	1	T	Kv1.3 K+ channel	36	
P2_E5	N449/73.1	plate2	1	T	VMAT2	37	
P2_F5	N258/5.1	plate2	1	T	Clcn3	38	
P2_G5	K65/35.1	plate2	1	T	SAP97	39	
P2_H5	L118/66.4	plate2	1	T	VGAT	40	
P2_A6	L106/93.1	plate2	1	T	Gephyrin	41	
P2_B6	K87A/10.2	plate2	1	T	Nav1.6 Na+ channel	42	
P2_C6	N367/51.1	plate2	1	T	Shank1 and Shank3	43	
P2_D6	L76/36.3	plate2	1	T	Kv1.2 K+ channel	44	
P2_E6	K40/17.1.1	plate2	1	T	Kvbeta1.1 K+ channel	45	
P2_F6	L94/54.4.1	plate2	1	T	MOG	46	
P2_G6	L121/25.1.3	plate2	1	T	nNOS/NOS1	47	
P2_H6	L118/80.2.2	plate2	1	T	VGAT	48	
P2_A7	L86A/37.1	plate2	1	T	AMIGO-1	49	
P2_B7	K60/73.1	plate2	1	T	KChIP2b K+ channel	50	
P2_C7	N367/62.1	plate2	1	T	Shank3	51	
P2_D7	L117/1.3	plate2	1	T	IRSp53/BAIAP2	52	
P2_E7	N86/44.1	plate2	1	T	GFP	53	
P2_F7	L102/45.1.5	plate2	1	T	SynDIG4	54	
P2_G7	L120/30.1	plate2	1	T	Collybistin	55	
P2_H7	N90/20.1	plate2	1	T	MGL	56	
P2_A8	N327/95.1	plate2	1	T	GluN2A/NR2A glutamate receptor	57	
P2_B8	L109/62.2	plate2	1	T	Calbindin	58	
P2_C8	L6/48.1	plate2	1	T	Slo1/BKAlpha maxi-K+ channel	59	
P2_D8	L83/11.5	plate2	1	T	Kv2.1 K+ channel	60	
P2_E8	N133/35.12.2	plate2	1	T	RGS14	61	
P2_F8	K47/42.1	plate2	1	T	Kvbeta1.2 K+ channel	62	
P2_G8	N228A/16.1	plate2	1	T	Lhx6.1	63	
P2_H8	N40B/18.1	plate2	1	T	BKbeta3a K+ channel	64	
P2_A9	N327A/38.1.1.1	plate2	1	T	GluN2A/NR2A glutamate receptor	65	
P2_B9	L113/130.5	plate2	1	T	Homer1	66	
P2_C9	K28/74.1	plate2	1	T	PSD-95	67	
P2_D9	N18/28.1.1	plate2	1	T	PSD-93/Chapsyn-110	68	
P2_E9	N422/76.1	plate2	2	T	GluN2C/NR2C glutamate receptor	69	
P2_F9	N479/12.1	plate2	1	T	VAPA	70	
P2_G9	L121/42.2	plate2	1	T	nNOS/NOS1	71	
P2_H9	N56/21.1	plate2	1	T	FGF14/FHF4	72	
P2_A10	L126/93.4	plate2	1	T	SAPAP3	73	
P2_B10	L113/27.4	plate2	1	T	Homer1	74	
P2_C10	N81/2.1	plate2	1	T	GABA(B)R2	75	
P2_D10	N59/36.1	plate2	1	T	GluN2B/NR2B glutamate receptor	76	
P2_E10	N106/20.4	plate2	1	T	Ankyrin-G	77	Added subclone #
P2_F10	N479/107.9	plate2	1	T	VAPA/B	78	
P2_G10	L119/106.10.2	plate2	1	T	NPY2R	79	
P2_H10	N86/8.3.5.1	plate2	1	T	GFP	80	
P2_A11	N440/21.1.1.1	plate2	1	T	VMAT1	81	
P2_B11	L109/39.2	plate2	1	T	Calbindin	82	
P2_C11	N106/36.1	plate2	1	T	Ankyrin-G	83	
P2_D11	N105/17.1	plate2	1	T	Ankyrin-B	84	
P2_E11	N408/62.6	plate2	1	T	Npas4	85	
P2_F11	L36/12.9	plate2	1	T	CNGA1 and CNGA3	86	
P2_G11	L127/12.2	plate2	1	T	GAD65/67	87	
P2_H11	negativecontrol1	plate2		F		88	
P2_A12	K78/29.4	plate2	1	T	SK2 K+ channel	89	
P2_B12	L86/33.1	plate2	1	T	AMIGO-1	90	
P2_C12	L106/22.3	plate2	1	T	Gephyrin	91	
P2_D12	N308/48.1	plate2	1	T	GluN1/NR1 glutamate receptor	92	
P2_E12	L18A/3.1	plate2	1	T	BKbeta4 K+ channel	93	
P2_F12	N479/22.3	plate2	1	T	VAPA	94	
P2_G12	L107/39.2	plate2	1	T	Neuroligin-2	95	
P2_H12	negativecontrol	plate2		F		96	
P28_A1	positivecontrol1_N29/29.1	plate28		F		97	
P28_B1	N405/35.1	plate28	2	T	Navbeta1 Na+ channel	98	
P28_C1	N414/25.1	plate28	3	T	NCKX4	99	
P28_D1	L6/67.1	plate28	2	T	Slo1/BKAlpha maxi-K+ channel	100	
P28_E1	N6/45.1	plate28	2	T	VAChT	101	
P28_F1	N459/74.1.1	plate28	2	T	SAPAP2	102	
P28_G1	N291A/30.1.1	plate28	2	T	TRIP8b (exon 1a-5)	103	
P28_H1	N440/13.1	plate28	2	T	VMAT1	104	
P28_A2	N396/88.4.3.3.1	plate28	2	T	Navbeta3 Na+ channel	105	
P28_B2	N405/17.1	plate28	2	T	Navbeta1 Na+ channel	106	
P28_C2	N414/50.1	plate28	2	T	NCKX4	107	
P28_D2	L6/2.1	plate28	2	T	Slo1/BKAlpha maxi-K+ channel	108	
P28_E2	K78/48.1	plate28	2	T	SK2 K+ channel	109	
P28_F2	N449/22.1	plate28	2	T	VMAT2	110	
P28_G2	L125/76.2	plate28	2	T	Synapsin-3	111	
P28_H2	N212/27.1	plate28	2	T	TRIP8b	112	
P28_A3	N405/55.7.1	plate28	2	T	Navbeta1 Na+ channel	113	
P28_B3	N405/62.1	plate28	2	T	Navbeta1 Na+ channel	114	
P28_C3	N408/88.4	plate28	2	T	Npas4	115	
P28_D3	L6/25.1	plate28	2	T	Slo1/BKAlpha maxi-K+ channel	116	
P28_E3	K64/23.1	plate28	2	T	SAP97	117	
P28_F3	N419/91.1	plate28	2	T	Pan-Nav1 Na+ channel	118	
P28_G3	N64A/13.1	plate28	2	T	TrpC7	119	
P28_H3	N238/9.1	plate28	2	T	SAPAP1	120	
P28_A4	N395/56.1	plate28	2	T	Navbeta2 Na+ channel	121	
P28_B4	N168/31.1	plate28	2	T	Navbeta4 Na+ channel	122	
P28_C4	N408/87.5	plate28	2	T	Npas4	123	
P28_D4	positivecontrol2	plate28		F		124	
P28_E4	K64/29.1	plate28	2	T	SAP97	125	
P28_F4	N419/30.1	plate28	2	T	Pan-Nav1 Na+ channel	126	
P28_G4	N64A/23.1	plate28	2	T	TrpC7	127	
P28_H4	L126/49.1	plate28	2	T	SAPAP3	128	
P28_A5	N396/17.1	plate28	2	T	Navbeta3 Na+ channel	129	
P28_B5	N168/2.1	plate28	2	T	Navbeta4 Na+ channel	130	
P28_C5	N126/13.2	plate28	2	T	Neuregulin-CRD (Type III)	131	
P28_D5	L6/43.2	plate28	2	T	Slo1/BKAlpha maxi-K+ channel	132	
P28_E5	K78/11.1	plate28	2	T	SK2 K+ channel	133	
P28_F5	L6/55.1	plate28	2	T	Slo1/BKAlpha maxi-K+ channel	134	
P28_G5	N121/21.1	plate28	2	T	Pannexin-2	135	
P28_H5	L126/56.2	plate28	2	T	SAPAP3	136	
P28_A6	N396/26.1	plate28	2	T	Navbeta3 Na+ channel	137	
P28_B6	N168/8.1	plate28	2	T	Navbeta4 Na+ channel	138	
P28_C6	N161/1.1	plate28	2	T	NKCC1	139	
P28_D6	L6/47.1	plate28	2	T	Slo1/BKAlpha maxi-K+ channel	140	
P28_E6	K78/23.1	plate28	2	T	SK2 K+ channel	141	
P28_F6	N440/12.1	plate28	2	T	VMAT1	142	
P28_G6	N121/25.3	plate28	2	T	Pannexin-2	143	
P28_H6	L126/97.2	plate28	2	T	SAPAP3	144	
P28_A7	N396/88.2	plate28	2	T	Navbeta3 Na+ channel	145	
P28_B7	N168/2.1.1	plate28	2	T	Navbeta4 Na+ channel	146	
P28_C7	N161/25.1	plate28	2	T	NKCC1	147	
P28_D7	L6/54.1	plate28	2	T	Slo1/BKAlpha maxi-K+ channel	148	
P28_E7	K78/37.1	plate28	2	T	SK2 K+ channel	149	
P28_F7	N440/62.2	plate28	2	T	VMAT1	150	
P28_G7	L125/18.1	plate28	2	T	Synapsin-3	151	
P28_H7	L126/113.3	plate28	2	T	SAPAP3	152	
P28_A8	N396/54.1	plate28	2	T	Navbeta3 Na+ channel	153	
P28_B8	N405/55.12.1	plate28	2	T	Navbeta1 Na+ channel	154	
P28_C8	N126B/17.2	plate28	2	T	Neuregulin-CRD (Type III)	155	
P28_D8	K64/21.1	plate28	2	T	SAP97	156	
P28_E8	K78/47.1	plate28	2	T	SK2 K+ channel	157	
P28_F8	N440/95.1	plate28	2	T	VMAT1	158	
P28_G8	L125/118.1	plate28	2	T	Synapsin-3	159	
P28_H8	N291B/64.1	plate28	2	T	TRIP8b (exon 1a-5)	160	
P28_A9	N395/56.1.1	plate28	2	T	Navbeta2 Na+ channel	161	
P28_B9	N396/88.4.3.1.1	plate28	2	T	Navbeta3 Na+ channel	162	
P28_C9	N126B/40.2	plate28	2	T	Neuregulin-CRD (Type III)	163	
P28_D9	L20/23.1	plate28	2	T	PICK1	164	
P28_E9	N445/52.1	plate28	2	T	TRAAK K+ channel	165	
P28_F9	N425/22.1	plate28	2	T	VAChT	166	
P28_G9	N121/3.1	plate28	2	T	Pannexin-2	167	
P28_H9	N291B/70.1	plate28	2	T	TRIP8b (exon 1a-5)	168	
P28_A10	N395/68.1	plate28	3	T	Navbeta2 Na+ channel	169	
P28_B10	L115/62.1	plate28	2	T	NPY	170	
P28_C10	N126B/42.2	plate28	2	T	Neuregulin-CRD (Type III)	171	
P28_D10	L20/26.2	plate28	2	T	PICK1	172	
P28_E10	N445/87.2	plate28	2	T	TRAAK K+ channel	173	
P28_F10	N425/21.1.1	plate28	2	T	VAChT	174	
P28_G10	N121/2.1	plate28	2	T	Pannexin-2	175	
P28_H10	N291B/51.1	plate28	2	T	TRIP8b (exon 1a-5)	176	
P28_A11	N396/88.4.3	plate28	2	T	Navbeta3 Na+ channel	177	
P28_B11	L115/123.1	plate28	2	T	NPY	178	
P28_C11	K25/59.1	plate28	2	T	Kvbeta K+ channel	179	
P28_D11	L20/41.1.1	plate28	2	T	PICK1	180	
P28_E11	N445/81.2	plate28	2	T	TRAAK K+ channel	181	
P28_F11	N440/61.1	plate28	2	T	VMAT1	182	
P28_G11	N121/1.2	plate28	2	T	Pannexin-2	183	
P28_H11	negativecontrol	plate28		F		184	
P28_A12	N405/55.1	plate28	2	T	Navbeta1 Na+ channel	185	
P28_B12	L115/125.1	plate28	2	T	NPY	186	
P28_C12	K40/17.1	plate28	3	T	Kvbeta1.1 K+ channel	187	
P28_D12	K64/35.1	plate28	2	T	SAP97	188	
P28_E12	L126/93.1	plate28	3	T	SAPAP3	189	
P28_F12	N291A/30.1	plate28	2	T	TRIP8b (exon 1a-5)	190	
P28_G12	N121A/40.1	plate28	2	T	Pannexin-2	191	
P28_H12	negativecontrol	plate28		F		192	
P29_A1	POSITIVECONTROL1_L42/17.1	plate29		F		193	
P29_B1	N19/17.2	plate29	2	T	SAP102	194	
P29_C1	N28/7.1	plate29	2	T	VGlut1	195	
P29_D1	N279/6.1	plate29	2	T	GluK5/Grik5/KA2 kainate receptor	196	
P29_E1	N270/46.1	plate29	2	T	Synaptotagmin-6	197	
P29_F1	N180/8.1	plate29	2	T	EAAC1	198	
P29_G1	N473/7.1	plate29	2	T	Cavbeta3 Ca2+ channel	199	
P29_H1	N59/53.1	plate29	2	T	GluN2B/NR2B glutamate receptor	200	
P29_A2	N192/20.1.1	plate29	2	T	Gs protein, alpha subunit	201	
P29_B2	N23/31.1	plate29	2	T	Shank2	202	
P29_C2	N28/19.1	plate29	2	T	VGlut1	203	
P29_D2	N277/1.5	plate29	2	T	Synaptotagmin-12	204	
P29_E2	N276A/44.1	plate29	2	T	Synaptotagmin-9	205	
P29_F2	N180/21.1	plate29	2	T	EAAC1	206	
P29_G2	N473/27.5	plate29	2	T	Cavbeta3 Ca2+ channel	207	
P29_H2	N238/24.1	plate29	2	T	SAPAP1	208	
P29_A3	K39/6.1	plate29	2	T	Kv2.1 K+ channel	209	
P29_B3	N23/4.1	plate29	2	T	Shank2	210	
P29_C3	N263/33.1.1	plate29	2	T	Cav1.2 Ca2+ channel	211	
P29_D3	N270/45.1	plate29	2	T	Synaptotagmin-6	212	
P29_E3	N69/28.1	plate29	2	T	Shank3	213	
P29_F3	N51/9.1	plate29	2	T	NGL-3/LRRC4B	214	
P29_G3	N415/66.1	plate29	2	T	GABA(A)R, Alpha5	215	
P29_H3	N238/25.3	plate29	2	T	SAPAP1	216	
P29_A4	N10/9.1	plate29	2	T	Cavbeta4 Ca2+ channel	217	
P29_B4	N23/7.1	plate29	2	T	Shank2	218	
P29_C4	N277/26.1	plate29	2	T	Synaptotagmin-12	219	
P29_D4	N192/22.3	plate29	2	T	Gs protein, alpha subunit	220	
P29_E4	N34/2.1	plate29	2	T	VGlut3	221	
P29_F4	N178A/23.1	plate29	2	T	Cav3.1 Ca2+ channel	222	
P29_G4	L100/1.1	plate29	2	T	Kv2.1 K+ channel	223	
P29_H4	N238/41.1	plate29	2	T	SAPAP1	224	
P29_A5	N10/13.1	plate29	2	T	Cavbeta4 Ca2+ channel	225	
P29_B5	N106/27.1	plate29	2	T	Ankyrin-G	226	
P29_C5	N269/51.1	plate29	2	T	Synaptotagmin-10	227	
P29_D5	positivecontrol2	plate29		F		228	
P29_E5	N34/40.1	plate29	2	T	VGlut3	229	
P29_F5	N229/27.1	plate29	2	T	GABA(A)R, Alpha6	230	
P29_G5	K56A/57.2	plate29	2	T	CASK	231	
P29_H5	N459/11.1	plate29	2	T	SAPAP2	232	
P29_A6	N10/17.1	plate29	2	T	Cavbeta4 Ca2+ channel	233	
P29_B6	N28/15.1	plate29	2	T	VGlut1	234	
P29_C6	N269/74.1	plate29	2	T	Synaptotagmin-10	235	
P29_D6	N277/15.2	plate29	2	T	Synaptotagmin-12	236	
P29_E6	N50/37.5	plate29	2	T	NGL-2/LRRC4	237	
P29_F6	N331/17.1	plate29	2	T	Dopamine D3 receptor	238	
P29_G6	L125/76.1	plate29	2	T	Synapsin-3	239	
P29_H6	N459/90.1	plate29	2	T	SAPAP2	240	
P29_A7	N106/44.1	plate29	2	T	Ankyrin-G	241	
P29_B7	N367/34.10	plate29	2	T	Shank3	242	
P29_C7	N269/76.1	plate29	2	T	Synaptotagmin-10	243	
P29_D7	N270/32.1	plate29	2	T	Synaptotagmin-6	244	
P29_E7	N55/19.1	plate29	2	T	Cav3.2 Ca2+ channel	245	
P29_F7	N335/10.1.1	plate29	2	T	Alpha-synuclein	246	
P29_G7	L125/115.1	plate29	2	T	Synapsin-3	247	
P29_H7	N459/91.1	plate29	2	T	SAPAP2	248	
P29_A8	N106/48.1	plate29	2	T	Ankyrin-G	249	
P29_B8	N367/40.5	plate29	2	T	Shank3	250	
P29_C8	N274/15.1	plate29	2	T	Synaptotagmin-5	251	
P29_D8	N274/30.3	plate29	2	T	Synaptotagmin-5	252	
P29_E8	N55/53.1	plate29	2	T	Cav3.2 Ca2+ channel	253	
P29_F8	N205/36.1	plate29	2	T	LRRTM4	254	
P29_G8	N459/13.1	plate29	2	T	SAPAP2	255	
P29_H8	N459/94.1	plate29	2	T	SAPAP2	256	
P29_A9	N106/56.1	plate29	2	T	Ankyrin-G	257	
P29_B9	N367/91.1	plate29	2	T	Shank3	258	
P29_C9	N275/11.1	plate29	2	T	Synaptotagmin-7	259	
P29_D9	N274/3.1	plate29	2	T	Synaptotagmin-5	260	
P29_E9	N93A/51.1	plate29	2	T	GABA(B)R1	261	
P29_F9	N258/7.2	plate29	2	T	Clcn3	262	
P29_G9	N459/29.1	plate29	2	T	SAPAP2	263	
P29_H9	N459/52.1	plate29	2	T	SAPAP2	264	
P29_A10	N7/8.1	plate29	2	T	Cavbeta1 Ca2+ channel	265	
P29_B10	N106/30.1	plate29	2	T	Ankyrin-G	266	
P29_C10	N275/34.1	plate29	2	T	Synaptotagmin-7	267	
P29_D10	N274/6.1	plate29	2	T	Synaptotagmin-5	268	
P29_E10	N192/24.1	plate29	2	T	Gs protein, alpha subunit	269	
P29_F10	N258/2.1	plate29	2	T	Clcn3	270	
P29_G10	N459/74.1	plate29	2	T	SAPAP2	271	
P29_H10	L105/31.2	plate29	2	T	Kv2.1 K+ channel	272	
P29_A11	N100/28.1	plate29	2	T	TARPGamma2/Stargazin	273	
P29_B11	N398A/2.1	plate29	2	T	GABA(A)R, Alpha4	274	
P29_C11	N277/40.1	plate29	2	T	Synaptotagmin-12	275	
P29_D11	N270/2.1	plate29	2	T	Synaptotagmin-6	276	
P29_E11	N93A/35.1	plate29	2	T	GABA(B)R1	277	
P29_F11	N473/77.1	plate29	2	T	Cavbeta3 Ca2+ channel	278	
P29_G11	N449/57.1	plate29	2	T	VMAT2	279	
P29_H11	negativecontrol1	plate29		F		280	
P29_A12	N19/15.1	plate29	2	T	SAP102	281	
P29_B12	N398A/19.3	plate29	2	T	GABA(A)R, Alpha4	282	
P29_C12	N277/44.1	plate29	2	T	Synaptotagmin-12	283	
P29_D12	N270/28.1	plate29	2	T	Synaptotagmin-6	284	
P29_E12	N171/33.3	plate29	2	T	INPP4b	285	
P29_F12	N473/85.1	plate29	2	T	Cavbeta3 Ca2+ channel	286	
P29_G12	N449/68.1	plate29	2	T	VMAT2	287	
P29_H12	negativecontrol	plate29		F		288	
P3_A1	positivecontrol1_N263/31.1	plate3		F		289	
P3_B1	K75/30.5	plate3	1	T	Kv4.3 K+ channel	290	
P3_C1	N397/19.1.1	plate3	1	T	Nav1.5 Na+ channel	291	
P3_D1	N447/24.8	plate3	1	T	Kv11.3 K+ channel	292	
P3_E1	N245/36.1	plate3	1	T	TARPGamma2/4/8	293	
P3_F1	N425/45.4	plate3	1	T	VAChT	294	
P3_G1	N1/12.1	plate3	1	T	KCC2	295	
P3_H1	N471/27.9	plate3	1	T	Kv1.7 K+ channel	296	
P3_A2	N469/28.6	plate3	1	T	TWIK-2 K+ channel	297	
P3_B2	N255/38.1	plate3	1	T	Nav1.4 Na+ channel	298	
P3_C2	N406/47.6.1	plate3	1	T	Clcn5	299	
P3_D2	N459/84.2	plate3	1	T	SAPAP2	300	
P3_E2	N323B/20.3.6	plate3	1	T	SUR2B	301	
P3_F2	N420/24.10.1	plate3	1	T	EAAC1	302	
P3_G2	N330A/51.1	plate3	1	T	Alpha-2C adrenergic receptor	303	
P3_H2	N476/9.2	plate3	1	T	ZIP3	304	
P3_A3	N385/24.2.4	plate3	1	T	Beta1-spectrin	305	
P3_B3	positivecontrol2	plate3		F		306	
P3_C3	N414/25.1.1	plate3	1	T	NCKX4	307	
P3_D3	N100/13.1	plate3	1	T	GST	308	
P3_E3	N424/48.1.2	plate3	1	T	Glycine receptor Alpha3	309	
P3_F3	N483/84.2	plate3	1	T	Rufy3/Singar	310	
P3_G3	N330A/80.1	plate3	1	T	Alpha-2C adrenergic receptor	311	
P3_H3	N474/27.1.1	plate3	1	T	Kv6.1 K+ channel	312	
P3_A4	N445/27.1	plate3	1	T	TRAAK K+ channel	313	
P3_B4	N483/126.2	plate3	1	T	Rufy3/Singar	314	
P3_C4	N419/40.1	plate3	1	T	Pan-Nav1 Na+ channel	315	
P3_D4	N140A/12.2	plate3	1	T	SALM5	316	
P3_E4	N112B/14.1	plate3	1	T	Kir2.1 K+ channel	317	
P3_F4	N459/94.3	plate3	2	T	SAPAP2	318	
P3_G4	N448/40.3	plate3	2	T	Kv8.2 K+ channel	319	
P3_H4	N460/19.10.1	plate3	1	T	Kv9.2 K+ channel	320	
P3_A5	N364/42.1	plate3	1	T	Bral1	321	
P3_B5	N105/13.1	plate3	1	T	Ankyrin-B	322	
P3_C5	N423/75.1	plate3	1	T	KChIP4 K+ channel	323	
P3_D5	N364/10.1	plate3	1	T	Bral1	324	
P3_E5	N120A/9.1	plate3	1	T	Neuregulin-HBD (Type I/II)	325	
P3_F5	N351/24.2	plate3	1	T	Versican	326	
P3_G5	N455/15.1	plate3	1	T	Kir3.3 K+ channel	327	
P3_H5	N458/10.4.1	plate3	1	T	Kv6.4 K+ channel	328	
P3_A6	N341/12.5	plate3	1	T	LRRK1	329	
P3_B6	N8B/1.1	plate3	1	T	Cavbeta2 Ca2+ channel	330	
P3_C6	N448/88.2.1	plate3	1	T	Kv8.2 K+ channel	331	
P3_D6	N424/45.1.1	plate3	1	T	Glycine receptor Alpha3	332	
P3_E6	N221/12.1	plate3	1	T	TrpV1	333	
P3_F6	N212A/34.1	plate3	1	T	TRIP8b (exon 1b)	334	
P3_G6	N385/21.1	plate3	1	T	Beta1-spectrin	335	
P3_H6	N490/24.3	plate3	1	T	TrpC6	336	
P3_A7	N375/67.1	plate3	1	T	Kv3.3 K+ channel	337	
P3_B7	N391/68.6	plate3	1	T	WNK1	338	
P3_C7	N98/47.1	plate3	1	T	Neuroligin-4*	339	
P3_D7	N170A/26.2	plate3	1	T	Neurexin-1-Beta	340	
P3_E7	N221/17.2	plate3	1	T	TrpV1	341	
P3_F7	N283/7.1	plate3	1	T	Lgi1	342	
P3_G7	N393/76.1	plate3	1	T	Beta4-spectrin	343	
P3_H7	N448/50.1	plate3	1	T	Kv8.2 K+ channel	344	
P3_A8	empty	plate3		F		345	Empty
P3_B8	N393/2.1	plate3	1	T	Beta4-spectrin	346	
P3_C8	N6/38.1.5	plate3	1	T	VAChT	347	
P3_D8	N192/12.1	plate3	1	T	Gs protein, alpha subunit	348	
P3_E8	N323A/31.1	plate3	1	T	SUR1 and SUR2B	349	
P3_F8	N286/74.4	plate3	1	T	Zebrafish PSD Marker	350	
P3_G8	N467/1.8	plate3	1	T	TRESK K+ channel	351	
P3_H8	N461/19.2	plate3	1	T	Kv9.1 K+ channel	352	
P3_A9	N372B/60.2	plate3	1	T	Kv2.2 K+ channel	353	
P3_B9	N363/71.1	plate3	1	T	Kir6.2 K+ channel	354	
P3_C9	N410/81.1	plate3	2	T	Kv3.2 K+ channel	355	
P3_D9	N165/43.1	plate3	1	T	Pan-PTPR	356	
P3_E9	N233/8.12	plate3	1	T	PEX6	357	
P3_F9	N468/37.1	plate3	1	T	THIK-2 K+ channel	358	
P3_G9	N470/22.1	plate3	1	T	TrpM6	359	
P3_H9	N483/26.2	plate3	1	T	Rufy3/Singar	360	
P3_A10	N374/48.2	plate3	1	T	TASK1 K+ channel	361	
P3_B10	N366/60.1	plate3	1	T	Kir6.1 K+ channel	362	
P3_C10	N410/17.5.1	plate3	1	T	Kv3.2 K+ channel	363	
P3_D10	N166A/26.1	plate3	1	T	OCRL/INPP5b	364	
P3_E10	N319A/14.1	plate3	1	T	SUR2A	365	
P3_F10	N238/30.2	plate3	1	T	SAPAP1	366	
P3_G10	N238/29.1	plate3	1	T	SAPAP1	367	
P3_H10	N144/14.2	plate3	1	T	6xHis	368	
P3_A11	N209C/35.3	plate3	1	T	GFAP	369	
P3_B11	N395/68.1.1	plate3	1	T	Navbeta2 Na+ channel	370	
P3_C11	N75/3.2	plate3	1	T	mGluR1/5 (Group I) glutamate receptor	371	
P3_D11	N405/74.1	plate3	1	T	Navbeta1 Na+ channel	372	
P3_E11	N276A/15.4	plate3	1	T	Synaptotagmin-9	373	
P3_F11	N472/88.1	plate3	1	T	MiRP4 K+ channel	374	
P3_G11	N473/36.3	plate3	1	T	Cavbeta3 Ca2+ channel	375	
P3_H11	negativecontrol1	plate3		F		376	
P3_A12	N372B/1.1	plate3	1	T	Kv2.2 K+ channel	377	
P3_B12	N396/29.1	plate3	1	T	Navbeta3 Na+ channel	378	
P3_C12	N75/33.1	plate3	1	T	mGluR1/5 (Group I) glutamate receptor	379	
P3_D12	N245/1.1	plate3	1	T	TARPGamma2/Stargazin	380	
P3_E12	N441/35.1	plate3	1	T	ADAM11	381	
P3_F12	N274/8.1	plate3	1	T	Synaptotagmin-5	382	
P3_G12	N343/26.1	plate3	1	T	NrCAM	383	
P3_H12	negativecontrol2	plate3		F		384	
P30_A1	positivecontrol1_N29/29.1	plate30		F		385	
P30_B1	N1/52.1	plate30	2	T	KCC2	386	
P30_C1	N474/2.1	plate30	2	T	Kv6.1 K+ channel	387	
P30_D1	N460/96.1	plate30	2	T	Kv9.2 K+ channel	388	
P30_E1	N206B/20.1.1	plate30	2	T	GFAP	389	
P30_F1	N112B/22.1	plate30	2	T	Kir2.1 K+ channel	390	
P30_G1	N222/40.1	plate30	2	T	Clcn4	391	
P30_H1	N466/53.3	plate30	2	T	TALK1 K+ channel	392	
P30_A2	K7/25.2	plate30	2	T	Kv1.5 K+ channel	393	
P30_B2	N1/55.1	plate30	2	T	KCC2	394	
P30_C2	N474/96.1	plate30	2	T	Kv6.1 K+ channel	395	
P30_D2	N209C/77.1	plate30	2	T	LRRTM2	396	
P30_E2	N458/42.2	plate30	2	T	Kv6.4 K+ channel	397	
P30_F2	N112B/7.1	plate30	2	T	Kir2.1 K+ channel	398	
P30_G2	N206A/26.1	plate30	2	T	GFAP	399	
P30_H2	N466/65.1	plate30	2	T	TALK1 K+ channel	400	
P30_A3	K7/45.3	plate30	2	T	Kv1.5 K+ channel	401	
P30_B3	N26/15.1	plate30	2	T	Kv7.2/KCNQ2 K+ channel	402	
P30_C3	N363/76.1	plate30	2	T	Kir6.2 K+ channel	403	
P30_D3	N209C/38.1	plate30	2	T	LRRTM2	404	
P30_E3	N458/2.1.1	plate30	2	T	Kv6.4 K+ channel	405	
P30_F3	N460/2.2	plate30	2	T	Kv9.2 K+ channel	406	
P30_G3	N222/9.1	plate30	2	T	Clcn4	407	
P30_H3	N466/85.1	plate30	2	T	TALK1 K+ channel	408	
P30_A4	K9/40.1	plate30	3	T	Kvbeta1.1 K+ channel	409	
P30_B4	N461/76.1	plate30	2	T	Kv9.1 K+ channel	410	
P30_C4	N363/95.6	plate30	2	T	Kir6.2 K+ channel	411	
P30_D4	N460/88.1.1	plate30	2	T	Kv9.2 K+ channel	412	
P30_E4	N37A/1.1	plate30	2	T	Kv7.1/KCNQ1 K+ channel	413	
P30_F4	N460/35.1	plate30	2	T	Kv9.2 K+ channel	414	
P30_G4	N209A/33.1.1	plate30	2	T	LRRTM2	415	
P30_H4	N465/22.1	plate30	2	T	Kir2.4 K+ channel	416	
P30_A5	K9/62.1	plate30	2	T	Kvbeta1.1 K+ channel	417	
P30_B5	N3/22.1	plate30	2	T	Slo2.2/Slack K+ channel	418	
P30_C5	N374/40.1	plate30	2	T	TASK1 K+ channel	419	
P30_D5	N471/61.1	plate30	2	T	Kv1.7 K+ channel	420	
P30_E5	N37A/17.1	plate30	2	T	Kv7.1/KCNQ1 K+ channel	421	
P30_F5	N414/57.1.1	plate30	2	T	NCKX4	422	
P30_G5	N222/16.1	plate30	2	T	Clcn4	423	
P30_H5	N467/56.1	plate30	2	T	TRESK K+ channel	424	
P30_A6	K9/66.1	plate30	2	T	Kvbeta1.1 K+ channel	425	
P30_B6	N1/33.1	plate30	2	T	KCC2	426	
P30_C6	N375/11.1	plate30	2	T	Kv3.3 K+ channel	427	
P30_D6	positivecontrol2	plate30		F		428	
P30_E6	N70/17.1	plate30	2	T	HCN1	429	
P30_F6	N458/79.1	plate30	2	T	Kv6.4 K+ channel	430	
P30_G6	N222/3.1	plate30	2	T	Clcn4	431	
P30_H6	N467/79.1	plate30	2	T	TRESK K+ channel	432	
P30_A7	K9/16.5	plate30	2	T	Kvbeta1.1 K+ channel	433	
P30_B7	N11/5.4	plate30	2	T	Slo2.1/Slick K+ channel	434	
P30_C7	N375/40.2	plate30	2	T	Kv3.3 K+ channel	435	
P30_D7	N268/5.1	plate30	2	T	TRPML3/Mucolipin-3	436	
P30_E7	N70/27.1	plate30	2	T	HCN1	437	
P30_F7	N126B/32.1	plate30	2	T	Neuregulin-CRD (Type III)	438	
P30_G7	N222/24.1	plate30	2	T	Clcn4	439	
P30_H7	N472/65.1	plate30	2	T	MiRP4 K+ channel	440	
P30_A8	K9/68.1	plate30	2	T	Kvbeta1.1 K+ channel	441	
P30_B8	N11/24.1	plate30	2	T	Slo2.1/Slick K+ channel	442	
P30_C8	N375/84.2	plate30	2	T	Kv3.3 K+ channel	443	
P30_D8	N268/41.1	plate30	2	T	TRPML3/Mucolipin-3	444	
P30_E8	N474/59.3	plate30	2	T	Kv6.1 K+ channel	445	
P30_F8	N206/25.1	plate30	2	T	GFAP	446	
P30_G8	N245/3.1	plate30	2	T	TARPGamma2/Stargazin	447	
P30_H8	N465/94.6.1	plate30	2	T	Kir2.4 K+ channel	448	
P30_A9	K9/80.1	plate30	2	T	Kvbeta1.1 K+ channel	449	
P30_B9	N26/1.1	plate30	2	T	Kv7.2/KCNQ2 K+ channel	450	
P30_C9	N374/25.1	plate30	2	T	TASK1 K+ channel	451	
P30_D9	N474/64.1	plate30	2	T	Kv6.1 K+ channel	452	
P30_E9	N474/73.2	plate30	2	T	Kv6.1 K+ channel	453	
P30_F9	N206/15.1	plate30	2	T	GFAP	454	
P30_G9	N222/21.1	plate30	2	T	Clcn4	455	
P30_H9	N468/39.1	plate30	2	T	THIK-2 K+ channel	456	
P30_A10	K19/5.1	plate30	2	T	Kv1.6 K+ channel	457	
P30_B10	N16B/19.1	plate30	2	T	Kv3.1b K+ channel	458	
P30_C10	N374/47.1	plate30	2	T	TASK1 K+ channel	459	
P30_D10	N268/33.1	plate30	2	T	TRPML3/Mucolipin-3	460	
P30_E10	N121/32.1.2	plate30	2	T	Pannexin-2	461	
P30_F10	N126B/36.1	plate30	2	T	Neuregulin-CRD (Type III)	462	
P30_G10	N245/21.1	plate30	2	T	TARPGamma2/Stargazin	463	
P30_H10	N468/56.1	plate30	2	T	THIK-2 K+ channel	464	
P30_A11	K19/13.2	plate30	2	T	Kv1.6 K+ channel	465	
P30_B11	N16B/28.1	plate30	2	T	Kv3.1b K+ channel	466	
P30_C11	N374/38.1	plate30	2	T	TASK1 K+ channel	467	
P30_D11	N209B/31.1	plate30	2	T	LRRTM2	468	
P30_E11	N121A/15.1	plate30	2	T	Pannexin-2	469	
P30_F11	N24/1.1	plate30	2	T	Kir2.2 K+ channel	470	
P30_G11	N245/47.1	plate30	2	T	TARPGamma2/Stargazin	471	
P30_H11	negativecontrol	plate30		F		472	
P30_A12	N1/49.1	plate30	2	T	KCC2	473	
P30_B12	N26/10.1	plate30	2	T	Kv7.2/KCNQ2 K+ channel	474	
P30_C12	N375/92.1	plate30	2	T	Kv3.3 K+ channel	475	
P30_D12	N363/58.1	plate30	2	T	Kir6.2 K+ channel	476	
P30_E12	N124B/23.1	plate30	2	T	Kir2.2 K+ channel	477	
P30_F12	N222/38.1	plate30	2	T	Clcn4	478	
P30_G12	N465/35.1	plate30	2	T	Kir2.4 K+ channel	479	
P30_H12	negativecontrol	plate30		F		480	
P31_A1	positivecontrol1_N29/29.1	plate31		F		481	
P31_B1	N430/26.1	plate31	2	T	Beta-2 adrenergic receptor	482	
P31_C1	L68/1.1	plate31	2	T	Kv2.1 K+ channel	483	
P31_D1	L61C/7.1	plate31	2	T	Kv2.1 K+ channel	484	
P31_E1	N44A/52.1	plate31	2	T	TASK3 K+ channel	485	
P31_F1	N115/14.1	plate31	2	T	GABA(A)R, Alpha2	486	
P31_G1	N157/9.1.1	plate31	2	T	EAAC1	487	
P31_H1	N291B/74.1	plate31	2	T	TRIP8b (exon 1a-5)	488	
P31_A2	L61/14.1	plate31	2	T	Kv2.1 K+ channel	489	
P31_B2	N233/38.1	plate31	2	T	PEX6	490	
P31_C2	L68/2.1	plate31	2	T	Kv2.1 K+ channel	491	
P31_D2	L61C/30.1	plate31	2	T	Kv2.1 K+ channel	492	
P31_E2	N44A/71.1	plate31	2	T	TASK3 K+ channel	493	
P31_F2	N132/14.1	plate31	2	T	Navbeta1 Na+ channel	494	
P31_G2	N47/2.1.1	plate31	2	T	Lgi1	495	
P31_H2	N427/45.1	plate31	2	T	GluN3A/NR3A glutamate receptor	496	
P31_A3	K14/39.1	plate31	2	T	Kv1.2 K+ channel	497	
P31_B3	N439/46.1	plate31	2	T	SK1 K+ channel	498	
P31_C3	L70A/1.2	plate31	2	T	Kv2.1 K+ channel	499	
P31_D3	N45/4.1	plate31	2	T	Nav1.3 Na+ channel	500	
P31_E3	N74/11.1	plate31	2	T	TrpM7	501	
P31_F3	L102A/33.1	plate31	2	T	SynDIG4	502	
P31_G3	L105/3.2	plate31	2	T	Kv2.1 K+ channel	503	
P31_H3	N291B/94.1	plate31	2	T	TRIP8b (exon 1a-5)	504	
P31_A4	L58A/1.1	plate31	2	T	Kv2.1 K+ channel	505	
P31_B4	N439/52.1	plate31	2	T	SK1 K+ channel	506	
P31_C4	L68/4.1	plate31	2	T	Kv2.1 K+ channel	507	
P31_D4	N45/9.1	plate31	2	T	Nav1.3 Na+ channel	508	
P31_E4	N74/16.1	plate31	2	T	TrpM7	509	
P31_F4	N132A/1.1	plate31	2	T	Navbeta1 Na+ channel	510	
P31_G4	L105/92.2	plate31	2	T	Kv2.1 K+ channel	511	
P31_H4	N427/64.1	plate31	2	T	GluN3A/NR3A glutamate receptor	512	
P31_A5	L58A/13.1	plate31	2	T	Kv2.1 K+ channel	513	
P31_B5	N439/39.1	plate31	2	T	SK1 K+ channel	514	
P31_C5	N439/72.1	plate31	2	T	SK1 K+ channel	515	
P31_D5	N42/32.1	plate31	2	T	BKbeta4 K+ channel	516	
P31_E5	N78/6.1	plate31	2	T	MiRP2 K+ channel	517	
P31_F5	N132/15.1	plate31	2	T	Navbeta1 Na+ channel	518	
P31_G5	N427/3.1	plate31	2	T	GluN3A/NR3A glutamate receptor	519	
P31_H5	N480/33.1	plate31	2	T	GABA(A)R, Delta	520	
P31_A6	L58A/18.1	plate31	2	T	Kv2.1 K+ channel	521	
P31_B6	L105/28.1	plate31	2	T	Kv2.1 K+ channel	522	
P31_C6	N291A/43.1	plate31	2	T	TRIP8b (exon 1a-5)	523	
P31_D6	N42/37.2	plate31	2	T	BKbeta4 K+ channel	524	
P31_E6	N78/28.1	plate31	2	T	MiRP2 K+ channel	525	
P31_F6	N132A/20.1	plate31	2	T	Navbeta1 Na+ channel	526	
P31_G6	N232/21.1	plate31	2	T	PEX7	527	
P31_H6	N480/51.1	plate31	2	T	GABA(A)R, Delta	528	
P31_A7	L58A/6.1	plate31	2	T	Kv2.1 K+ channel	529	
P31_B7	N417/90.1	plate31	2	T	Cav2.2 Ca2+ channel	530	
P31_C7	N48A/9.1	plate31	2	T	TASK1 K+ channel	531	
P31_D7	positivecontrol2	plate31		F		532	
P31_E7	N78/31.1	plate31	2	T	MiRP2 K+ channel	533	
P31_F7	N232/18.1	plate31	2	T	PEX7	534	
P31_G7	N232/5.1	plate31	2	T	PEX7	535	
P31_H7	N480/90.3	plate31	2	T	GABA(A)R, Delta	536	
P31_A8	N15/27.1	plate31	2	T	TrpV3	537	
P31_B8	N282A/16.1	plate31	2	T	GABA(A)R, Alpha5	538	
P31_C8	N9C/18.1	plate31	2	T	Cavbeta3 Ca2+ channel	539	
P31_D8	L76/49.5	plate31	2	T	Kv1.2 K+ channel	540	
P31_E8	N45B/43.1	plate31	2	T	Nav1.3 Na+ channel	541	
P31_F8	N132A/15.1	plate31	2	T	Navbeta1 Na+ channel	542	
P31_G8	N338/28.2	plate31	2	T	Alpha-2A adrenergic receptor	543	
P31_H8	L100/30.1	plate31	2	T	Kv2.1 K+ channel	544	
P31_A9	N430/30.1	plate31	2	T	Beta-2 adrenergic receptor	545	
P31_B9	N282A/13.1	plate31	2	T	GABA(A)R, Alpha5	546	
P31_C9	N9C/24.1	plate31	2	T	Cavbeta3 Ca2+ channel	547	
P31_D9	L76/53.1	plate31	2	T	Kv1.2 K+ channel	548	
P31_E9	N45B/45.1	plate31	2	T	Nav1.3 Na+ channel	549	
P31_F9	N132/20.1	plate31	2	T	Navbeta1 Na+ channel	550	
P31_G9	N417/9.1	plate31	2	T	Cav2.2 Ca2+ channel	551	
P31_H9	L100/75.1	plate31	2	T	Kv2.1 K+ channel	552	
P31_A10	N352/68.1	plate31	2	T	Lgi4	553	
P31_B10	N282A/26.1	plate31	2	T	GABA(A)R, Alpha5	554	
P31_C10	N433/3.1	plate31	2	T	TrpA1	555	
P31_D10	L76/36.2	plate31	2	T	Kv1.2 K+ channel	556	
P31_E10	N45B/46.1	plate31	2	T	Nav1.3 Na+ channel	557	
P31_F10	N47/21.1	plate31	2	T	Lgi1	558	
P31_G10	N417/72.1	plate31	2	T	Cav2.2 Ca2+ channel	559	
P31_H10	N484/67.1	plate31	2	T	VAPB	560	
P31_A11	N430/6.1	plate31	2	T	Beta-2 adrenergic receptor	561	
P31_B11	N291/4.1	plate31	2	T	TRIP8b (exon 1a-5)	562	
P31_C11	N433/73.1	plate31	2	T	TrpA1	563	
P31_D11	L76/72.1	plate31	2	T	Kv1.2 K+ channel	564	
P31_E11	N102/38.1	plate31	2	T	GABA(A)R, Alpha3	565	
P31_F11	N47/29.1	plate31	2	T	Lgi1	566	
P31_G11	N338/22.4	plate31	2	T	Alpha-2A adrenergic receptor	567	
P31_H11	negativecontrol1	plate31		F		568	
P31_A12	N430/20.1	plate31	2	T	Beta-2 adrenergic receptor	569	
P31_B12	N298/14.1	plate31	2	T	GluK1/GluR5 kainate receptor	570	
P31_C12	L61C/25.1	plate31	2	T	Kv2.1 K+ channel	571	
P31_D12	L76/89.1	plate31	2	T	Kv1.2 K+ channel	572	
P31_E12	N102/27.4	plate31	2	T	GABA(A)R, Alpha3	573	
P31_F12	N157/10.1	plate31	2	T	EAAC1	574	
P31_G12	N291B/72.1	plate31	2	T	TRIP8b (exon 1a-5)	575	
P31_H12	negativecontrol2	plate31		F		576	
P45_A1	positivecontrol1_N222/6.2.9	plate45		F		577	
P45_B1	L118/15	plate45	4	T	VGAT	578	
P45_C1	L118/28	plate45	4	T	VGAT	579	
P45_D1	L118/44	plate45	4	T	VGAT	580	
P45_E1	L118/59	plate45	4	T	VGAT	581	
P45_F1	L118/72	plate45	4	T	VGAT	582	
P45_G1	L118/89	plate45	4	T	VGAT	583	
P45_H1	L118/102	plate45	4	T	VGAT	584	
P45_A2	L118/2	plate45	4	T	VGAT	585	
P45_B2	L118/17	plate45	4	T	VGAT	586	
P45_C2	L118/29	plate45	4	T	VGAT	587	
P45_D2	L118/46	plate45	4	T	VGAT	588	
P45_E2	L118/60	plate45	4	T	VGAT	589	
P45_F2	L118/73	plate45	4	T	VGAT	590	
P45_G2	L118/90	plate45	4	T	VGAT	591	
P45_H2	L118/104	plate45	4	T	VGAT	592	
P45_A3	L118/3	plate45	4	T	VGAT	593	
P45_B3	L118/18	plate45	4	T	VGAT	594	
P45_C3	L118/30	plate45	4	T	VGAT	595	
P45_D3	L118/47	plate45	4	T	VGAT	596	
P45_E3	L118/61	plate45	4	T	VGAT	597	
P45_F3	L118/74	plate45	4	T	VGAT	598	
P45_G3	L118/91	plate45	4	T	VGAT	599	
P45_H3	L118/105	plate45	4	T	VGAT	600	
P45_A4	L118/4	plate45	4	T	VGAT	601	
P45_B4	L118/19	plate45	4	T	VGAT	602	
P45_C4	L118/31	plate45	4	T	VGAT	603	
P45_D4	L118/48	plate45	4	T	VGAT	604	
P45_E4	L118/62	plate45	4	T	VGAT	605	
P45_F4	L118/76	plate45	4	T	VGAT	606	
P45_G4	L118/92	plate45	4	T	VGAT	607	
P45_H4	L118/106	plate45	4	T	VGAT	608	
P45_A5	L118/5	plate45	4	T	VGAT	609	
P45_B5	L118/20	plate45	4	T	VGAT	610	
P45_C5	L118/32	plate45	4	T	VGAT	611	
P45_D5	L118/49	plate45	4	T	VGAT	612	
P45_E5	L118/63	plate45	4	T	VGAT	613	
P45_F5	L118/77	plate45	4	T	VGAT	614	
P45_G5	L118/93	plate45	4	T	VGAT	615	
P45_H5	L118/108	plate45	4	T	VGAT	616	
P45_A6	L118/6	plate45	4	T	VGAT	617	
P45_B6	L118/21	plate45	4	T	VGAT	618	
P45_C6	L118/33	plate45	4	T	VGAT	619	
P45_D6	L118/50	plate45	4	T	VGAT	620	
P45_E6	L118/64	plate45	4	T	VGAT	621	
P45_F6	L118/78	plate45	4	T	VGAT	622	
P45_G6	L118/94	plate45	4	T	VGAT	623	
P45_H6	L118/109	plate45	4	T	VGAT	624	
P45_A7	L118/7	plate45	4	T	VGAT	625	
P45_B7	L118/22	plate45	4	T	VGAT	626	
P45_C7	L118/34	plate45	4	T	VGAT	627	
P45_D7	L118/51	plate45	4	T	VGAT	628	
P45_E7	L118/67	plate45	4	T	VGAT	629	
P45_F7	L118/79	plate45	4	T	VGAT	630	
P45_G7	L118/95	plate45	4	T	VGAT	631	
P45_H7	L118/110	plate45	4	T	VGAT	632	
P45_A8	L118/8	plate45	4	T	VGAT	633	
P45_B8	L118/23	plate45	4	T	VGAT	634	
P45_C8	L118/37	plate45	4	T	VGAT	635	
P45_D8	L118/53	plate45	4	T	VGAT	636	
P45_E8	L118/68	plate45	4	T	VGAT	637	
P45_F8	L118/81	plate45	4	T	VGAT	638	
P45_G8	L118/96	plate45	4	T	VGAT	639	
P45_H8	L118/111	plate45	4	T	VGAT	640	
P45_A9	L118/9	plate45	4	T	VGAT	641	
P45_B9	L118/24	plate45	4	T	VGAT	642	
P45_C9	L118/38	plate45	4	T	VGAT	643	
P45_D9	L118/54	plate45	4	T	VGAT	644	
P45_E9	positivecontrol2	plate45		F		645	
P45_F9	L118/82	plate45	4	T	VGAT	646	
P45_G9	L118/97	plate45	4	T	VGAT	647	
P45_H9	L118/112	plate45	4	T	VGAT	648	
P45_A10	L118/11	plate45	4	T	VGAT	649	
P45_B10	L118/25	plate45	4	T	VGAT	650	
P45_C10	L118/39	plate45	4	T	VGAT	651	
P45_D10	L118/55	plate45	4	T	VGAT	652	
P45_E10	L118/69	plate45	4	T	VGAT	653	
P45_F10	L118/84	plate45	4	T	VGAT	654	
P45_G10	L118/98	plate45	4	T	VGAT	655	
P45_H10	L118/113	plate45	4	T	VGAT	656	
P45_A11	L118/12	plate45	4	T	VGAT	657	
P45_B11	L118/26	plate45	4	T	VGAT	658	
P45_C11	L118/41	plate45	4	T	VGAT	659	
P45_D11	L118/56	plate45	4	T	VGAT	660	
P45_E11	L118/70	plate45	4	T	VGAT	661	
P45_F11	L118/86	plate45	4	T	VGAT	662	
P45_G11	L118/99	plate45	4	T	VGAT	663	
P45_H11	negativecontrol1	plate45		F		664	
P45_A12	L118/13	plate45	4	T	VGAT	665	
P45_B12	L118/27	plate45	4	T	VGAT	666	
P45_C12	L118/43	plate45	4	T	VGAT	667	
P45_D12	L118/57	plate45	4	T	VGAT	668	
P45_E12	L118/71	plate45	4	T	VGAT	669	
P45_F12	L118/88	plate45	4	T	VGAT	670	
P45_G12	L118/100	plate45	4	T	VGAT	671	
P45_H12	negativecontrol1	plate45		F		672	
01-SMARTindex	K91/36.2	RandD_samples	1	T	WAVE1/SCAR	673	
02-SMARTindex	L20/8.2	RandD_samples	1	T	PICK1	674	
03-SMARTindex	L28/4.1	RandD_samples	1	T	Kv4.2 K+ channel	675	
04-SMARTindex	L43/40.1	RandD_samples	1	T	DLX1	676	
05-SMARTindex	L111/118.3	RandD_samples	1	T	SST	677	
06-SMARTindex	L114/3.3	RandD_samples	1	T	Parvalbumin	678	
07-SMARTindex	L114/81.7.1	RandD_samples	1	T	Parvalbumin	679	
08-SMARTindex	L122/6.2	RandD_samples	1	T	Calretinin	680	
09-SMARTindex	N28/9.1	RandD_samples	1	T	VGlut1	681	
10-SMARTindex	N263/31.1	RandD_samples	1	T	Cav1.2 Ca2+ channel	682	
11-SMARTindex	N486/32.1	RandD_samples	1	T	cFos	683	
12-SMARTindex	N149/25.1	RandD_samples	1	T	Olig1	684	
13-SMARTindex	N15/4.1	RandD_samples	1	T	TrpV3	685	
14-SMARTindex	N15/39.1	RandD_samples	1	T	TrpV3	686	
15-SMARTindex	N148/30.1.1	RandD_samples	1	T	Gamma-protocadherin-B2	687	
16-SMARTindex	N67/15.1	RandD_samples	1	T	TrpC5	688	
17-SMARTindex	N173B/13.1	RandD_samples	1	T	Tafazzin	689	
18-SMARTindex	N271/44.1	RandD_samples	1	T	ASIC1	690	
19-SMARTindex	K75/41.1	RandD_samples	1	T	Kv4.3 K+ channel	691	
20-SMARTindex	N106/65.1	RandD_samples	1	T	Ankyrin-G	692	
21-SMARTindex	K14/16.2	RandD_samples	1	T	Kv1.2 K+ channel	693	
22-SMARTindex	N144/32.1	RandD_samples	1	T	Gamma-protocadherin-A3	694	
23-SMARTindex	N147/6.1	RandD_samples	1	T	Pan-QKI	695	
24-SMARTindex	N117/9.5	RandD_samples	1	T	DNMT3L	696	Added subclone #
25-SMARTindex	N143/38.2	RandD_samples	1	T	CDY1	697	
26-SMARTindex	N143/36.11	RandD_samples	1	T	CDY1	698	
27-SMARTindex	N144/17.2	RandD_samples	1	T	Gamma-protocadherin-A3	699	
K28-43	K28/43.2	RandD_samples	1	T	PSD-95	700	
K39-25	K39/25.3	RandD_samples	1	T	Kv2.1 K+ channel	701	
K58-35	K58/35.4	RandD_samples	1	T	Pan-Nav1 Na+ channel	702	
L109-57	L109/57.1	RandD_samples	1	T	Calbindin	703	
SP2-0	SP2/0	RandD_samples		F		704	Control